"","Transect","Species","Elev","Tree","Tag","2013","2012","2011","2010","2009","2008","2007","2006","2005","2004","2003","2002","2001","2000","1999","1998","1997","1996","1995","1994","1993","1992","1991","1990","1989","1988","1987","1986","1985","1984","1983","1982","1981","1980","1979","1978","1977","1976","1975","1974","1973","1972","1971","1970","1969","1968","1967","1966","1965","1964","1963","1962","1961","1960","1959","1958","1957","1956","1955","1954","1953","1952","1951","1950","1949","1948","1947","1946","1945","1944","1943","1942","1941","1940","1939","1938","1937","1936","1935","1934","1933","1932","1931","1930","1929","1928","1927","1926","1925","1924","1923","1922","1921","1920","1919","1918","1917","1916","1915","1914","1913","1912","1911","1910","1909","1908","1907","1906","1905","1904","1903"
"41","WA","ABLA","H","10C","ABLA-H-10C",0.9605,1.121,1.0905,0.7265,0.862,1.1105,1.036,1.186,1.1735,1.1515,0.994,0.94,0.75,0.4635,0.317,0.412,0.4445,0.582,0.5395,0.6455,0.5905,0.498,0.4335,0.7075,0.579,0.6635,0.6535,0.537,0.6845,0.717,0.558,0.6205,0.8715,0.722,0.658,0.6085,0.5885,0.685,0.557,0.6295,0.546,0.4725,0.5145,0.483,0.4935,0.4285,0.7635,0.742,0.7625,0.7985,0.863,0.6415,0.733,0.8805,0.7335,0.953,0.8515,0.6725,1.0095,0.7975,0.6785,0.761,0.771,0.707,0.722,0.829,0.6955,0.716,0.9145,0.9265,0.854,1.017,1.0065,0.8505,1.0505,0.9935,0.8905,1.0975,1.242,1.1135,1.202,1.24,1.2965,1.37,1.2965,1.4185,1.409,1.5985,1.304,1.3195,1.459,1.421,1.354,1.6645,1.691,1.5795,1.4915,1.4485,1.88,1.882,1.6035,1.523,1.7145,1.955,1.97,2.1535,2.4835,1.999,1.934,1.8535,1.7515
"42","WA","ABLA","H","10N","ABLA-H-10N",0.5925,0.8775,0.656,0.5725,0.76,0.9025,0.843,1.05,0.7965,0.8525,0.651,0.745,0.6075,0.607,0.6805,0.627,0.5755,0.6905,0.6905,0.6585,0.5935,0.6135,0.4475,0.669,0.5125,0.5655,0.5635,0.479,0.53,0.4995,0.251,0.1985,0.2715,0.271,0.27,0.2525,0.2805,0.2575,0.3125,0.3245,0.4115,0.35,0.333,0.395,0.364,0.3865,0.523,0.438,0.548,0.407,0.5105,0.304,0.3065,0.322,0.236,0.3075,0.207,0.3485,0.433,0.284,0.2435,0.309,0.294,0.345,0.559,0.7315,0.7535,0.66,0.7725,0.8495,0.78,0.7595,0.6535,0.6635,0.621,0.569,0.5785,0.494,0.747,0.578,0.8075,0.8835,0.843,0.9375,0.895,1.066,1.0025,0.916,1.05,1.249,1.2165,1.2935,1.3455,1.2605,1.323,1.324,1.5785,1.507,1.7155,2.0525,1.6835,1.7015,1.8755,1.8695,1.552,1.514,2.0355,1.6535,1.685,2.2895,1.8205
"43","WA","ABLA","H","1C","ABLA-H-1C",2.0555,2.189,2.2515,1.411,1.866,2.029,2.4785,2.1875,2.092,2.3325,1.928,2.194,3.167,3.1985,2.176,2.5295,2.5775,2.484,3.0745,2.906,3.3045,3.216,3.082,3.196,3.1265,2.999,3.682,3.6205,2.7005,3.3315,3.822,1.873,2.968,3.055,2.838,2.737,3.1045,2.838,2.678,2.781,3.1475,2.1535,2.1745,2.3845,3.1365,2.8415,4.52,0.7975,NA,NA,NA,NA,NA,NA,NA,NA,NA,NA,NA,NA,NA,NA,NA,NA,NA,NA,NA,NA,NA,NA,NA,NA,NA,NA,NA,NA,NA,NA,NA,NA,NA,NA,NA,NA,NA,NA,NA,NA,NA,NA,NA,NA,NA,NA,NA,NA,NA,NA,NA,NA,NA,NA,NA,NA,NA,NA,NA,NA,NA,NA,NA
"44","WA","ABLA","H","1N","ABLA-H-1N",3.602,4.2745,4.099,2.8365,2.976,3.051,3.271,2.784,3.059,2.2875,2.348,3.5415,4.2485,3.5145,1.376,4.633,3.7195,2.882,4.773,4.0415,5.1935,4.5465,4.394,3.8295,4.0175,3.616,3.773,4.7525,3.855,3.766,3.974,3.218,4.145,3.959,5.189,2.111,NA,NA,NA,NA,NA,NA,NA,NA,NA,NA,NA,NA,NA,NA,NA,NA,NA,NA,NA,NA,NA,NA,NA,NA,NA,NA,NA,NA,NA,NA,NA,NA,NA,NA,NA,NA,NA,NA,NA,NA,NA,NA,NA,NA,NA,NA,NA,NA,NA,NA,NA,NA,NA,NA,NA,NA,NA,NA,NA,NA,NA,NA,NA,NA,NA,NA,NA,NA,NA,NA,NA,NA,NA,NA,NA
"45","WA","ABLA","H","2C","ABLA-H-2C",1.193,1.5125,1.16,1.0735,0.984,1.402,1.215,1.666,1.423,1.3345,1.3835,1.934,2.124,2.325,1.1305,1.532,1.1405,1.9155,2.1135,2.262,2.1775,2.227,1.745,2.4615,1.291,1.525,1.4845,1.407,2.248,2.459,2.093,1.9365,3.168,2.61,2.416,2.4195,2.7485,2.3055,2.1585,1.9115,2.3795,2.5705,2.291,2.5005,2.28,1.972,2.5495,2.962,2.852,2.62,3.103,2.658,3.232,2.592,0.993,2.845,2.612,NA,NA,NA,NA,NA,NA,NA,NA,NA,NA,NA,NA,NA,NA,NA,NA,NA,NA,NA,NA,NA,NA,NA,NA,NA,NA,NA,NA,NA,NA,NA,NA,NA,NA,NA,NA,NA,NA,NA,NA,NA,NA,NA,NA,NA,NA,NA,NA,NA,NA,NA,NA,NA,NA
"46","WA","ABLA","H","2N","ABLA-H-2N",0.6805,0.9155,0.9905,0.87,1.032,1.099,0.9735,0.994,0.96,0.976,0.7485,0.948,1.074,0.98,0.571,0.5485,0.583,0.733,1.03,0.888,0.7985,0.6345,0.6125,0.876,0.7975,0.819,0.8755,0.856,1.0225,0.8505,0.7275,0.8225,0.9815,0.9605,1.0735,1.0225,1.15,1.3625,1.3635,1.596,1.5765,1.426,1.369,1.35,1.3495,1.1595,2.1665,1.928,2.0685,2.0245,2.824,2.0215,2.2825,1.999,1.1055,1.7445,1.5515,1.6135,1.77,1.746,1.8815,2.157,2.1605,2.167,2.1005,2.4815,2.1775,1.924,2.2395,2.3025,2.5125,3.0745,2.9335,2.91,2.8585,2.588,2.595,2.9765,2.4185,2.265,1.539,1.9205,2.0855,2.1735,2.418,2.897,2.2475,2.562,2.5135,3.0175,2.669,2.1995,1.538,2.129,2.4645,2.3275,2.459,1.6415,2.451,1.8275,1.701,2.6775,1.689,2.063,2.887,1.88,1.88,NA,NA,NA,NA
"47","WA","ABLA","H","3C","ABLA-H-3C",1.83,1.5025,1.522,1.472,1.4945,1.7715,1.6075,1.409,1.6305,1.713,1.4445,2.071,2.5285,3.051,1.833,2.4995,1.8355,1.7655,1.249,1.6925,2.68,2.9935,3.027,3.5045,3.1995,2.7945,3.657,3.117,3.204,3.966,4.0365,2.2155,3.7015,3.181,2.9545,2.4585,2.5475,2.443,3.0675,2.085,3.1255,3.191,2.055,3.502,6.5865,3.142,3.9045,5.63,3.313,4.482,3.804,0.582,NA,NA,NA,NA,NA,NA,NA,NA,NA,NA,NA,NA,NA,NA,NA,NA,NA,NA,NA,NA,NA,NA,NA,NA,NA,NA,NA,NA,NA,NA,NA,NA,NA,NA,NA,NA,NA,NA,NA,NA,NA,NA,NA,NA,NA,NA,NA,NA,NA,NA,NA,NA,NA,NA,NA,NA,NA,NA,NA
"48","WA","ABLA","H","3N","ABLA-H-3N",1.6855,2.4405,2.2935,1.7215,1.668,2.782,2.521,2.7455,2.211,2.166,2.369,4.286,4.8255,4.2565,1.6695,3.354,2.4245,3.8355,3.8965,3.374,3.2895,4.5495,4.453,4.6465,4.0935,3.427,4.245,3.707,3.974,4.63,4.329,3.15,3.263,4.017,3.6505,3.4535,3.876,5.625,4.829,3.397,4.91,NA,NA,NA,NA,NA,NA,NA,NA,NA,NA,NA,NA,NA,NA,NA,NA,NA,NA,NA,NA,NA,NA,NA,NA,NA,NA,NA,NA,NA,NA,NA,NA,NA,NA,NA,NA,NA,NA,NA,NA,NA,NA,NA,NA,NA,NA,NA,NA,NA,NA,NA,NA,NA,NA,NA,NA,NA,NA,NA,NA,NA,NA,NA,NA,NA,NA,NA,NA,NA,NA
"49","WA","ABLA","H","4C","ABLA-H-4C",0.3465,0.336,0.303,0.189,0.347,0.4615,0.315,0.4405,0.3245,0.378,0.47,0.6395,0.5355,0.4405,0.398,0.524,0.429,0.512,0.606,0.571,0.5755,0.5725,0.4585,0.9005,0.651,0.744,1.021,0.9365,0.828,0.8455,0.5265,0.589,0.971,0.703,0.7605,0.6795,0.856,0.741,0.8005,1.035,1.065,0.8955,0.6675,0.886,0.8955,0.801,1.218,1.4575,1.1975,1.124,1.314,0.793,0.8985,1.051,0.841,1.4605,1.3975,1.185,1.345,1.1865,1.15,1.3965,1.2305,1.2885,0.9765,1.071,0.9475,0.864,1.318,1.434,1.3445,1.582,1.9255,1.848,1.5325,1.596,1.4055,1.6155,1.701,1.67,1.5725,1.5865,2.057,1.815,1.775,1.734,1.48,1.458,1.5035,1.4865,1.5975,1.5525,1.622,1.4565,1.618,1.596,1.4535,1.8285,2.0995,2.543,2.3595,2.556,2.2285,1.892,2.2355,2.152,2.759,2.1175,2.29,2.123,1.4555
"50","WA","ABLA","H","4N","ABLA-H-4N",1.925,1.6535,1.349,1.2165,1.265,1.4895,1.678,1.514,1.1525,1.2585,1.3405,1.4795,1.6095,1.6495,1.1245,1.3245,0.96,0.803,0.7675,0.52,0.7165,1.018,0.6465,1.372,1.1335,1.2935,1.2985,1.0845,1.088,1.3925,1.2575,1.1795,1.34,1.254,1.3805,1.2055,1.2835,1.263,1.1895,1.6705,1.67,1.7755,1.27,1.112,1.3485,1.2155,1.4755,1.5475,1.308,1.465,1.626,1.3365,1.5825,1.577,1.3605,1.788,1.213,0.977,1.2505,1.083,1.266,1.6365,1.4655,2.0205,1.944,2.1005,2.007,1.6425,1.854,2.109,2.2115,2.296,2.7595,2.392,2.6625,2.514,2.2615,2.8755,2.725,3.0035,2.609,3.1075,3.074,2.29,2.5035,3.4025,2.4335,1.454,1.662,1.508,1.519,1.848,2.131,2.336,2.601,2.407,2.089,2.202,2.472,2.673,2.403,3.374,2.548,2.456,2.299,2.509,3.177,2.551,2.398,2.863,2.33
"51","WA","ABLA","H","5C","ABLA-H-5C",1.97,2.663,2.177,2.2525,2.0155,2.9215,3.497,3.1455,3.5965,3.104,2.9995,3.0335,3.21,2.9225,1.7675,2.272,1.661,2.152,2.1225,2.2635,2.077,2.1645,1.714,1.7555,1.2795,1.4025,1.458,1.08,1.4905,1.929,1.6395,1.245,1.9085,1.671,1.3405,1.245,1.839,1.409,1.161,1.1765,1.151,1.0845,1.1195,1.151,0.989,0.882,1.3975,1.6005,1.4945,1.8055,1.7425,1.2725,1.0445,0.927,0.7905,1.2445,0.989,0.684,1.206,1.1375,1.155,1.246,1.195,1.04,1.258,1.361,1.1585,1.0725,1.254,1.4295,1.233,1.3315,1.492,1.4155,1.458,1.336,1.3945,1.331,1.2905,1.0555,1.253,1.214,1.168,1.665,1.7735,1.662,1.5725,1.5525,1.592,1.5465,1.719,1.721,1.833,1.758,1.8135,1.846,1.8365,1.801,2.2365,2.483,2.3065,2.5925,1.9845,1.671,1.914,1.741,2.124,1.614,2.155,2.063,1.941
"52","WA","ABLA","H","5N","ABLA-H-5N",1.388,2.114,1.78,1.934,2.889,2.8995,2.5835,2.528,3.484,2.638,2.232,2.7955,3.4715,3.6465,2.206,2.8125,2.6235,2.6305,2.798,3.203,2.8485,2.484,2.1895,3.1395,2.8755,3.2725,3.2915,2.824,2.6695,3.252,2.677,2.7225,3.3055,3.122,3.118,2.8875,3.699,2.429,1.9525,1.207,1.181,1.4825,2.522,3.2185,2.6395,2.7405,3.718,3.4445,3.001,1.8785,2.5835,1.5675,2.5175,2.85,2.39,4.3775,4.1245,2.4605,2.759,2.751,2.7615,3.488,3.3265,3.0595,2.5665,3.219,2.754,2.354,2.6545,3.0445,1.755,3.404,3.662,3.813,4.12,3.948,3.798,3.822,2.887,3.415,2.72,2.918,0.883,NA,NA,NA,NA,NA,NA,NA,NA,NA,NA,NA,NA,NA,NA,NA,NA,NA,NA,NA,NA,NA,NA,NA,NA,NA,NA,NA,NA
"53","WA","ABLA","H","6C","ABLA-H-6C",0.6785,0.8625,0.6215,0.579,0.6055,0.843,0.699,0.7825,0.585,0.655,0.507,0.6555,0.5495,0.569,0.7065,1.2125,0.8665,1.163,1.3415,1.3945,0.984,1.3015,0.4415,1.5165,1.1265,1.1665,1.1615,1.046,1.1185,1.1855,0.9445,0.882,1.3085,1.025,1.046,0.803,1.111,1.1435,1.052,1.1465,1.199,1.2005,1.0075,1.1475,1.034,0.8795,1.207,1.223,1.347,1.347,1.272,0.98,0.9575,0.92,0.879,1.275,1.0855,1.255,1.4035,1.179,1.0015,1.191,1.097,1.0905,1.1495,1.179,1.07,0.909,1.1955,1.103,1.2275,1.22,1.3655,1.3315,1.3475,0.954,0.795,1.057,1.296,1.053,0.905,0.891,1.178,1.472,1.564,1.614,1.44,1.432,1.736,1.649,1.419,1.335,0.945,1.703,1.476,1.641,1.295,0.832,1.242,1.298,NA,NA,NA,NA,NA,NA,NA,NA,NA,NA,NA
"54","WA","ABLA","H","6N","ABLA-H-6N",0.6515,0.5705,0.475,0.3575,0.439,0.5545,0.4075,0.5565,0.4725,0.538,0.4955,0.58,0.59,0.5475,0.211,0.3475,0.248,0.3425,0.39,0.4005,0.3685,0.316,0.2315,0.337,0.2105,0.242,0.273,0.221,0.2845,0.3155,0.231,0.174,0.28,0.201,0.328,0.3595,0.496,0.4945,0.443,0.4975,0.782,0.888,0.8975,1.1815,1.118,0.9915,1.498,1.558,1.772,1.412,1.287,1.071,1.137,1.1055,0.925,1.164,1.134,1.2465,1.34,1.1215,1.2155,1.3995,1.205,1.2855,1.294,1.4215,1.2875,1.2775,1.5285,1.545,1.4825,1.439,1.562,1.4925,1.4695,1.5445,1.469,1.504,1.5125,1.4875,1.3075,1.477,1.4945,1.6635,1.946,2.0545,1.7765,1.4885,1.595,1.601,1.3945,1.3525,1.439,1.835,1.5855,1.7105,1.753,1.4465,1.638,1.6135,1.2975,2.0245,1.8075,3.1375,1.379,0.9775,1.684,1.46,1.666,1.179,1.3015
"55","WA","ABLA","H","7C","ABLA-H-7C",0.933,1.1785,1.034,1.12,1.29,1.395,1.099,1.562,1.313,1.263,1.039,1.599,1.709,1.7025,0.944,0.8845,0.741,1.0385,1.0935,1.0575,1.019,1.261,1.1235,1.4285,1.0725,1.177,1.1765,1.074,1.742,1.86,1.3365,1.352,1.884,1.234,1.1125,0.917,1.2315,1.2185,1.0405,1.2145,1.304,1.288,1.117,0.96,1.0365,0.82,0.9865,1.3535,1.319,1.3505,1.2135,0.997,1.1835,1.1115,1.0915,1.2895,1.289,0.962,1.6565,0.9895,1.4955,1.5245,1.457,1.12,1.023,1.2955,1.1965,0.9855,1.321,1.4235,1.4315,1.641,1.7675,1.6795,2.0505,1.7955,1.693,1.796,1.8245,2.0385,1.3435,1.8515,2.1465,2.649,1.41,1.669,0.972,1.095,1.046,1.556,1.381,1.551,1.094,1.653,1.223,2.16,1.86,2.044,1.714,1.08,NA,NA,NA,NA,NA,NA,NA,NA,NA,NA,NA
"56","WA","ABLA","H","7N","ABLA-H-7N",0.477,0.6885,0.4115,0.334,0.317,0.624,0.674,0.846,0.591,0.5915,0.65,0.9,0.8825,1.1235,0.264,0.8765,0.672,0.792,0.793,1.1615,1.0555,1.147,0.7725,1.339,0.969,0.83,0.9645,0.754,0.9735,1.163,0.8485,0.8795,1.166,0.9425,1.0155,0.8355,1.2625,1.1175,0.8585,0.796,0.869,0.8885,0.517,0.737,0.645,0.573,0.83,0.63,0.796,0.645,0.742,0.574,0.7675,1.0385,0.725,1.0215,1.0815,0.958,1.2485,0.809,1.3815,1.548,1.53,1.4245,1.672,1.42,1.7055,1.2285,1.341,1.2885,1.1165,1.299,1.3825,1.644,1.5175,1.2095,0.9775,1.156,1.3695,1.6145,1.3455,1.034,0.8645,1.026,0.899,1.1005,1.0625,1.388,1.371,1.0445,0.9625,1.478,1.317,1.2165,1.2745,1.521,1.8155,2.6905,1.483,1.88,1.5465,2.516,0.9685,1.362,1.425,2.06,2.199,1.405,1.185,1.961,1.57
"57","WA","ABLA","H","8C","ABLA-H-8C",0.4165,0.454,0.3535,0.288,0.403,0.513,0.3935,0.519,0.434,0.5035,0.366,0.577,0.512,0.4675,0.38,0.387,0.4005,0.4025,0.388,0.36,0.391,0.2915,0.264,0.3925,0.3465,0.31,0.32,0.3145,0.3945,0.3205,0.2485,0.276,0.3205,0.2695,0.3675,0.3375,0.37,0.3145,0.4615,0.4165,0.3735,0.399,0.4405,0.401,0.465,0.4085,0.565,0.498,0.5225,0.524,0.4125,0.2865,0.4045,0.404,0.317,0.397,0.271,0.289,0.424,0.4505,0.5665,0.9555,0.8355,0.8635,0.5265,0.6775,0.486,0.602,0.7515,0.7755,0.86,0.8595,0.856,0.675,0.7795,0.9265,1.008,0.8555,1.077,0.7675,0.904,0.853,0.9635,1.087,1.05,1.1205,0.8875,0.7395,1.1525,0.9055,1.043,1.2315,1.14,0.815,1.3415,1.225,1.067,0.813,1.6165,2.048,1.7185,1.882,1.8065,1.887,1.652,2.0215,2.156,1.473,0.9485,0.949,1.484
"58","WA","ABLA","H","8N","ABLA-H-8N",0.763,1.045,0.705,0.604,0.886,1.1745,1.009,1.099,1.02,0.9985,0.809,1.1585,0.9505,0.993,0.7325,0.7225,0.7335,0.958,1.031,0.904,0.7175,0.6545,0.8215,1.33,1.051,1.273,1.2665,0.9075,1.191,1.2625,1.0175,0.751,1.4545,1.364,1.3225,1.086,1.554,1.465,1.2755,1.1835,1.4715,1.3,1.0905,1.4285,1.1955,1.164,1.418,1.7035,1.682,1.5195,1.7255,1.279,1.131,1.2055,1.1205,1.5955,1.511,1.6075,1.851,0.983,1.85,2.2405,1.9885,1.671,1.745,1.734,1.8395,1.4175,1.7005,2.128,1.8565,2.0515,2.02,1.6285,1.6695,1.521,1.795,1.6935,2.153,2.551,1.9535,1.505,1.4805,1.4805,1.5,1.6035,1.2165,0.9625,0.774,0.7595,0.548,0.704,0.586,0.674,0.4645,0.8695,0.6025,0.12,0.454,0.1875,0.1455,0.5175,0.5425,0.4035,0.1925,0.423,0.7305,0.9185,1.033,0.3785,0.3215
"59","WA","ABLA","H","9C","ABLA-H-9C",0.122,0.17,0.1505,0.153,0.2285,0.26,0.2955,0.4965,0.5385,0.5595,0.5065,0.666,0.5495,0.4865,0.2865,0.2485,0.247,0.317,0.34,0.3645,0.332,0.387,0.2995,0.497,0.3985,0.458,0.571,0.444,0.581,0.5515,0.3475,0.423,0.666,0.5285,0.508,0.438,0.5945,0.549,0.485,0.5585,0.514,0.5,0.55,0.473,0.535,0.41,0.547,0.4425,0.545,0.5145,0.482,0.375,0.418,0.4465,0.382,0.6085,0.398,0.592,0.743,0.583,0.4705,0.693,0.561,0.5005,0.6545,0.591,0.4535,0.401,0.5055,0.6105,0.579,0.6725,0.7775,0.7155,0.779,0.8835,0.809,0.8915,0.8895,0.6595,0.881,0.7985,0.807,0.776,0.7535,0.7835,0.8225,0.716,0.94,0.887,0.9585,1.176,0.9615,1.126,1.3905,1.3915,1.3265,0.892,1.293,1.644,1.3455,1.583,1.68,1.8615,1.3955,1.652,1.8335,0.513,0.387,0.533,0.413
"60","WA","ABLA","H","9N","ABLA-H-9N",0.7455,1.125,0.8485,0.502,0.6135,0.91,0.9895,1.2305,1.3365,1.174,0.793,0.6605,0.4725,0.208,0.3325,0.7385,0.5695,0.8175,0.9025,1.0345,0.8655,1.0045,0.7615,1.079,0.7245,0.7665,0.973,0.867,1.004,1.0145,0.7765,0.8165,1.1045,0.9215,0.9055,0.706,0.9825,0.9415,0.831,0.9515,0.9105,0.825,0.746,0.742,0.904,0.6825,1.004,1.3025,1.209,1.418,1.2235,0.8035,0.7475,0.898,0.627,1.061,1.0155,1.141,1.4265,1.153,0.9935,1.066,0.9845,0.865,0.9485,0.952,0.6855,0.703,0.908,0.9305,0.882,1.245,1.425,1.242,1.361,1.259,1.046,1.146,0.843,0.835,1.253,1.159,1.217,1.2,1.1425,1.299,1.0575,1.238,1.323,1.169,1.361,1.5845,1.59,1.8145,1.963,2.1835,2.5465,2.1375,1.4995,4.056,1.221,NA,NA,NA,NA,NA,NA,NA,NA,NA,NA
"1","WA","ABLA","L","10C","ABLA-L-10C",0.124,0.144,0.168,0.164,0.18,0.241,0.243,0.209,0.128,0.211,0.245,0.168,0.123,0.179,0.236,0.271,0.277,0.274,0.34,0.2945,0.28,0.2445,0.197,0.3955,0.3965,0.3075,0.3815,0.3895,0.596,0.602,0.363,0.496,0.635,0.5565,0.5055,0.4125,0.636,0.613,0.6415,0.675,0.6995,0.717,0.694,0.643,0.6335,0.56,0.91,0.8995,0.764,0.856,0.7525,0.553,0.7095,0.6775,0.5215,1.313,1.021,1.0505,1.4155,1.0075,1.026,1.131,1.162,1.1945,1.056,1.4185,0.986,1.0705,1.2585,1.5325,1.481,1.9685,2.443,1.8105,3.0445,2.501,2.7745,2.9625,2.8105,2.544,2.6425,2.781,2.966,2.882,3.0225,3.152,3.13,3.0265,2.748,2.4175,3.0505,2.2275,2.429,2.488,2.442,2.8135,2.722,2.0055,2.718,2.5585,1.8905,2.388,2.4485,2.5085,1.8895,2.2585,3.6655,1.367,NA,NA,NA
"2","WA","ABLA","L","10N","ABLA-L-10N",0.4095,0.429,0.3875,0.3585,0.375,0.3425,0.2195,0.439,0.3385,0.3675,0.44,0.698,0.65,0.6685,0.471,0.579,0.499,0.5255,0.5445,0.536,0.4695,0.516,0.525,0.6545,0.5845,0.4025,0.583,0.49,0.7315,0.7635,0.464,0.5315,0.7245,0.5975,0.579,0.5375,0.736,0.7555,0.6045,0.638,0.6905,0.674,0.82,0.661,0.787,0.627,0.8655,0.842,0.823,0.927,0.719,0.6945,0.798,0.9375,0.788,1.5405,1.5165,1.358,1.922,1.5005,1.0755,1.2105,1.2115,1.1555,0.8115,1.094,0.8425,1.089,0.8965,0.9605,1.237,2.0515,2.2815,1.1685,2.419,1.544,2.095,2.338,2.097,1.865,1.84,2.419,2.5265,2.157,2.3385,2.874,2.653,2.6625,2.7675,2.096,2.675,2.1865,3.4245,2.3175,NA,NA,NA,NA,NA,NA,NA,NA,NA,NA,NA,NA,NA,NA,NA,NA,NA
"3","WA","ABLA","L","1C","ABLA-L-1C",0.3195,0.5735,0.368,0.3375,0.486,0.5075,0.357,0.4615,0.296,0.246,0.365,0.583,0.428,0.4685,0.5475,0.674,0.5355,0.811,0.7415,0.659,0.6895,0.729,0.6755,0.735,0.488,0.5525,0.6295,0.6685,0.772,0.7895,0.3915,0.448,0.4045,0.233,0.4395,0.46,0.5845,0.587,0.5925,0.5315,0.6045,0.709,0.535,0.7015,0.6705,0.6595,1.05,0.763,0.8225,0.762,0.535,0.6185,0.711,0.761,0.6335,1.097,0.881,1.1775,1.2995,1.3865,1.1585,1.512,1.3145,1.3525,1.6505,1.394,0.89,0.716,1.0405,1.239,1.05,1.428,0.8515,0.9565,1.076,1.1525,0.9015,1.015,1.225,1.102,1.295,1.227,1.2735,1.8145,1.849,1.869,1.47,2.6065,2.1935,1.799,1.255,1.267,1.094,1.865,1.833,2.533,2.357,2.01,1.589,NA,NA,NA,NA,NA,NA,NA,NA,NA,NA,NA,NA
"4","WA","ABLA","L","1N","ABLA-L-1N",0.2855,0.5395,0.2955,0.2885,0.419,0.4245,0.4455,0.8315,0.9505,1.0505,0.6095,1.0115,1.351,1.5215,1.464,2.449,1.703,1.2535,1.037,1.3935,1.544,1.2275,0.9265,1.6715,1.0515,1.452,1.892,1.413,1.293,1.623,1.3125,0.88,1.693,1.6725,1.0565,0.9295,1.688,2.004,1.526,1.143,1.6145,1.185,1.222,1.564,2.262,1.851,2.4015,2.255,1.922,1.8565,1.5405,1.214,1.4715,1.6015,1.1595,2.0005,2.2185,0.974,1.8245,1.211,1.2825,1.735,1.795,1.742,1.348,1.281,1.111,1.5135,1.329,1.7325,1.7675,2.067,1.9365,2.164,2.825,2.295,1.564,1.836,2.769,2.844,2.359,3.624,2.275,2.729,2.763,3.466,2.284,3.663,2.772,1.624,1.196,NA,NA,NA,NA,NA,NA,NA,NA,NA,NA,NA,NA,NA,NA,NA,NA,NA,NA,NA,NA
"5","WA","ABLA","L","2C","ABLA-L-2C",0.6665,0.864,0.924,0.594,0.7585,0.9515,0.7265,1.043,0.7475,0.6385,0.6395,0.8565,0.8845,1.015,0.7595,0.838,0.8045,0.616,0.6455,0.749,0.7145,0.7665,0.6405,0.915,0.8,0.829,0.892,0.715,0.945,1.1535,0.7495,0.7865,1.0275,1.029,0.8445,0.737,0.921,0.9265,0.7185,0.758,0.808,0.831,0.8765,0.8625,1.0945,1.081,1.5635,1.4685,1.4905,1.1905,1.157,0.954,1.1265,1.174,0.956,1.469,1.771,1.464,1.8075,1.4665,1.225,1.4335,1.43,1.4765,1.2235,1.819,1.5025,1.476,0.9675,2.293,1.757,1.914,1.985,2.273,2.836,2.303,3.499,3.228,2.432,1.969,2.145,2.081,2.732,3.045,2.778,2.838,3.138,3.142,3.379,3.636,3.259,4.764,1.622,NA,NA,NA,NA,NA,NA,NA,NA,NA,NA,NA,NA,NA,NA,NA,NA,NA,NA
"6","WA","ABLA","L","2N","ABLA-L-2N",0.3485,0.4745,0.364,0.34,0.4755,0.4515,0.367,0.679,0.5395,0.5475,0.575,0.9565,1.063,1.3325,1.476,1.182,1.163,1.0305,1.4955,0.9705,1.257,1.823,1.85,2.2695,1.638,1.514,1.7525,1.775,1.9355,2.1525,1.639,1.449,1.7795,1.1915,0.8375,0.7975,1.241,1.169,0.89,1.146,1.2,1.3445,1.158,0.8795,1.043,0.845,0.944,0.905,1.0785,1.5075,1.5865,1.2365,1.5455,1.3075,1.0695,2.2185,1.989,1.355,2.141,2.012,1.855,1.902,1.605,1.938,1.819,2.394,1.949,2.116,1.727,2.089,2.29,2.934,2.763,2.311,3.216,2.59,2.48,2.712,2.71,2.3,2.467,2.613,2.857,2.493,2.714,3.219,3.376,3.466,3.443,2.884,4.267,2.976,3.671,3.397,0.844,NA,NA,NA,NA,NA,NA,NA,NA,NA,NA,NA,NA,NA,NA,NA,NA
"7","WA","ABLA","L","3C","ABLA-L-3C",0.0975,0.1235,0.146,0.1765,0.132,0.1465,0.1305,0.174,0.152,0.199,0.1815,0.189,0.1935,0.2215,0.202,0.2175,0.2585,0.2825,0.2425,0.278,0.3,0.25,0.176,0.484,0.546,0.44,0.5115,0.56,0.544,0.47,0.2715,0.3935,0.4825,0.4195,0.3075,0.384,0.4805,0.5635,0.545,0.722,0.766,0.9245,0.639,0.5365,0.529,0.4895,0.7495,0.9585,0.6565,0.7685,0.7675,0.594,0.6645,0.69,0.682,1.2375,1.4185,1.2135,1.857,1.596,1.04,1.321,1.436,1.482,1.22,1.568,1.3205,1.302,1.026,1.657,1.4135,1.524,2.0145,1.3925,2.3105,1.63,2.049,2.06,1.8925,1.7095,1.7245,1.799,2.06,2.226,2.2035,2.594,2.595,2.9615,2.2155,2.069,2.3355,1.654,1.807,1.8935,1.7715,1.9445,1.5585,1.789,2.2575,2.2545,2.7455,4.197,2.497,2.3015,1.5775,1.5365,0.8325,NA,NA,NA,NA
"8","WA","ABLA","L","3N","ABLA-L-3N",0.1725,0.2615,0.341,0.2695,0.238,0.2615,0.2075,0.2125,0.163,0.1905,0.219,0.2245,0.1305,0.141,0.219,0.6285,0.547,0.624,0.4585,0.727,0.646,0.437,0.447,0.668,0.65,0.5535,0.8705,0.5695,0.752,0.699,0.4315,0.42,0.5055,0.443,0.395,0.355,0.5205,0.417,0.4505,0.458,0.5205,0.52,0.5835,0.5195,0.6685,0.633,0.802,0.7995,0.9455,1.107,0.943,0.917,1.02,0.8255,0.6445,1.2655,1.229,1.371,2.236,1.861,1.586,1.5785,1.2205,1.623,1.135,1.368,1.2855,1.291,1.346,1.5605,1.737,2.1955,2.0945,2.118,2.5825,2.183,2.4745,2.5115,2.5915,2.309,1.946,2.014,1.988,1.981,2.2065,2.2255,2.4055,2.219,2.244,2.368,2.9495,1.3565,1.283,3.2015,2.0325,2.8485,1.6355,1.0965,2.1005,2.532,2.047,NA,NA,NA,NA,NA,NA,NA,NA,NA,NA
"9","WA","ABLA","L","4C","ABLA-L-4C",0.145,0.2635,0.3245,0.132,0.108,0.129,0.1305,0.118,0.129,0.108,0.1715,0.2375,0.2765,0.1875,0.2225,0.149,0.149,0.259,0.22,0.385,0.447,0.335,0.4075,0.5125,0.237,0.292,0.37,0.3475,0.3005,0.339,0.3315,0.329,0.3055,0.432,0.4685,0.468,0.312,0.361,0.322,0.267,0.4485,0.2805,0.3935,0.471,0.5105,0.3535,0.443,0.4995,0.467,0.802,1.0315,1.396,1.309,1.1815,0.925,1.091,1.0795,1.6315,1.9365,2.17,1.915,2.19,2.223,1.957,1.9035,2.093,1.8295,1.5085,1.489,1.572,1.5425,1.5095,1.8385,1.704,1.8235,1.643,1.8395,2.0125,2.09,2.0435,2.147,2.168,2.185,1.9335,2.1345,2.11,2.2995,2.4435,2.227,1.9405,2.3,2.5295,3.0635,2.5895,2.782,2.7955,2.571,2.81,2.793,2.404,2.941,2.5295,3.983,3.344,2.594,2.092,0.48,NA,NA,NA,NA
"10","WA","ABLA","L","4N","ABLA-L-4N",1.3245,2.0485,2.175,1.726,1.5785,2.1745,2.071,2.337,2.0865,2.3715,1.5275,2.253,2.9755,3.166,2.4785,3.0095,2.4545,1.7345,1.917,2.2475,2.4025,2.2495,1.523,2.0395,1.6,1.3305,1.417,2.4635,2.7935,2.4725,2.0765,2.065,2.24,2.299,2.0365,1.7415,2.3735,1.882,1.573,1.896,1.742,1.63,1.302,1.401,1.724,1.4795,1.6105,1.4335,1.4735,1.3555,1.364,1.072,1.222,1.2555,1.1375,1.551,1.3375,1.4655,1.787,1.421,1.294,1.511,1.5105,2.3835,2.994,3.191,1.438,NA,NA,NA,NA,NA,NA,NA,NA,NA,NA,NA,NA,NA,NA,NA,NA,NA,NA,NA,NA,NA,NA,NA,NA,NA,NA,NA,NA,NA,NA,NA,NA,NA,NA,NA,NA,NA,NA,NA,NA,NA,NA,NA,NA
"11","WA","ABLA","L","5C","ABLA-L-5C",0.2585,0.512,0.437,0.304,0.206,0.483,0.411,0.3195,0.3275,0.333,0.2695,0.4075,0.3935,0.325,0.3965,0.4435,0.6265,0.611,0.5625,0.531,0.745,0.3125,0.4795,0.7995,0.6025,0.4595,0.7855,0.626,0.6895,0.6825,0.527,0.5105,0.6215,0.6895,0.6105,0.7645,0.697,0.8785,0.753,0.9065,0.764,0.8925,0.872,0.584,1.017,0.836,0.8475,1.265,0.747,1.1695,1.1895,0.831,0.9705,0.8375,0.7515,1.4705,1.633,1.0165,1.4925,1.526,1.464,1.589,0.8345,1.127,0.8325,1.3295,1.5885,1.943,1.469,1.4655,1.4595,2.0805,1.966,1.423,2.5095,1.633,1.9505,2.105,1.658,1.5375,1.5805,2.422,2.1925,1.727,1.9305,2.286,2.1015,1.8265,1.686,1.236,2.261,1.446,1.862,1.7405,2.2515,2.3285,1.7775,1.6515,2.1955,1.783,1.6515,2.18,1.345,0.793,NA,NA,NA,NA,NA,NA,NA
"12","WA","ABLA","L","5N","ABLA-L-5N",0.471,0.6265,0.524,0.4015,0.3795,0.5,0.2885,0.2375,0.2285,0.2185,0.274,0.374,0.281,0.2585,0.48,0.769,0.712,0.7345,0.6535,0.5795,0.7425,0.7675,0.709,1.004,0.8435,0.8165,1.022,0.9525,1.1955,1.203,0.95,0.928,1.359,1.336,1.101,1.0145,1.2515,1.148,0.6725,0.899,1.0485,1.226,1.457,1.287,1.87,1.465,2.1375,2.2905,2.2325,2.206,2.059,1.731,1.9545,1.834,1.459,1.3895,1.582,1.189,1.733,1.8215,1.4095,1.771,1.369,1.675,1.3795,1.515,1.5265,1.5655,1.195,1.4305,1.4945,2.204,2.052,1.4305,2.5525,1.9095,2.081,2.0455,1.7915,1.583,1.571,1.8845,1.7845,1.933,1.993,1.986,1.8895,1.8115,1.8015,1.533,2.0315,1.598,1.7735,1.9805,3.831,1.4185,3.133,6.574,0.121,1.291,NA,NA,NA,NA,NA,NA,NA,NA,NA,NA,NA
"13","WA","ABLA","L","6C","ABLA-L-6C",0.9055,1.2865,0.9105,0.777,0.934,1.452,1.3125,1.251,1.5285,1.5645,1.188,1.509,1.8275,1.615,1.602,2.3535,2.351,2.224,1.7295,1.304,1.5785,1.234,0.6835,2.268,2.1745,1.496,2.2265,2.2925,1.766,1.718,1.5475,1.3145,1.4645,1.386,1.5665,1.579,1.7865,2.116,1.968,2.7805,2.4105,2.845,1.5195,1.6605,2.2945,1.197,1.616,1.511,1.185,1.052,1.241,0.674,1.0145,1.437,0.678,0.6705,0.5595,0.921,0.581,NA,NA,NA,NA,NA,NA,NA,NA,NA,NA,NA,NA,NA,NA,NA,NA,NA,NA,NA,NA,NA,NA,NA,NA,NA,NA,NA,NA,NA,NA,NA,NA,NA,NA,NA,NA,NA,NA,NA,NA,NA,NA,NA,NA,NA,NA,NA,NA,NA,NA,NA,NA
"14","WA","ABLA","L","6N","ABLA-L-6N",0.249,0.307,0.4735,0.38,0.5135,0.654,0.441,0.979,1.507,1.8455,2.0685,1.7445,1.303,1.374,1.2765,1.123,0.755,0.8515,0.738,0.6655,1.317,1.134,0.851,0.979,0.938,1.037,1.1875,1.1275,0.786,0.8005,0.854,0.9565,1.161,1.5025,1.5705,1.2735,1.45,1.322,1.44,1.0825,0.801,1.075,1.07,1.0515,1.0735,1.1285,1.124,1.1235,0.8825,0.88,1.118,0.8465,1.185,0.788,0.7455,1.2525,1.244,1.0505,1.3265,1.2605,1.056,1.1415,1.0005,1.3985,1.536,1.4025,1.407,1.1955,1.4065,1.5295,1.502,2.582,1.9885,2.154,1.521,1.9345,1.267,1.0905,1.0925,NA,NA,NA,NA,NA,NA,NA,NA,NA,NA,NA,NA,NA,NA,NA,NA,NA,NA,NA,NA,NA,NA,NA,NA,NA,NA,NA,NA,NA,NA,NA,NA
"15","WA","ABLA","L","7C","ABLA-L-7C",1.463,1.963,1.6875,1.7055,1.539,2.06,1.3915,1.79,1.7025,1.9715,1.1095,1.8155,2.1015,1.598,1.581,2.1445,1.476,1.577,1.292,1.4835,1.5025,1.5015,1.4915,2.519,2.295,2.1115,2.7295,2.5755,2.235,2.602,1.7745,1.691,2.741,2.0965,1.649,1.5915,2.2555,2.6045,2.2735,2.415,2.527,2.8575,1.674,1.6465,2.501,1.6765,3.4635,3.052,2.7235,2.6925,3.174,2.477,3.282,2.9455,2.172,3.7235,2.916,3.0155,4.549,4.608,3.803,3.317,3.672,NA,NA,NA,NA,NA,NA,NA,NA,NA,NA,NA,NA,NA,NA,NA,NA,NA,NA,NA,NA,NA,NA,NA,NA,NA,NA,NA,NA,NA,NA,NA,NA,NA,NA,NA,NA,NA,NA,NA,NA,NA,NA,NA,NA,NA,NA,NA,NA
"16","WA","ABLA","L","7N","ABLA-L-7N",0.5075,0.8245,0.6975,0.495,0.717,0.901,0.6325,0.877,0.861,0.701,0.532,0.819,1.153,1.3385,1.1795,1.584,1.7445,1.8035,2.089,1.9675,1.9285,1.5445,2.3095,2.85,2.4265,2.62,3.1405,2.992,3.8395,4.1485,3.487,2.707,3.592,4.2645,3.685,3.4135,4.544,4.42,3.5875,2.466,1.6915,1.3675,0.9615,0.858,1.0795,0.943,1.549,2.0615,1.761,2.1415,2.129,1.9495,3.4655,4.5735,3.8975,5.6235,4.7775,2.1465,3.925,5.29,5.092,5.278,5.631,6.015,6.246,7.457,7.73,7.209,6.91,NA,NA,NA,NA,NA,NA,NA,NA,NA,NA,NA,NA,NA,NA,NA,NA,NA,NA,NA,NA,NA,NA,NA,NA,NA,NA,NA,NA,NA,NA,NA,NA,NA,NA,NA,NA,NA,NA,NA,NA,NA,NA
"17","WA","ABLA","L","8C","ABLA-L-8C",0.475,0.5195,0.3375,0.3255,0.532,0.717,0.5245,0.857,0.7355,0.662,0.6745,0.972,1.193,1.3485,1.437,2.407,2.462,2.3785,2.527,2.0735,1.7165,1.508,1.2875,2.237,1.662,1.4885,1.8035,1.6125,2.0615,2.3775,2.279,1.902,2.338,2.296,1.957,2.016,1.975,1.774,1.3435,2.0495,1.776,1.905,1.545,1.693,1.819,2.052,2.305,2.516,2.242,2.603,2.552,1.722,2.842,NA,NA,NA,NA,NA,NA,NA,NA,NA,NA,NA,NA,NA,NA,NA,NA,NA,NA,NA,NA,NA,NA,NA,NA,NA,NA,NA,NA,NA,NA,NA,NA,NA,NA,NA,NA,NA,NA,NA,NA,NA,NA,NA,NA,NA,NA,NA,NA,NA,NA,NA,NA,NA,NA,NA,NA,NA,NA
"18","WA","ABLA","L","8N","ABLA-L-8N",0.269,0.456,0.4005,0.438,0.609,0.7335,0.717,0.956,1.0975,0.9945,0.929,1.632,2.025,1.9945,1.782,3.001,2.6245,2.495,2.7215,2.1825,2.0395,2.069,1.4915,2.7365,2.4855,2.175,3.0775,2.4395,2.5755,3.2255,3.5425,3.1625,3.4485,3.3325,3.785,3.634,3.825,3.6115,3.691,4.01,3.096,NA,NA,NA,NA,NA,NA,NA,NA,NA,NA,NA,NA,NA,NA,NA,NA,NA,NA,NA,NA,NA,NA,NA,NA,NA,NA,NA,NA,NA,NA,NA,NA,NA,NA,NA,NA,NA,NA,NA,NA,NA,NA,NA,NA,NA,NA,NA,NA,NA,NA,NA,NA,NA,NA,NA,NA,NA,NA,NA,NA,NA,NA,NA,NA,NA,NA,NA,NA,NA,NA
"19","WA","ABLA","L","9C","ABLA-L-9C",0.0295,0.105,0.2835,0.1135,0.095,0.211,0.1285,0.115,0.1225,0.2375,0.2145,0.35,0.3805,0.194,0.186,0.241,0.42,0.426,0.475,0.2505,0.244,0.253,0.139,0.2555,0.182,0.16,0.41,0.417,0.486,0.4625,0.3035,0.335,0.3135,0.2565,0.5045,0.544,0.616,0.574,0.6165,0.889,0.6555,0.685,0.868,0.874,1.1005,1.1915,1.244,1.3915,1.1265,1.444,1.839,1.602,1.618,1.8385,1.665,2.4575,2.1375,1.307,2.0545,2.168,2.2505,2.361,1.855,2.2895,1.91,2.405,2.3525,2.726,2.0205,2.3675,2.2325,2.9585,3.1635,2.2055,3.165,2.56,2.632,3.157,2.506,2.0565,2.31,2.3785,2.502,2.3515,2.516,2.2335,1.94,1.8565,1.8505,1.7285,2.2905,1.534,1.419,0.542,1.624,NA,NA,NA,NA,NA,NA,NA,NA,NA,NA,NA,NA,NA,NA,NA,NA
"20","WA","ABLA","L","9N","ABLA-L-9N",0.051,0.1955,0.132,0.1485,0.164,0.211,0.1905,0.4295,0.205,0.232,0.2325,0.3275,0.359,0.3275,0.433,0.412,0.464,0.601,0.471,0.447,0.56,0.37,0.4655,0.7615,0.5395,0.6345,0.698,0.709,1.0155,0.9515,0.571,0.5285,0.6345,0.6975,0.645,0.742,0.6085,0.969,0.9885,1.436,1.2775,1.2675,1.1515,0.895,1.4105,1.317,1.913,1.798,1.6895,2.658,1.9785,1.4595,1.8085,1.883,1.555,2.539,2.5285,2.06,2.811,2.907,2.681,2.9095,2.2095,2.7785,2.384,3.096,2.8985,3.19,2.304,2.5905,2.458,3.006,2.9675,2.3895,3.2655,2.5725,3.0845,3.3795,3.0015,2.5715,2.748,3.601,3.804,3.9265,3.278,5.914,NA,NA,NA,NA,NA,NA,NA,NA,NA,NA,NA,NA,NA,NA,NA,NA,NA,NA,NA,NA,NA,NA,NA,NA,NA
"21","WA","ABLA","M","01C","ABLA-M-01C",2.294,3.436,3.05,2.199,2.5125,1.8125,2.0265,1.917,2.073,1.998,1.998,3.4075,4.0275,3.832,1.8395,2.479,2.4915,2.4015,2.296,2.2855,2.4805,2.9955,1.9185,2.2955,1.755,1.7745,2.5535,2.357,2.5705,2.7945,2.5825,2.1845,2.7905,2.4,2.3995,2.4965,2.289,2.416,2.8805,2.4105,2.007,3.141,2.289,1.553,NA,NA,NA,NA,NA,NA,NA,NA,NA,NA,NA,NA,NA,NA,NA,NA,NA,NA,NA,NA,NA,NA,NA,NA,NA,NA,NA,NA,NA,NA,NA,NA,NA,NA,NA,NA,NA,NA,NA,NA,NA,NA,NA,NA,NA,NA,NA,NA,NA,NA,NA,NA,NA,NA,NA,NA,NA,NA,NA,NA,NA,NA,NA,NA,NA,NA,NA
"22","WA","ABLA","M","01N","ABLA-M-01N",2.901,3.13,2.884,2.8845,2.8715,2.11,3.103,2.294,2.266,3.1405,3.2155,2.772,2.3355,3.301,0.8175,3.486,2.9005,3.3145,3.2515,3.2555,2.631,2.926,2.759,4.6535,3.9215,4.024,5.0245,4.696,4.186,4.601,5.76,4.919,4.2145,4.942,4.824,NA,NA,NA,NA,NA,NA,NA,NA,NA,NA,NA,NA,NA,NA,NA,NA,NA,NA,NA,NA,NA,NA,NA,NA,NA,NA,NA,NA,NA,NA,NA,NA,NA,NA,NA,NA,NA,NA,NA,NA,NA,NA,NA,NA,NA,NA,NA,NA,NA,NA,NA,NA,NA,NA,NA,NA,NA,NA,NA,NA,NA,NA,NA,NA,NA,NA,NA,NA,NA,NA,NA,NA,NA,NA,NA,NA
"23","WA","ABLA","M","10C","ABLA-M-10C",0.2115,0.1935,0.192,0.303,0.446,0.6065,0.6645,1.1505,1.0135,0.8655,0.7705,1.0755,1.2325,1.031,0.947,0.8825,0.8415,0.8915,0.8485,0.723,0.784,0.8785,0.731,0.928,0.7665,0.7785,1.051,0.7795,1.198,0.99,0.8655,0.839,1.3395,1.162,1.074,0.962,1.3845,1.425,1.1205,1.1205,1.3375,1.4545,1.1905,1.0215,1.2535,0.9225,1.309,1.3245,1.2065,1.5345,1.3925,0.9175,1.0665,1.1445,1.1015,1.616,1.5725,1.468,1.9725,1.5955,1.4095,1.651,1.5845,1.7105,1.518,1.776,1.4395,1.3545,1.341,1.912,1.841,2.258,2.4885,1.798,2.8215,2.3275,2.5305,2.7125,2.4585,2.034,1.894,1.7205,1.9165,1.7995,1.925,1.8115,1.8525,1.944,2.13,2.0365,2.647,2.2585,2.7925,2.479,2.911,2.5655,2.4135,2.4015,2.6055,3.0085,3.376,3.0555,4.01,1.6985,1.956,NA,NA,NA,NA,NA,NA
"24","WA","ABLA","M","10N","ABLA-M-10N",1.8205,2.5865,2.6555,1.631,1.4945,1.802,1.439,2.2625,2.6965,1.586,0.9815,1.4675,2.273,1.5625,0.8695,2.6335,2.2835,1.285,1.0725,1.695,2.102,1.8375,2.0265,2.3395,2.027,1.508,1.7885,1.721,1.874,2.392,2.2385,1.5975,2.656,2.298,1.6675,1.117,1.84,1.981,1.684,1.589,1.6645,2.5845,1.9895,1.4655,1.967,1.3885,1.5395,1.842,1.38,1.8095,1.595,1.77,1.8795,1.921,1.595,2.2035,2.4545,2.016,2.7865,2.915,2.2815,2.187,1.832,2.255,2.039,1.9465,1.942,1.7325,1.2555,1.7685,1.601,2.3555,2.239,1.7875,2.7025,2.039,2.248,2.836,2.7675,2.3755,1.9575,2.019,2.1185,1.773,2.2655,2.1955,1.389,1.967,NA,NA,NA,NA,NA,NA,NA,NA,NA,NA,NA,NA,NA,NA,NA,NA,NA,NA,NA,NA,NA,NA,NA
"25","WA","ABLA","M","2C","ABLA-M-2C",0.452,0.488,0.414,0.291,0.303,0.383,0.483,0.756,0.861,0.842,1.029,0.984,1.13,1.444,1.017,1.279,1.134,1.218,0.775,0.997,0.941,1.254,1.219,1.391,0.751,0.646,1.001,0.837,1.047,1.243,1.074,1.032,1.2,1.889,1.92,1.946,2.751,2.264,1.84,1.756,2.666,2.56,2.094,2.623,2.39,2.179,3.386,3.639,4.629,2.642,3.746,2.258,1.827,1.533,1.968,3.075,2.504,1.646,2.414,2.262,2.111,2.919,2.48,2.269,2.322,2.425,1.851,1.748,1.862,2.136,1.541,1.644,1.467,1.983,1.983,2.19,2.19,2.035,2.658,1.952,2.589,2.282,2.736,2.657,2.945,3.037,2.712,3.392,3.733,3.147,3.233,3.401,1.481,NA,NA,NA,NA,NA,NA,NA,NA,NA,NA,NA,NA,NA,NA,NA,NA,NA,NA
"26","WA","ABLA","M","2N","ABLA-M-2N",1.546,1.9395,2.1095,2.229,2.221,1.5785,1.683,1.6955,1.9755,1.9885,1.971,2.018,1.982,2.573,1.1705,1.513,1.4205,1.458,1.2005,1.498,1.09,1.2165,0.9825,1.7765,1.3635,1.691,1.7205,1.309,1.304,1.4975,1.5795,1.337,1.551,1.3435,1.111,1.1075,1.272,0.961,0.8545,0.7995,1.38,1.87,1.2845,1.303,1.224,1.8965,2.2275,2.3705,2.092,2.503,2.558,1.905,2.184,2.387,1.8945,2.45,1.563,1.0255,2.008,2.24,2.385,2.702,2.687,2.793,2.41,2.751,2.2,2.582,2.455,1.798,NA,NA,NA,NA,NA,NA,NA,NA,NA,NA,NA,NA,NA,NA,NA,NA,NA,NA,NA,NA,NA,NA,NA,NA,NA,NA,NA,NA,NA,NA,NA,NA,NA,NA,NA,NA,NA,NA,NA,NA,NA
"27","WA","ABLA","M","3C","ABLA-M-3C",1.595,2.282,1.846,1.321,1.4885,1.727,1.4525,1.643,1.719,1.7295,1.2325,1.438,1.5965,1.5195,1.3515,1.169,1.148,1.263,1.1365,1.4625,1.253,1.3295,1.292,1.653,1.3,1.3465,1.5385,1.214,1.766,1.6915,1.1965,1.1885,1.669,1.61,1.7295,1.478,1.63,1.756,1.518,1.518,1.722,1.627,1.583,1.2645,1.5025,1.5645,1.8715,1.9245,1.813,1.751,1.447,1.2135,1.3025,1.4885,1.356,2.11,1.5605,1.62,2.001,1.9915,2.193,2.727,1.957,1.974,2.075,2.3065,2.983,2.4995,2.6165,2.6525,2.9275,3.564,2.348,NA,NA,NA,NA,NA,NA,NA,NA,NA,NA,NA,NA,NA,NA,NA,NA,NA,NA,NA,NA,NA,NA,NA,NA,NA,NA,NA,NA,NA,NA,NA,NA,NA,NA,NA,NA,NA,NA
"28","WA","ABLA","M","3N","ABLA-M-3N",0.685,1.1455,0.892,0.5565,0.586,0.6175,0.5975,0.7955,0.733,0.776,0.5245,0.503,0.356,0.241,0.461,0.8695,0.8875,0.981,1.0635,0.9995,0.9895,0.892,0.8615,1.4425,1.217,1.114,1.3125,1.3345,1.4205,1.697,1.007,1.0765,1.5905,1.612,1.5575,1.268,1.154,1.308,0.948,1.0075,1.0425,1.0445,1.039,0.931,1.148,1.127,1.213,1.374,1.44,1.6125,1.2945,0.901,1.2185,1.3835,1.0715,1.3535,1.313,1.177,1.602,1.47,1.293,1.617,1.4315,1.532,1.584,1.5975,1.411,1.4005,1.6175,1.8585,1.827,1.854,2.071,1.932,1.971,2.0635,1.639,1.682,1.35,1.584,1.565,1.6485,1.655,1.86,1.83,2.109,1.833,2.0335,2.1605,2.4215,1.692,1.471,1.7745,1.798,1.805,1.993,1.937,2.1395,1.8405,1.471,1.904,2.422,1.676,1.9385,1.8485,1.4685,2.415,1.641,1.835,1.318,0.932
"29","WA","ABLA","M","4C","ABLA-M-4C",0.455,0.5545,0.4355,0.426,0.7895,0.9425,0.961,1.29,1.193,0.932,0.9115,1.0645,0.853,1.0795,0.7455,0.9585,0.872,0.884,1.114,1.031,0.9555,0.8625,0.3695,1.194,0.719,0.7615,0.737,0.5155,0.5215,0.879,0.794,0.5775,1.022,0.9735,0.9195,0.783,1.0875,0.9195,0.7525,0.72,0.677,0.782,0.6415,1.1465,1.8355,1.2155,2.12,1.9375,2.08,1.6195,1.399,0.88,1.1325,1.146,0.8125,1.374,1.3345,1.313,1.8935,1.5585,1.4265,1.6365,1.5005,2.068,2.2255,1.548,1.6035,1.6515,1.571,2.598,1.402,1.5765,2.0565,2.0055,1.844,1.9395,1.962,2.11,1.9745,1.8625,2.0505,2.1275,2.0325,1.8345,1.6325,1.677,1.5855,1.706,1.5465,1.7975,1.7535,1.869,1.807,1.755,1.9725,1.847,1.863,1.5105,1.966,2.587,2.308,2.2165,2.249,1.9465,2.051,2.4005,2.6385,2.0275,2.297,2.921,2.7935
"30","WA","ABLA","M","4N","ABLA-M-4N",1.8275,1.9445,1.778,1.703,1.8655,1.654,1.653,1.589,1.193,1.419,1.396,1.075,1.055,1.1285,1.098,1.3835,1.152,1.23,1.3145,1.2665,1.358,1.407,1.034,1.876,1.112,1.328,1.627,1.3425,1.1475,1.5455,1.0565,0.7915,1.5205,1.369,1.3615,1.284,1.5075,1.323,1.175,1.3175,1.2755,1.0345,0.9195,1.32,1.5675,1.503,3.1245,3.0165,3.196,2.618,1.736,1.23,1.0185,0.862,0.835,1.087,0.934,0.9505,1.545,2.1455,2.593,3.0435,2.9945,2.423,2.0675,1.259,1.778,1.524,2.031,2.539,0.586,NA,NA,NA,NA,NA,NA,NA,NA,NA,NA,NA,NA,NA,NA,NA,NA,NA,NA,NA,NA,NA,NA,NA,NA,NA,NA,NA,NA,NA,NA,NA,NA,NA,NA,NA,NA,NA,NA,NA,NA
"31","WA","ABLA","M","5C","ABLA-M-5C",0.283,0.347,0.28,0.341,0.3845,0.461,0.316,0.3935,0.229,0.259,0.3045,0.4815,0.3555,0.3245,0.273,0.272,0.291,0.3605,0.3795,0.295,0.348,0.2635,0.337,0.358,0.337,0.341,0.3255,0.4075,0.548,0.4705,0.2655,0.4215,0.4855,0.4795,0.5565,0.4225,0.56,0.5185,0.5285,0.635,0.6345,0.603,0.6445,0.7295,0.772,0.5175,0.794,0.6875,0.698,0.8255,0.5395,0.4865,0.529,0.656,0.5505,0.899,0.984,0.8675,1.079,0.899,0.92,1.2375,1.2675,1.204,1.246,1.361,1.3,1.2545,1.505,1.4675,1.5025,1.7975,2.1335,1.5295,2.0025,1.796,2.204,2.373,1.955,2.082,1.829,1.922,1.9065,2.1395,2.188,2.263,1.8805,2.3955,2.1525,2.395,1.9205,1.666,2.1315,2.2905,2.228,2.349,2.0935,2.227,3.0055,3.1895,2.2945,2.578,2.233,2.976,2.596,2.374,3.3785,0.6115,NA,NA,NA
"32","WA","ABLA","M","5N","ABLA-M-5N",0.8,1.0155,0.7565,0.5925,0.5485,0.408,0.3575,0.4835,0.3155,0.4465,0.3405,0.4025,0.295,0.2735,0.253,0.253,0.2945,0.2645,0.2635,0.264,0.294,0.2725,0.2735,0.431,0.367,0.295,0.398,0.408,0.5075,0.448,0.333,0.4865,0.3645,0.344,0.3835,0.4465,0.5505,0.508,0.519,0.54,0.624,0.522,0.523,0.4915,0.4605,0.534,0.62,0.5795,0.696,0.632,0.6525,0.526,0.652,0.7255,0.5995,1.1675,1.1025,1.068,1.541,1.363,1.3365,1.473,1.1905,1.151,1.048,1.2905,1.2015,1.065,1.403,1.5415,1.3635,1.656,1.7045,1.6275,1.834,1.5205,1.7855,1.8065,1.807,2.014,1.6695,2.202,1.8965,2.107,1.862,1.9735,1.6265,2.1015,2.1545,2.156,1.613,1.4,1.5135,1.4545,1.514,1.931,1.674,1.352,2.8305,0.539,NA,NA,NA,NA,NA,NA,NA,NA,NA,NA,NA
"33","WA","ABLA","M","6C","ABLA-M-6C",1.3325,1.573,1.2885,1.0775,1.3315,1.3845,1.086,1.16,0.9325,1.155,1.066,1.087,1.181,1.0955,0.9835,1.101,1.021,1.2975,1.3935,1.362,1.3185,1.1605,1.0645,1.438,1.0945,1.0855,1.0835,0.9135,1.161,1.1045,0.5885,0.535,0.7195,0.831,0.9165,0.928,0.8975,0.707,0.681,0.717,0.6495,0.775,0.66,0.753,0.763,0.5585,0.865,0.7285,0.88,0.7665,0.7735,0.699,0.788,0.784,0.678,1.01,0.8555,0.9455,0.8385,0.5435,0.469,0.674,0.7185,0.8245,1.0465,1.2155,0.85,0.708,0.897,1.0735,0.946,0.9455,0.592,1.001,1.068,1.01,0.9955,0.7265,0.9875,0.685,1.2345,1.135,0.961,1.2345,1.2295,1.2605,1.4575,1.4435,1.477,1.4545,1.617,1.685,1.5765,1.739,1.677,1.657,1.5875,1.331,1.876,2.2255,1.8815,1.8645,1.8135,1.8795,1.459,1.624,1.796,2.0435,2.0875,1.8765,1.279
"34","WA","ABLA","M","6N","ABLA-M-6N",1.273,1.5425,1.491,1.276,1.561,1.969,1.781,1.613,1.2835,1.1245,1.192,1.4475,1.395,1.1975,1.1215,1.438,1.382,1.492,1.646,1.4025,1.4925,1.551,1.362,1.8235,1.61,1.393,1.453,1.2975,1.784,1.9835,1.5075,1.235,1.661,1.2775,1.155,1.119,1.1365,1.081,1.1325,1.4885,1.3575,1.281,1.02,0.9045,1.0515,0.8505,1.368,1.269,1.062,0.9455,0.8695,0.7275,0.8545,0.9375,0.7115,0.749,0.432,0.764,1.2185,1.3955,2.388,2.7355,2.8265,3.1875,3.3245,2.9845,2.7485,2.7665,3.3305,3.693,3.5605,2.6665,2.6845,2.3785,3.4095,4.331,3.872,3.3965,2.785,3.3435,1.754,2.777,2.672,3.069,2.7,3.168,2.619,2.964,2.781,3.415,2.422,1.802,1.446,3.451,1.816,3.012,1.571,0.962,2.672,2.139,1.858,3.84,2.424,0.45,NA,NA,NA,NA,NA,NA,NA
"35","WA","ABLA","M","7C","ABLA-M-7C",1.465,1.8495,1.5865,1.0015,0.856,0.962,0.9505,0.8455,0.8035,0.761,0.613,0.5285,0.3565,0.3045,0.369,0.67,0.588,0.659,0.7125,0.76,0.791,0.7585,0.624,0.9865,0.7245,0.86,0.8715,0.8095,0.9375,0.727,0.538,0.357,0.6305,0.568,0.536,0.505,0.8145,0.7815,0.7705,0.8175,0.861,0.84,0.7715,0.7695,1.0105,0.8305,1.2285,1.415,1.457,1.698,1.5385,1.1685,1.1,1.2095,0.9645,1.5875,1.195,0.909,1.998,1.7965,1.592,1.984,1.9965,2.031,1.792,1.923,2.153,2.117,2.255,2.239,2.2095,2.183,2.187,1.7755,2.4375,2.0855,2.087,2.068,2.14,2.079,2.108,2.331,2.016,2.359,2.374,2.748,2.707,2.8775,3.339,3.2855,2.981,2.422,2.737,3.965,2.9975,4.587,3.678,2.444,3.7055,3.2,2.748,3.37,1.722,2.426,2.426,NA,NA,NA,NA,NA,NA
"36","WA","ABLA","M","7N","ABLA-M-7N",2.4475,2.9835,2.8425,2.238,2.8105,2.1865,2.594,3.1845,4.2355,4.299,3.3195,3.3415,4.107,2.787,1.8345,1.8545,1.4765,1.557,1.379,1.738,1.645,1.5905,1.3495,2.0065,1.2995,1.374,1.294,1.475,1.7365,1.7985,1.3065,1.0965,1.68,1.4575,1.3385,1.125,1.348,1.2385,1.0335,1.2335,1.245,1.345,1.0285,0.9195,1.006,0.743,1.209,1.3055,1.6715,1.75,1.811,1.4425,1.417,1.5355,1.327,1.7725,1.741,0.676,1.734,1.4645,1.5785,1.7825,1.6415,1.5895,1.4535,1.5985,1.5235,1.3425,1.474,1.5375,1.5175,1.6115,1.6975,1.4175,1.8855,1.7375,1.6875,2.0665,1.748,1.795,1.569,2.061,1.8245,1.919,1.9825,2.215,1.8335,1.8695,2.046,1.4745,2.358,2,2.163,2.906,2.78,3.335,11.247,1.974,NA,NA,NA,NA,NA,NA,NA,NA,NA,NA,NA,NA,NA
"37","WA","ABLA","M","8C","ABLA-M-8C",0.672,0.754,0.712,0.632,0.672,1.05,0.819,0.798,0.546,0.712,0.418,0.397,0.271,0.4955,0.421,0.688,0.552,0.4905,0.689,0.834,0.6985,0.54,0.687,1.018,0.7205,0.814,0.948,0.752,0.9215,0.732,0.4915,0.4595,0.635,0.623,0.5085,0.458,0.668,0.6565,0.572,0.5615,0.6955,0.613,0.603,0.5305,0.53,0.6105,0.8845,0.753,0.752,0.8935,0.81,0.6375,0.7405,0.8015,0.7025,0.9615,1.072,0.8495,1.1775,0.9325,0.9505,1.101,1.2725,1.145,1.1875,1.3005,1.3415,1.3515,1.618,1.6595,1.7225,2.0985,2.425,1.8555,2.3865,2.184,2.2315,2.6485,2.7505,2.5185,1.8395,2.2745,2.0535,2.805,3.574,0.846,NA,NA,NA,NA,NA,NA,NA,NA,NA,NA,NA,NA,NA,NA,NA,NA,NA,NA,NA,NA,NA,NA,NA,NA,NA
"38","WA","ABLA","M","8N","ABLA-M-8N",0.533,0.438,0.233,0.317,0.409,0.269,0.212,0.408,0.317,0.529,0.381,0.565,0.87,0.8645,0.538,0.486,0.561,0.635,0.6455,0.688,0.582,0.476,0.518,0.5815,0.54,0.464,0.634,0.5285,0.8555,0.781,0.4645,0.5175,0.708,0.612,0.516,0.4425,0.654,0.6755,0.5495,0.496,0.718,0.7705,0.7705,0.7065,0.6845,0.7475,0.981,1.013,0.833,0.9505,0.8335,0.5685,0.821,0.86,0.7435,1.095,1.057,0.783,1.0685,0.7505,0.7795,1.0105,0.8405,0.7045,0.715,0.925,0.7145,0.5885,0.861,0.84,0.879,1.015,1.1055,0.94,1.2115,1.0545,1.3105,1.3825,1.425,1.492,1.287,1.4485,1.4705,1.5485,1.5395,1.647,1.623,1.712,1.619,1.597,1.508,1.572,1.397,1.741,1.7545,1.9235,1.426,1.0715,2.306,2.1515,1.5055,2.8105,2.0125,2.2765,2.061,1.822,2.219,1.6835,2.756,2.4695,1.607
"39","WA","ABLA","M","9C","ABLA-M-9C",1.2225,1.4545,0.7695,0.6845,0.83,0.9225,0.789,1.191,1.1365,0.9885,0.943,1.1875,1.55,1.376,0.7655,1.166,0.83,0.7265,1.0005,1.2935,1.167,0.9865,0.6945,0.9475,0.737,0.684,0.693,0.494,1.0625,1.609,1.5055,1.2325,1.813,1.023,1.098,0.7165,1.15,0.9615,0.8655,0.739,1.0645,1.2005,1.326,1.3175,1.1505,0.7395,1.0855,1.035,0.9285,0.8125,0.79,0.515,0.746,1.2175,0.9905,1.5735,1.5325,1.3635,2.0205,1.566,1.2805,1.6155,1.5735,1.8575,1.573,1.52,1.4805,1.448,1.521,1.6795,1.5335,1.586,1.7975,1.3225,1.6925,1.647,1.859,1.952,2.2555,2.2115,2.07,2.034,1.826,2.004,2.22,2.342,2.079,2.211,2.593,2.3585,2.4685,2.501,2.431,2.8335,3.159,3.348,2.982,2.5675,3.376,3.973,3.0845,3.348,2.521,3.2295,2.4205,1.966,2.787,2.916,2.962,2.285,1.904
"40","WA","ABLA","M","9N","ABLA-M-9N",0.5955,0.7405,0.6325,0.591,0.815,0.841,0.9285,1.221,1.217,1.175,1.0295,1.593,2.1395,2.0175,1.68,2.529,2.1135,2.0645,1.743,2.3115,2.687,2.5185,1.64,2.7925,1.976,1.924,1.949,1.4215,1.752,2.223,1.966,1.3775,2.0775,1.716,1.5625,1.4955,2.118,2.002,1.5415,1.788,2.4095,2.1955,1.655,1.4295,1.4765,1.7045,2.27,2.669,2.3535,2.4905,2.6895,1.9595,1.803,1.944,1.142,1.8135,1.3215,1.1165,1.895,1.4655,1.379,1.7255,1.616,1.327,1.238,1.821,1.257,1.1115,1.324,1.9995,1.969,1.9545,2.5435,1.6925,1.702,1.5265,1.288,2.239,2.617,2.595,2.089,2.367,2.518,2.644,2.727,3.002,2.832,3.238,2.835,3.382,2.935,2.262,2.491,2.886,3.41,NA,NA,NA,NA,NA,NA,NA,NA,NA,NA,NA,NA,NA,NA,NA,NA
