Transect,Species,Elev,Tree,Core,TreeID,Tag,Path identification,Site identification,YearLastRing,Sapwood,Tree height,Tree age,SectionHeight,User variable,RingCount,DataType,OffsetToNext,ImageName,Analysis Date Time,Acquisition Date Time,Modified Date Time,ImageSizeH V NBits Channel,CalibMethod XCal YCal EditedDendro,ScannerCamera Make Model Software,LensFocLength [35mm],PathBegX BegY EndX EndY Width,RingBoundary AutoMan Meth Precise,EarlywoodDef,DensActive Media Calib,DensNSteps MatDens Interpol SampleThick,DensStepsThick,DensStepsLightInt,DensStepsWoodDens,DiskArea,DiskPerim,DiskAvgDiam,DiskFormCoef,CompWoodArea,VoidArea,PathLength,,,,,,,,,,,,,,,,,,,,,,,,,,,,,,,,,,,,,,,,,,,,,,,,,,,,,,,,,,,,,,,,,,,,,,,,,,,,,,,,,,,,,,,,,,,,,,,,,,,,,,,,,,,,,,,,,,,,,,,,,,,,,,,,,,,
CO,PIPO,M,1H,A,1H-A,CO-PIPO-M-1H-A,,,2013,0,0,0,0,0,100,RINGWIDTH,1,NotAFile,10/15/2013 13:42,                   ,,2185 12208 8 RGB,Intr 0.021101 0.021161 N,EPSON EPSON Flatbed Scanner EPSON Perfection V700/V750 1.8 V3.24 3.24,0.0 [0],342.0000 12084.0000 453.0000 60.0000  1.0000,Tg A Int Y,50%,N F Acq,12 1.2922 Lin 1.00,0.1630 0.3580 0.5650 0.7595 0.9735 1.1605 1.3575 1.5370 1.7370 1.9300 2.1280 2.3400 ,22 41 67 92 117 137 155 171 184 195 204 211 ,0.2106 0.4626 0.7301 0.9814 1.2580 1.4996 1.7542 1.9861 2.2446 2.4939 2.7498 3.0237 ,0,0,0,0,0,0,254.4556,0.718,1.413,2.049,2.2,1.734,1.12,2.134,1.354,1.608,1.291,0.922,0.601,2.031,2.18,2.347,1.861,2.453,1.248,2.77,2.051,2.453,2.495,2.222,2.009,2.598,2.953,2.063,2.769,2.222,2.196,2.351,2.925,1.96,1.883,2.241,1.732,0.824,1.457,1.855,1.605,1.834,1.985,2.094,1.904,2.264,2.814,2.264,2.368,2.411,1.841,1.714,2.518,2.508,1.905,0.876,2.253,2.813,1.881,2.251,2.006,1.88,2.475,1.303,2.145,2.541,2.118,2.981,2.303,2.88,2.406,3.217,3.633,4.109,3.407,2.108,3.661,3.17,3.216,3.169,1.969,2.509,2.667,2.491,3.246,3.179,3.554,3.358,3.647,2.755,2.797,4.143,4.461,4.232,4.208,4.559,4.265,3.734,4.742,3.572,3.197,,,,,,,,,,,,,,,,,,,,,,,,,,,,,,,
CO,PIPO,M,1H,B,1H-B,CO-PIPO-M-1H-B,,,2013,0,0,0,0,0,107,RINGWIDTH,1,NotAFile,10/15/2013 13:42,                   ,,2185 12208 8 RGB,Intr 0.021101 0.021161 N,EPSON EPSON Flatbed Scanner EPSON Perfection V700/V750 1.8 V3.24 3.24,0.0 [0],1808.0000 11296.0000 1800.0000 152.0000  1.0000,Tg A Int Y,50%,N F Acq,12 1.2922 Lin 1.00,0.1630 0.3580 0.5650 0.7595 0.9735 1.1605 1.3575 1.5370 1.7370 1.9300 2.1280 2.3400 ,22 41 67 92 117 137 155 171 184 195 204 211 ,0.2106 0.4626 0.7301 0.9814 1.2580 1.4996 1.7542 1.9861 2.2446 2.4939 2.7498 3.0237 ,0,0,0,0,0,0,235.8228,0.151,0.843,0.91,0.978,0.951,0.74,1.341,0.632,0.963,0.736,0.464,0.212,0.931,1.122,1.164,1.143,1.428,0.828,1.933,0.882,1.313,1.282,1.111,1.08,1.059,1.078,1.036,1.819,1.502,1.218,1.344,1.575,0.941,1.055,1.029,0.961,0.464,1.201,1.412,1.096,1.254,1.24,1.224,1.119,1.374,1.797,1.811,1.832,1.984,1.853,1.453,1.835,1.606,1.636,0.695,2.001,2.053,1.904,1.923,1.306,1.71,2.036,1.416,1.848,2.079,2.686,3.416,2.094,2.98,2.785,3.369,3.587,3.693,3.213,2.835,3.512,3.766,3.681,3.703,1.926,2.47,3.266,2.591,3.316,3.276,3.609,4.031,3.757,3.224,3.933,4.505,3.727,4.376,3.556,4.358,4.071,2.747,4.376,3.421,2.965,4.423,4.756,4.486,4.249,4.16,2.361,1.987,,,,,,,,,,,,,,,,,,,,,,,,
CO,PIPO,M,1H,A,1H-A,CO-PIPO-M-1H-A,,,2013,0,0,0,0,0,100,RINGWIDTH,1,CO-PIPO-M-1_all.tif,10/15/2013 13:48,                   ,,2185 12208 8 RGB,Intr 0.021101 0.021161 N,Regent Instruments Inc.  WinDENDRO Reg 2009b,0.0 [0],342.0000 12084.0000 453.0000 60.0000  1.0000,Tg A Int Y,50%,N F Acq,12 1.2922 Lin 1.00,0.1630 0.3580 0.5650 0.7595 0.9735 1.1605 1.3575 1.5370 1.7370 1.9300 2.1280 2.3400 ,22 41 67 92 117 137 155 171 184 195 204 211 ,0.2106 0.4626 0.7301 0.9814 1.2580 1.4996 1.7542 1.9861 2.2446 2.4939 2.7498 3.0237 ,0,0,0,0,0,0,254.4556,0.718,1.413,2.049,2.2,1.734,1.12,2.134,1.354,1.608,1.291,0.952,0.571,2.031,2.18,2.347,1.861,2.453,1.248,2.77,2.051,2.453,2.495,2.222,2.009,2.598,2.953,2.063,2.769,2.222,2.196,2.351,2.925,1.96,1.883,2.241,1.732,0.824,1.457,1.855,1.605,1.834,1.985,2.094,1.904,2.264,2.814,2.264,2.368,2.411,1.841,1.714,2.518,2.508,1.905,0.876,2.253,2.813,1.881,2.251,2.006,1.88,2.475,1.303,2.145,2.541,2.118,2.981,2.303,2.88,2.406,3.217,3.633,4.109,3.407,2.108,3.661,3.17,3.216,3.169,1.969,2.509,2.667,2.491,3.246,3.179,3.554,3.358,3.647,2.755,2.797,4.143,4.461,4.232,4.208,4.559,4.265,3.734,4.742,3.572,3.197,,,,,,,,,,,,,,,,,,,,,,,,,,,,,,,
CO,PIPO,M,1H,B,1H-B,CO-PIPO-M-1H-B,,,2013,0,0,0,0,0,107,RINGWIDTH,1,CO-PIPO-M-1_all.tif,10/15/2013 13:48,                   ,,2185 12208 8 RGB,Intr 0.021101 0.021161 N,Regent Instruments Inc.  WinDENDRO Reg 2009b,0.0 [0],1808.0000 11296.0000 1800.0000 152.0000  1.0000,Tg A Int Y,50%,N F Acq,12 1.2922 Lin 1.00,0.1630 0.3580 0.5650 0.7595 0.9735 1.1605 1.3575 1.5370 1.7370 1.9300 2.1280 2.3400 ,22 41 67 92 117 137 155 171 184 195 204 211 ,0.2106 0.4626 0.7301 0.9814 1.2580 1.4996 1.7542 1.9861 2.2446 2.4939 2.7498 3.0237 ,0,0,0,0,0,0,235.8228,0.151,0.843,0.91,0.978,0.951,0.74,1.341,0.632,0.963,0.736,0.464,0.212,0.931,1.122,1.164,1.143,1.428,0.828,1.933,0.882,1.313,1.282,1.111,1.08,1.059,1.078,1.036,1.819,1.502,1.218,1.344,1.575,0.941,1.055,1.029,0.961,0.464,1.201,1.412,1.096,1.254,1.24,1.224,1.119,1.374,1.797,1.811,1.832,1.984,1.853,1.453,1.835,1.606,1.636,0.695,2.001,2.053,1.904,1.923,1.306,1.71,2.036,1.416,1.848,2.079,2.686,3.416,2.094,2.98,2.785,3.369,3.587,3.693,3.213,2.835,3.512,3.766,3.681,3.703,1.926,2.47,3.266,2.591,3.316,3.276,3.609,4.031,3.757,3.224,3.933,4.505,3.727,4.376,3.556,4.358,4.071,2.747,4.376,3.421,2.965,4.423,4.756,4.486,4.249,4.16,2.361,1.987,,,,,,,,,,,,,,,,,,,,,,,,
CO,PIPO,M,1L,A,1L-A,CO-PIPO-M-1L-A,,,2013,0,0,0,0,0,100,RINGWIDTH,1,NotAFile,10/15/2013 14:11,                   ,,2185 12464 8 RGB,Intr 0.021101 0.021161 N,EPSON EPSON Flatbed Scanner EPSON Perfection V700/V750 1.8 V3.24 3.24,0.0 [0],290.0000 10690.0000 410.0000 220.0000  1.0000,Tg A Int Y,50%,N F Acq,12 1.2922 Lin 1.00,0.1630 0.3580 0.5650 0.7595 0.9735 1.1605 1.3575 1.5370 1.7370 1.9300 2.1280 2.3400 ,22 41 67 92 117 137 155 171 184 195 204 211 ,0.2106 0.4626 0.7301 0.9814 1.2580 1.4996 1.7542 1.9861 2.2446 2.4939 2.7498 3.0237 ,0,0,0,0,0,0,221.5744,0.384,0.725,1.262,1.227,1.164,0.825,1.353,0.952,1.164,0.845,0.907,0.113,0.891,1.044,1.342,0.993,1.452,1.044,1.62,1.162,1.036,1.354,1.285,1.396,1.502,1.375,1.65,1.986,1.436,1.515,2.02,1.62,1.547,1.089,1.385,1.278,0.836,1.786,2.024,1.599,1.601,1.434,1.39,0.905,1.836,1.586,1.418,1.269,1.587,1.173,1.047,1.139,1.29,1.225,0.413,1.699,1.72,1.424,1.673,1.589,1.526,1.51,1.241,1.348,2.003,2.062,2.957,2.199,2.08,2.058,3.114,2.777,2.626,2.757,2.465,2.71,3.586,2.935,2.837,2.127,2.603,2.911,2.638,3.608,3.88,4.3,4.282,4.101,3.687,3.887,4.509,5.786,3.593,5.668,6.14,5.605,5.385,4.153,2.706,1.703,,,,,,,,,,,,,,,,,,,,,,,,,,,,,,,
CO,PIPO,M,1L,B,1L-B,CO-PIPO-M-1L-B,,,2013,0,0,0,0,0,102,RINGWIDTH,1,NotAFile,10/15/2013 14:11,                   ,,2185 12464 8 RGB,Intr 0.021101 0.021161 N,EPSON EPSON Flatbed Scanner EPSON Perfection V700/V750 1.8 V3.24 3.24,0.0 [0],1828.0000 10660.0000 1876.0000 430.0000  1.0000,Tg A Int Y,50%,N F Acq,12 1.2922 Lin 1.00,0.1630 0.3580 0.5650 0.7595 0.9735 1.1605 1.3575 1.5370 1.7370 1.9300 2.1280 2.3400 ,22 41 67 92 117 137 155 171 184 195 204 211 ,0.2106 0.4626 0.7301 0.9814 1.2580 1.4996 1.7542 1.9861 2.2446 2.4939 2.7498 3.0237 ,0,0,0,0,0,0,216.4836,0.302,0.722,1.14,0.966,0.863,0.861,1.013,0.994,1.12,0.952,1.058,0.441,1.002,1.127,1.312,0.852,1.356,0.985,1.481,1.354,1.354,1.862,1.587,1.967,1.481,1.728,1.875,2.086,1.27,1.778,2.137,1.522,1.474,0.861,1.402,1.465,0.951,1.732,1.879,1.436,1.352,1.352,1.227,1.119,1.97,1.967,1.629,1.524,1.587,1.1,0.931,1.354,1.417,1.333,0.614,1.523,1.692,1.417,1.333,1.629,1.693,1.481,1.324,1.412,1.921,1.583,2.745,2.09,1.985,1.735,2.729,2.409,2.687,2.229,1.789,2.367,3.355,2.856,2.579,1.774,1.561,2.407,2.958,2.931,3.427,3.245,4.222,2.941,3.498,3.669,5.167,5.786,4.247,3.482,3.902,3.762,4.204,4.384,3.486,3.027,2.492,1.599,,,,,,,,,,,,,,,,,,,,,,,,,,,,,
CO,PIPO,M,2H,A,2H-A,CO-PIPO-M-2H-A,,,2013,0,0,0,0,0,116,RINGWIDTH,1,NotAFile,10/15/2013 14:41,                   ,,2185 12464 8 RGB,Intr 0.021101 0.021161 N,EPSON EPSON Flatbed Scanner EPSON Perfection V700/V750 1.8 V3.24 3.24,0.0 [0],310.5000 10440.0000 283.5000 1313.5000  1.0000,Tg A Int Y,50%,N F Acq,12 1.2922 Lin 1.00,0.1630 0.3580 0.5650 0.7595 0.9735 1.1605 1.3575 1.5370 1.7370 1.9300 2.1280 2.3400 ,22 41 67 92 117 137 155 171 184 195 204 211 ,0.2106 0.4626 0.7301 0.9814 1.2580 1.4996 1.7542 1.9861 2.2446 2.4939 2.7498 3.0237 ,0,0,0,0,0,0,193.1304,0.484,0.754,1.012,1.117,1.1,0.611,1.068,0.976,1.43,0.656,1.058,1.393,0.73,1.796,1.189,1.325,0.472,1.516,1.104,0.31,0.864,1.161,0.844,1.369,1.249,1.664,1.316,1.522,1.48,1.203,1.375,0.854,1.261,1.629,0.55,1.222,1.585,1.226,1.149,1.411,1.48,1.093,1.329,1.291,1.098,0.212,0.916,1.099,1.1,0.529,0.832,1.2,0.952,0.233,0.93,1.12,0.852,0.796,1.141,0.753,1.12,0.555,0.696,1.115,0.868,1.109,0.777,1.183,1.137,1.087,1.129,1.176,1.141,0.906,1.176,1.769,1.007,1.932,0.925,1.055,1.692,1.608,1.163,2.079,1.852,1.947,2.325,1.621,2.04,2.079,1.789,2.906,3.182,2.56,3.06,2.048,3.971,3.504,3.68,2.91,3.85,4.104,3.615,3.884,4.376,3.834,4.605,4.782,2.948,2.383,2.137,2.074,3.746,5.98,3.82,0.781,,,,,,,,,,,,,,,
CO,PIPO,M,2H,B,2H-B,CO-PIPO-M-2H-B,,,2013,0,0,0,0,0,112,RINGWIDTH,1,NotAFile,10/15/2013 14:41,                   ,,2185 12464 8 RGB,Intr 0.021101 0.021161 N,EPSON EPSON Flatbed Scanner EPSON Perfection V700/V750 1.8 V3.24 3.24,0.0 [0],1792.0000 9968.0000 1780.0000 612.0000  1.0000,Tg A Int Y,50%,N F Acq,12 1.2922 Lin 1.00,0.1630 0.3580 0.5650 0.7595 0.9735 1.1605 1.3575 1.5370 1.7370 1.9300 2.1280 2.3400 ,22 41 67 92 117 137 155 171 184 195 204 211 ,0.2106 0.4626 0.7301 0.9814 1.2580 1.4996 1.7542 1.9861 2.2446 2.4939 2.7498 3.0237 ,0,0,0,0,0,0,197.9863,0.282,0.865,1.333,0.995,1.164,0.803,1.416,0.887,1.389,1.254,0.91,1.032,1.348,1.312,1.248,1.418,0.526,1.12,0.784,0.218,0.514,0.782,0.719,0.176,0.86,1.058,1.072,1.381,1.414,1.1,1.264,1.287,1.394,0.762,1.162,1.477,0.548,1.011,1.727,1.585,1.099,0.84,1.393,0.909,1.403,1.303,1.121,0.952,1.326,1.001,0.549,0.866,1.097,0.845,0.317,1.014,1.351,0.788,1.198,1.162,0.952,1.354,0.74,0.762,1.375,0.968,0.924,0.864,1.285,1.111,1.46,1.092,1.332,1.239,1.076,0.993,1.754,1.374,1.142,0.888,0.971,1.432,1.198,1.647,1.629,1.941,2.135,2.575,2.07,2.737,2.511,2.47,3.596,3.318,4.097,3.191,3.355,4.544,4.294,4.206,2.978,4.411,4.505,3.962,4.354,1.105,3.492,5.13,5.965,6.327,10.56,1.727,,,,,,,,,,,,,,,,,,,
CO,PIPO,M,2L,A,2L-A,CO-PIPO-M-2L-A,,,2013,0,0,0,0,0,107,RINGWIDTH,1,NotAFile,10/15/2013 15:01,                   ,,2185 12090 8 RGB,Intr 0.021101 0.021161 N,EPSON EPSON Flatbed Scanner EPSON Perfection V700/V750 1.8 V3.24 3.24,0.0 [0],320.0000 9440.0000 370.0000 90.0000  1.0000,Tg A Int Y,50%,N F Acq,12 1.2922 Lin 1.00,0.1630 0.3580 0.5650 0.7595 0.9735 1.1605 1.3575 1.5370 1.7370 1.9300 2.1280 2.3400 ,22 41 67 92 117 137 155 171 184 195 204 211 ,0.2106 0.4626 0.7301 0.9814 1.2580 1.4996 1.7542 1.9861 2.2446 2.4939 2.7498 3.0237 ,0,0,0,0,0,0,197.862,0.25,1.043,0.899,1.235,0.98,0.901,1.374,1.13,1.245,0.655,0.657,0.319,0.976,1.255,1.795,1.234,1.575,1.394,1.983,1.272,1.411,1.514,1.522,1.549,1.831,1.746,1.904,2.508,2.245,1.879,2.282,2.214,2.15,1.135,1.653,1.658,1.014,1.371,1.784,1.379,1.383,0.828,0.753,0.664,0.773,0.877,0.796,0.915,0.839,0.455,0.355,0.436,0.728,0.6,0.399,0.669,0.769,0.437,0.832,0.873,0.873,0.936,0.707,0.689,0.919,0.737,1.021,0.859,1.048,1.048,1.85,1.433,1.876,0.97,1.342,1.745,1.374,1.481,1.312,1.31,0.99,1.513,1.886,2.177,2.259,1.644,2.757,2.102,2.219,2.303,2.986,2.311,3.659,2.82,3.108,3.29,2.678,4.333,3.414,4.744,4.112,4.222,4.461,4.123,4.875,4.901,5.19,,,,,,,,,,,,,,,,,,,,,,,,
CO,PIPO,M,2L,B,2L-B,CO-PIPO-M-2L-B,,,2013,0,0,0,0,0,106,RINGWIDTH,1,NotAFile,10/15/2013 15:01,                   ,,2185 12090 8 RGB,Intr 0.021101 0.021161 N,EPSON EPSON Flatbed Scanner EPSON Perfection V700/V750 1.8 V3.24 3.24,0.0 [0],1800.0000 10960.0000 1720.0000 150.0000  1.0000,Tg A Int Y,50%,N F Acq,12 1.2922 Lin 1.00,0.1630 0.3580 0.5650 0.7595 0.9735 1.1605 1.3575 1.5370 1.7370 1.9300 2.1280 2.3400 ,22 41 67 92 117 137 155 171 184 195 204 211 ,0.2106 0.4626 0.7301 0.9814 1.2580 1.4996 1.7542 1.9861 2.2446 2.4939 2.7498 3.0237 ,0,0,0,0,0,0,228.761,0.239,1.065,0.748,0.984,1.057,0.67,1.094,0.767,1.159,0.751,0.802,0.347,1.182,1.434,1.416,1.175,1.491,1.245,2.078,1.363,1.417,1.626,1.48,1.955,1.496,1.668,2.093,2.603,1.966,2.052,2.222,2.706,2.2,1.861,2.105,2.251,1.498,2.404,2.443,1.945,1.879,1.289,1.034,0.949,1.078,1.16,1.12,0.758,1.368,0.802,0.717,0.78,1.118,0.759,0.55,1.016,1.438,0.776,0.839,1.006,0.795,1.238,0.839,0.785,1.249,0.8,1.206,0.842,1.248,1.179,1.749,1.501,1.958,1.433,1.638,1.94,1.55,1.457,1.605,1.052,0.862,1.246,2.242,2.5,2.691,2.189,2.986,2.676,1.713,2.678,2.423,2.83,4.009,2.455,4.102,3.325,3.354,4.458,3.853,5.003,3.453,5.001,6.253,4.98,4.135,0.184,,,,,,,,,,,,,,,,,,,,,,,,,
CO,PIPO,M,3L,A,3L-A,CO-PIPO-M-3L-A,,,2013,0,0,0,0,0,105,RINGWIDTH,1,NotAFile,10/15/2013 15:17,                   ,,2185 13094 8 RGB,Intr 0.021101 0.021161 N,EPSON EPSON Flatbed Scanner EPSON Perfection V700/V750 1.8 V3.24 3.24,0.0 [0],304.0000 9312.0000 344.0000 512.0000  1.0000,Tg A Int Y,50%,N F Acq,12 1.2922 Lin 1.00,0.1630 0.3580 0.5650 0.7595 0.9735 1.1605 1.3575 1.5370 1.7370 1.9300 2.1280 2.3400 ,22 41 67 92 117 137 155 171 184 195 204 211 ,0.2106 0.4626 0.7301 0.9814 1.2580 1.4996 1.7542 1.9861 2.2446 2.4939 2.7498 3.0237 ,0,0,0,0,0,0,186.2223,0.2,0.317,0.486,0.443,0.59,0.422,0.656,0.359,0.498,0.246,0.501,0.317,0.428,0.799,0.465,0.803,0.486,0.994,0.656,0.635,0.846,0.719,0.973,0.739,0.975,0.973,1.1,0.824,0.909,1.182,1.099,1.054,0.622,0.866,0.845,0.464,0.82,1.131,0.855,0.864,0.867,0.888,0.846,1.311,1.414,1.689,1.248,1.46,1.226,0.823,0.886,0.42,0.977,1.197,0.777,1.554,2.309,1.608,1.978,1.945,1.902,1.707,1.601,1.517,2.32,1.795,2.306,1.627,1.795,1.878,0.634,2.264,2.348,2.898,2.221,2.073,2.349,3.026,2.369,2.369,1.947,2.349,3.059,2.743,0.928,2.433,3.513,2.772,3.467,3.839,2.977,2.779,3,2.744,4.428,3.149,4.719,4.112,3.352,6.404,4.511,4.13,2.622,6.104,0.316,,,,,,,,,,,,,,,,,,,,,,,,,,
CO,PIPO,M,3L,B,3L-B,CO-PIPO-M-3L-B,,,2013,0,0,0,0,0,101,RINGWIDTH,1,NotAFile,10/15/2013 15:17,                   ,,2185 13094 8 RGB,Intr 0.021101 0.021161 N,EPSON EPSON Flatbed Scanner EPSON Perfection V700/V750 1.8 V3.24 3.24,0.0 [0],1740.0000 9120.0000 1740.0000 430.0000  1.0000,Tg A Int Y,50%,N F Acq,12 1.2922 Lin 1.00,0.1630 0.3580 0.5650 0.7595 0.9735 1.1605 1.3575 1.5370 1.7370 1.9300 2.1280 2.3400 ,22 41 67 92 117 137 155 171 184 195 204 211 ,0.2106 0.4626 0.7301 0.9814 1.2580 1.4996 1.7542 1.9861 2.2446 2.4939 2.7498 3.0237 ,0,0,0,0,0,0,183.8926,0.294,0.487,0.635,0.57,0.697,0.464,0.676,0.338,0.485,0.275,0.528,0.381,0.487,0.952,0.74,1.1,0.698,1.163,0.83,1.027,1.036,0.948,1.222,0.844,1.12,1.034,1.414,0.929,0.95,1.543,1.482,1.026,0.686,0.885,0.852,0.393,0.929,1.318,0.942,1.18,0.977,0.95,0.877,1.236,1.587,2.048,1.375,1.375,1.224,0.761,0.885,0.366,1.156,1.608,0.83,1.787,2.533,1.457,2.005,1.921,2.248,2.102,1.77,1.752,2.244,1.655,2.806,1.767,1.887,1.75,0.588,2.152,1.799,1.674,2.294,2.027,2.081,2.571,2.177,2.491,1.652,2.028,2.769,1.981,0.708,2.049,2.604,2.382,2.63,2.753,2.388,2.34,2.806,2.635,4.651,3.727,5.361,3.575,3.564,7.646,2.571,,,,,,,,,,,,,,,,,,,,,,,,,,,,,,
CO,PIPO,M,3H,A,3H-A,CO-PIPO-M-3H-A,,,2013,0,0,0,0,0,130,RINGWIDTH,1,NotAFile,10/15/2013 15:36,                   ,,2185 13094 8 RGB,Intr 0.021101 0.021161 N,EPSON EPSON Flatbed Scanner EPSON Perfection V700/V750 1.8 V3.24 3.24,0.0 [0],350.0000 6960.0000 210.0000 320.0000  1.0000,Tg A Int Y,50%,N F Acq,12 1.2922 Lin 1.00,0.1630 0.3580 0.5650 0.7595 0.9735 1.1605 1.3575 1.5370 1.7370 1.9300 2.1280 2.3400 ,22 41 67 92 117 137 155 171 184 195 204 211 ,0.2106 0.4626 0.7301 0.9814 1.2580 1.4996 1.7542 1.9861 2.2446 2.4939 2.7498 3.0237 ,0,0,0,0,0,0,140.5428,0.346,0.676,0.658,0.653,0.513,0.332,0.402,0.38,0.395,0.385,0.378,0.205,0.273,0.264,0.493,0.39,0.431,0.287,0.54,0.341,0.39,0.413,0.427,0.528,0.274,0.561,0.784,1.194,0.69,0.647,0.796,0.756,0.607,0.331,0.367,0.388,0.246,0.305,0.433,0.252,0.463,0.381,0.32,0.378,0.55,0.571,0.764,0.676,0.825,0.562,0.358,0.484,0.557,0.274,0.134,0.09,0.126,0.162,0.379,0.483,0.571,0.462,0.481,0.84,0.745,0.755,0.464,0.656,0.74,1.029,0.609,1.005,1.05,0.756,0.74,1.071,0.825,1.141,0.57,0.758,0.884,0.846,1.079,1.184,0.953,1.128,1.036,1.118,1.305,1.562,1.541,2.09,2.048,2.385,1.585,1.756,2.031,1.819,2.391,1.375,1.967,2.285,2.172,1.906,2.472,2.66,2.868,2.452,1.618,1.894,0.99,1.433,1.24,1.202,2.072,2.285,1.142,1.735,1.819,1.883,1.925,2.518,2.237,2.004,2.081,2.625,2.414,2.658,2.37,2.568,
CO,PIPO,M,3H,B,3H-B,CO-PIPO-M-3H-B,,,2013,0,0,0,0,0,117,RINGWIDTH,1,NotAFile,10/15/2013 15:36,                   ,,2185 13094 8 RGB,Intr 0.021101 0.021161 N,EPSON EPSON Flatbed Scanner EPSON Perfection V700/V750 1.8 V3.24 3.24,0.0 [0],1750.0000 9050.0000 1730.0000 600.0000  1.0000,Tg A Int Y,50%,N F Acq,12 1.2922 Lin 1.00,0.1630 0.3580 0.5650 0.7595 0.9735 1.1605 1.3575 1.5370 1.7370 1.9300 2.1280 2.3400 ,22 41 67 92 117 137 155 171 184 195 204 211 ,0.2106 0.4626 0.7301 0.9814 1.2580 1.4996 1.7542 1.9861 2.2446 2.4939 2.7498 3.0237 ,0,0,0,0,0,0,178.8144,0.246,0.783,0.74,0.71,0.871,0.68,0.946,0.816,1.249,0.675,0.556,0.607,0.605,1.226,0.787,0.95,0.801,0.864,0.724,0.48,0.506,0.485,0.761,0.613,0.846,1.028,1.291,0.677,0.804,1.227,1.162,0.867,0.381,0.57,0.548,0.295,0.5,0.79,0.359,0.674,0.569,0.525,0.563,0.917,1.043,1.001,0.795,0.921,0.626,0.357,0.549,0.486,0.733,0.417,0.605,1.026,0.523,0.795,0.775,0.692,1.026,0.752,0.438,0.857,0.691,0.963,0.67,0.897,0.768,1.418,1.047,1.063,1.003,0.733,1.045,1.314,0.966,1.233,0.637,1.307,1.348,1.279,2.104,1.849,1.972,1.879,2.101,1.608,1.807,1.986,1.962,3.065,2.698,2.539,2.149,2.09,2.942,2.46,3.032,2.168,2.878,2.763,2.061,2.446,3.079,3.156,3.074,3.202,2.129,2.724,1.163,2.243,1.819,2.353,3.645,3.329,3.267,,,,,,,,,,,,,,
CO,PIPO,M,4H,A,4H-A,CO-PIPO-M-4H-A,,,2013,0,0,0,0,0,103,RINGWIDTH,1,NotAFile,10/16/2013 9:14,                   ,,2185 10416 8 RGB,Intr 0.021101 0.021161 N,EPSON EPSON Flatbed Scanner EPSON Perfection V700/V750 1.8 V3.24 3.24,0.0 [0],288.0000 10036.0000 288.0000 104.0000  1.0000,Tg A Int Y,50%,N F Acq,12 1.2922 Lin 1.00,0.1630 0.3580 0.5650 0.7595 0.9735 1.1605 1.3575 1.5370 1.7370 1.9300 2.1280 2.3400 ,22 41 67 92 117 137 155 171 184 195 204 211 ,0.2106 0.4626 0.7301 0.9814 1.2580 1.4996 1.7542 1.9861 2.2446 2.4939 2.7498 3.0237 ,0,0,0,0,0,0,210.1751,0.336,0.609,0.672,1.031,1.095,0.728,1.161,0.683,0.676,0.372,0.424,0.146,0.409,0.938,1.384,0.846,0.737,1.42,1.855,1.714,1.475,1.586,2.466,2.486,2.228,2.518,2.831,3.601,2.446,2.152,1.424,1.41,1.594,1.23,1.853,1.742,1.235,1.868,1.945,1.986,1.698,1.75,1.965,1.667,2.491,1.997,1.831,1.937,2.147,1.269,0.823,1.51,1.31,1.565,0.778,1.425,1.694,1.315,2.025,1.678,1.744,1.831,1.256,1.297,1.933,1.592,1.96,1.161,1.456,1.416,1.555,1.601,2.001,1.369,1.052,1.702,2.627,1.837,1.92,1.539,1.959,2.212,1.839,2.338,1.948,2.171,2.287,2.651,2.063,2.258,2.32,2.136,3.747,3.104,3.34,2.912,3.299,4.623,3.247,5.249,4.726,4.743,6.445,,,,,,,,,,,,,,,,,,,,,,,,,,,,
CO,PIPO,M,4H,B,4H-B,CO-PIPO-M-4H-B,,,2013,0,0,0,0,0,99,RINGWIDTH,1,NotAFile,10/16/2013 9:14,                   ,,2185 10416 8 RGB,Intr 0.021101 0.021161 N,EPSON EPSON Flatbed Scanner EPSON Perfection V700/V750 1.8 V3.24 3.24,0.0 [0],1764.0000 8868.0000 1764.0000 870.0000  1.0000,Tg A Int Y,50%,N F Acq,12 1.2922 Lin 1.00,0.1630 0.3580 0.5650 0.7595 0.9735 1.1605 1.3575 1.5370 1.7370 1.9300 2.1280 2.3400 ,22 41 67 92 117 137 155 171 184 195 204 211 ,0.2106 0.4626 0.7301 0.9814 1.2580 1.4996 1.7542 1.9861 2.2446 2.4939 2.7498 3.0237 ,0,0,0,0,0,0,169.2489,0.292,0.352,0.499,0.644,0.647,0.528,0.656,0.338,0.422,0.274,0.336,0.104,0.231,0.611,0.822,0.591,0.634,0.889,1.079,0.888,0.971,0.93,0.952,0.995,0.635,1.037,1.333,1.544,1.185,1.037,1.016,1.121,1.291,0.74,1.247,0.971,0.634,1.458,1.628,1.141,1.225,1.604,1.435,1.287,1.414,1.52,1.499,1.131,1.425,0.995,0.536,0.906,0.822,0.822,0.443,0.964,1.28,0.879,1.399,1.613,1.564,1.2,1.085,1.132,1.557,0.992,1.46,1.044,1.225,1.375,1.617,1.2,1.607,1.445,1.058,1.294,1.86,1.274,1.193,1.071,1.256,1.773,1.75,2.377,1.826,1.954,2.689,3.163,2.457,2.35,2.44,2.818,4.346,3.637,4.622,3.866,3.411,6.096,4.19,,,,,,,,,,,,,,,,,,,,,,,,,,,,,,,,
CO,PIPO,M,4L,A,4L-A,CO-PIPO-M-4L-A,,,2013,0,0,0,0,0,87,RINGWIDTH,1,NotAFile,10/16/2013 9:49,                   ,,2185 10771 8 RGB,Intr 0.021101 0.021161 N,EPSON EPSON Flatbed Scanner EPSON Perfection V700/V750 1.8 V3.24 3.24,0.0 [0],304.0000 8828.0000 304.0000 144.0000  1.0000,Tg A Int Y,50%,N F Acq,12 1.2922 Lin 1.00,0.1630 0.3580 0.5650 0.7595 0.9735 1.1605 1.3575 1.5370 1.7370 1.9300 2.1280 2.3400 ,22 41 67 92 117 137 155 171 184 195 204 211 ,0.2106 0.4626 0.7301 0.9814 1.2580 1.4996 1.7542 1.9861 2.2446 2.4939 2.7498 3.0237 ,0,0,0,0,0,0,183.7657,0.857,1.471,1.597,1.817,1.48,1.734,1.966,1.205,1.776,1.753,1.098,0.96,1.699,1.435,2.473,1.819,2.116,1.756,2.158,1.832,1.417,1.608,1.333,1.628,1.244,1.268,1.733,1.671,1.46,1.714,1.608,2.222,2.052,1.206,2.349,1.733,0.91,1.905,2.708,1.501,2.067,2.068,1.435,1.837,2.201,1.776,2.385,1.416,1.799,1.396,1.099,1.458,1.501,1.754,1.375,1.333,1.798,1.312,1.862,1.735,1.46,1.756,1.608,1.29,1.734,0.886,1.289,1.243,1.727,1.791,1.891,1.161,2.892,3.187,3.416,3.708,3.899,3.136,2.964,2.609,3.027,3.163,2.831,2.932,3.293,3.33,4.772,,,,,,,,,,,,,,,,,,,,,,,,,,,,,,,,,,,,,,,,,,,,
CO,PIPO,M,4L,B,4L-B,CO-PIPO-M-4L-B,,,2013,0,0,0,0,0,79,RINGWIDTH,1,NotAFile,10/16/2013 9:49,                   ,,2185 10771 8 RGB,Intr 0.021101 0.021161 N,EPSON EPSON Flatbed Scanner EPSON Perfection V700/V750 1.8 V3.24 3.24,0.0 [0],1800.0000 9156.0000 1800.0000 1152.0000  1.0000,Tg A Int Y,50%,N F Acq,12 1.2922 Lin 1.00,0.1630 0.3580 0.5650 0.7595 0.9735 1.1605 1.3575 1.5370 1.7370 1.9300 2.1280 2.3400 ,22 41 67 92 117 137 155 171 184 195 204 211 ,0.2106 0.4626 0.7301 0.9814 1.2580 1.4996 1.7542 1.9861 2.2446 2.4939 2.7498 3.0237 ,0,0,0,0,0,0,169.3759,0.757,1.408,1.45,1.706,1.541,1.353,1.711,1.102,1.374,1.12,1.182,0.677,1.629,1.312,2.285,1.756,1.65,1.798,2.539,1.687,1.791,2.009,1.33,1.817,1.543,1.544,1.608,2.052,1.395,1.463,1.559,1.752,2.132,1.221,2.037,1.278,1.317,1.649,2.046,1.67,1.642,1.517,1.441,1.317,1.586,1.774,1.839,1.499,1.481,1.142,0.79,0.873,1.248,0.879,0.896,0.964,1.55,1.357,1.304,1.294,1.119,1.003,0.905,1.115,1.679,1.453,2.182,1.664,1.816,2.264,3.767,3.74,4.509,3.286,3.473,4.039,4.954,4.275,10.276,,,,,,,,,,,,,,,,,,,,,,,,,,,,,,,,,,,,,,,,,,,,,,,,,,,,
CO,PIPO,M,5H,A,5H-A,CO-PIPO-M-5H-A,,,2013,0,0,0,0,0,104,RINGWIDTH,1,NotAFile,10/16/2013 10:22,                   ,,2185 11460 8 RGB,Intr 0.021101 0.021161 N,EPSON EPSON Flatbed Scanner EPSON Perfection V700/V750 1.8 V3.24 3.24,0.0 [0],480.0000 11157.0000 480.0000 31.7452  1.0000,Tg A Int Y,50%,N F Acq,12 1.2922 Lin 1.00,0.1630 0.3580 0.5650 0.7595 0.9735 1.1605 1.3575 1.5370 1.7370 1.9300 2.1280 2.3400 ,22 41 67 92 117 137 155 171 184 195 204 211 ,0.2106 0.4626 0.7301 0.9814 1.2580 1.4996 1.7542 1.9861 2.2446 2.4939 2.7498 3.0237 ,0,0,0,0,0,0,235.4261,0.19,0.442,0.863,0.883,0.735,0.651,0.754,0.835,0.832,0.704,0.766,0.704,0.835,1.273,1.029,1.224,0.776,1.453,0.995,0.93,1.368,1.101,1.26,1.032,1.752,1.563,1.797,1.354,1.353,1.545,1.458,1.226,0.76,1.14,1.157,0.641,1.267,1.206,1.015,1.629,1.226,1.466,1.341,1.278,1.397,1.375,1.266,1.576,1.132,0.716,1.071,1.138,1.214,0.491,0.988,1.616,1.192,1.72,1.325,1.701,0.702,1.008,1.391,2.186,1.723,1.706,1.128,1.207,1.104,1.905,2.064,2.639,1.924,1.947,2.435,2.857,2.568,2.562,2.013,2.254,3.404,2.718,3.362,2.919,3.145,4.416,5.498,4.203,4.488,6.17,4.652,6.546,6.32,6.733,5.382,4.329,6.745,4.589,6.631,4.617,4.591,4.78,3.862,2.289,,,,,,,,,,,,,,,,,,,,,,,,,,,
CO,PIPO,M,5H,B,5H-B,CO-PIPO-M-5H-B,,,2013,0,0,0,0,0,99,RINGWIDTH,1,NotAFile,10/16/2013 10:22,                   ,,2185 11460 8 RGB,Intr 0.021101 0.021161 N,EPSON EPSON Flatbed Scanner EPSON Perfection V700/V750 1.8 V3.24 3.24,0.0 [0],1914.0000 10572.0000 1914.0000 214.0000  1.0000,Tg A Int Y,50%,N F Acq,12 1.2922 Lin 1.00,0.1630 0.3580 0.5650 0.7595 0.9735 1.1605 1.3575 1.5370 1.7370 1.9300 2.1280 2.3400 ,22 41 67 92 117 137 155 171 184 195 204 211 ,0.2106 0.4626 0.7301 0.9814 1.2580 1.4996 1.7542 1.9861 2.2446 2.4939 2.7498 3.0237 ,0,0,0,0,0,0,219.1899,0.316,0.865,1.121,1.036,0.803,0.781,1.121,0.804,1.079,0.719,0.74,0.698,0.783,1.475,0.948,1.58,0.925,1.303,1.053,1.219,1.592,1.044,1.152,1.135,1.496,1.66,1.959,1.119,1.456,2.069,1.681,1.089,0.839,1.196,1.299,0.71,1.106,1.482,1.099,1.643,1.211,1.324,1.347,1.781,1.455,1.497,1.215,1.148,1.089,0.653,1.031,1.093,0.925,0.732,1.404,1.461,1.002,1.296,1.515,1.351,1.412,1.132,1.06,1.436,1.427,1.645,1.112,1.294,1.278,1.529,1.469,1.791,1.286,1.274,1.632,2.518,2.275,1.962,1.526,1.933,2.264,1.712,2.771,2.923,2.369,3.085,3.267,2.501,3.563,3.91,4.284,4.727,4.649,5.641,4.406,4.482,6.908,5.96,10.667,,,,,,,,,,,,,,,,,,,,,,,,,,,,,,,,
CO,PIPO,M,5L,A,5L-A,CO-PIPO-M-5L-A,,,2013,0,0,0,0,0,101,RINGWIDTH,1,NotAFile,10/16/2013 10:48,                   ,,2185 13587 8 RGB,Intr 0.021101 0.021161 N,EPSON EPSON Flatbed Scanner EPSON Perfection V700/V750 1.8 V3.24 3.24,0.0 [0],240.0000 12459.0000 384.0000 684.0000  1.0000,Tg A Int Y,50%,N F Acq,12 1.2922 Lin 1.00,0.1630 0.3580 0.5650 0.7595 0.9735 1.1605 1.3575 1.5370 1.7370 1.9300 2.1280 2.3400 ,22 41 67 92 117 137 155 171 184 195 204 211 ,0.2106 0.4626 0.7301 0.9814 1.2580 1.4996 1.7542 1.9861 2.2446 2.4939 2.7498 3.0237 ,0,0,0,0,0,0,249.1941,0.362,0.958,0.995,0.944,0.986,0.82,1.245,1.036,1.142,1.119,0.908,0.548,1.704,1.761,2.562,1.899,2.675,1.213,2.202,2.329,1.736,2.378,1.762,2.103,1.189,0.671,1.501,2.538,1.734,1.735,2.179,1.566,1.375,1.279,1.609,1.17,0.571,1.269,1.901,1.141,1.649,1.735,1.087,0.838,1.143,1.227,1.143,0.825,1.1,0.614,0.846,0.931,1.312,1.48,0.78,1.267,1.662,0.86,1.079,1.22,1.282,1.158,0.738,1.075,1.439,1.587,2.728,1.904,2.137,1.967,2.455,2.476,2.455,2.18,2.148,2.549,2.936,2.559,2.736,1.673,2.834,3.058,3.491,4.14,3.922,3.163,4.525,4.367,4.295,4.107,5.881,4.578,6.437,5.74,4.345,4.411,4.134,7.135,5.513,8.694,6.686,,,,,,,,,,,,,,,,,,,,,,,,,,,,,,
CO,PIPO,M,5L,B,5L-B,CO-PIPO-M-5L-B,,,2013,0,0,0,0,0,98,RINGWIDTH,1,NotAFile,10/16/2013 10:48,                   ,,2185 13587 8 RGB,Intr 0.021101 0.021161 N,EPSON EPSON Flatbed Scanner EPSON Perfection V700/V750 1.8 V3.24 3.24,0.0 [0],1743.0000 10440.0000 1857.0000 1926.0000  1.0000,Tg A Int Y,50%,N F Acq,12 1.2922 Lin 1.00,0.1630 0.3580 0.5650 0.7595 0.9735 1.1605 1.3575 1.5370 1.7370 1.9300 2.1280 2.3400 ,22 41 67 92 117 137 155 171 184 195 204 211 ,0.2106 0.4626 0.7301 0.9814 1.2580 1.4996 1.7542 1.9861 2.2446 2.4939 2.7498 3.0237 ,0,0,0,0,0,0,180.1843,0.19,0.592,0.709,0.697,0.727,0.56,0.888,0.636,0.676,0.718,0.643,0.365,1.443,1.6,2.327,1.103,1.171,0.757,1.136,1.581,1.379,1.585,1.119,1.412,1.628,2.292,1.787,2.229,1.486,1.462,1.904,1.902,1.769,1.308,1.157,1.061,0.866,1.302,1.605,1.328,1.245,1.181,0.957,0.983,1.207,0.861,1.015,0.885,0.832,0.456,0.673,0.528,0.808,0.859,0.441,1.006,1.455,0.96,1.052,0.943,0.677,0.841,0.757,0.88,1.761,1.067,1.538,1.19,1.625,1.651,1.382,2.01,2.091,1.338,1.843,2.28,2.077,2.134,1.658,1.129,1.806,1.715,2.225,3.385,3.406,3.192,3.224,3.921,3.308,3.589,4.01,3.712,5.511,4.936,4.487,4.095,3.77,4.456,,,,,,,,,,,,,,,,,,,,,,,,,,,,,,,,,
CO,PIPO,M,6H,A,6H-A,CO-PIPO-M-6H-A,,,2013,0,0,0,0,0,104,RINGWIDTH,1,NotAFile,10/16/2013 11:04,                   ,,2185 11933 8 RGB,Intr 0.021101 0.021161 N,EPSON EPSON Flatbed Scanner EPSON Perfection V700/V750 1.8 V3.24 3.24,0.0 [0],282.0000 8985.0000 417.0000 114.0000  1.0000,Tg A Int Y,50%,N F Acq,12 1.2922 Lin 1.00,0.1630 0.3580 0.5650 0.7595 0.9735 1.1605 1.3575 1.5370 1.7370 1.9300 2.1280 2.3400 ,22 41 67 92 117 137 155 171 184 195 204 211 ,0.2106 0.4626 0.7301 0.9814 1.2580 1.4996 1.7542 1.9861 2.2446 2.4939 2.7498 3.0237 ,0,0,0,0,0,0,187.7445,0.292,0.732,1.066,1.176,1.026,0.864,1.032,0.896,0.884,0.485,0.63,1.066,1.276,1.974,1.609,1.714,1.178,2.596,2.036,2.257,2.203,1.755,2.151,2.406,2.229,1.885,2.019,1.352,1.598,1.673,1.702,1.428,0.985,0.968,0.937,0.536,1.027,1.139,0.896,1.166,1.208,1.229,1.049,1.631,1.526,1.459,1.41,1.308,0.935,0.621,0.794,0.711,0.754,0.26,0.939,1.442,1.007,1.348,1.149,1.114,1.205,0.669,0.542,1.208,0.831,0.975,0.667,0.92,0.899,1.464,1.066,1.166,1.19,0.933,0.933,1.41,1.685,1.485,1.15,1.458,2.001,1.914,2.421,1.873,2.216,2.882,3.105,2.592,2.785,3.304,2.894,3.848,3.234,4.165,3.522,3.645,4.403,3.276,4.641,4.206,4.005,3.998,4.536,1.105,,,,,,,,,,,,,,,,,,,,,,,,,,,
CO,PIPO,M,6H,B,6H-B,CO-PIPO-M-6H-B,,,2013,0,0,0,0,0,104,RINGWIDTH,1,NotAFile,10/16/2013 11:04,                   ,,2185 11933 8 RGB,Intr 0.021101 0.021161 N,EPSON EPSON Flatbed Scanner EPSON Perfection V700/V750 1.8 V3.24 3.24,0.0 [0],1773.0000 8997.0000 1875.0000 1002.0000  1.0000,Tg A Int Y,50%,N F Acq,12 1.2922 Lin 1.00,0.1630 0.3580 0.5650 0.7595 0.9735 1.1605 1.3575 1.5370 1.7370 1.9300 2.1280 2.3400 ,22 41 67 92 117 137 155 171 184 195 204 211 ,0.2106 0.4626 0.7301 0.9814 1.2580 1.4996 1.7542 1.9861 2.2446 2.4939 2.7498 3.0237 ,0,0,0,0,0,0,169.1991,0.362,0.802,0.929,1.269,1.227,1.1,1.163,1.037,1.143,0.487,0.655,1.286,1.513,1.85,1.286,1.225,0.846,1.439,1.079,1.27,1.27,1.079,1.65,1.288,0.845,1.225,1.373,0.825,0.74,1.164,1.524,1.331,0.74,0.994,0.782,0.338,0.677,0.973,0.719,0.889,0.592,0.804,0.825,1.265,1.014,1.375,1.27,1.1,0.952,0.592,0.782,0.804,0.804,0.254,1.015,1.417,1.015,1.143,1.312,1.121,1.225,1.013,0.928,1.669,1.036,1.163,1.037,1.204,1.098,1.733,1.394,1.353,1.331,0.949,1.29,1.819,1.586,1.713,1.206,1.312,1.753,1.732,2.155,2.178,2.137,2.37,3.084,2.482,2.479,2.916,2.738,3.45,3.316,3.489,2.843,3.209,4.269,3.217,3.496,2.726,3.567,4.522,3.782,6.444,,,,,,,,,,,,,,,,,,,,,,,,,,,
CO,PIPO,M,6L,A,6L-A,CO-PIPO-M-6L-A,,,2013,0,0,0,0,0,97,RINGWIDTH,1,NotAFile,10/18/2013 9:59,                   ,,2166 11381 8 RGB,Intr 0.021101 0.021161 N,EPSON EPSON Flatbed Scanner EPSON Perfection V700/V750 1.8 V3.24 3.24,0.0 [0],252.0000 8985.0000 252.0000 687.0000  1.0000,Tg A Int Y,50%,N F Acq,12 1.2922 Lin 1.00,0.1630 0.3580 0.5650 0.7595 0.9735 1.1605 1.3575 1.5370 1.7370 1.9300 2.1280 2.3400 ,22 41 67 92 117 137 155 171 184 195 204 211 ,0.2106 0.4626 0.7301 0.9814 1.2580 1.4996 1.7542 1.9861 2.2446 2.4939 2.7498 3.0237 ,0,0,0,0,0,0,175.5974,0.025,0.448,0.628,0.756,0.708,0.494,0.476,0.249,0.791,0.584,0.491,0.716,0.745,1.721,1.268,1.268,0.832,1.705,1.434,1.186,1.437,1.039,1.232,1.408,1.261,1.387,1.324,0.817,0.795,1.023,0.898,0.792,0.582,0.724,0.6,0.331,0.52,0.814,0.63,0.695,0.654,0.613,0.232,0.675,0.909,1.475,1.407,1.159,0.724,0.561,0.769,0.952,0.915,0.455,1.138,1.336,0.898,1.206,1.117,1.029,0.968,0.773,0.753,1.453,1.064,0.95,1.017,1.176,1.092,1.51,1.444,1.679,1.247,0.933,1.573,1.649,1.404,1.843,1.179,1.846,2.682,1.86,3.003,2.851,2.75,3.169,2.69,3.073,2.529,3.773,3.483,5.274,4.861,4.861,6.959,6.241,13.013,,,,,,,,,,,,,,,,,,,,,,,,,,,,,,,,,,
CO,PIPO,M,6L,B,6L-B,CO-PIPO-M-6L-B,,,2013,0,0,0,0,0,102,RINGWIDTH,1,NotAFile,10/18/2013 9:59,                   ,,2166 11381 8 RGB,Intr 0.021101 0.021161 N,EPSON EPSON Flatbed Scanner EPSON Perfection V700/V750 1.8 V3.24 3.24,0.0 [0],1707.0000 10713.0000 1743.0000 156.0000  1.0000,Tg A Int Y,50%,N F Acq,12 1.2922 Lin 1.00,0.1630 0.3580 0.5650 0.7595 0.9735 1.1605 1.3575 1.5370 1.7370 1.9300 2.1280 2.3400 ,22 41 67 92 117 137 155 171 184 195 204 211 ,0.2106 0.4626 0.7301 0.9814 1.2580 1.4996 1.7542 1.9861 2.2446 2.4939 2.7498 3.0237 ,0,0,0,0,0,0,223.4023,0.181,0.571,0.762,0.889,0.762,0.719,0.719,0.696,1.29,0.846,0.571,1.161,1.161,2.005,1.308,1.412,1.201,1.959,1.412,1.369,1.634,1.127,1.541,1.814,1.482,2.08,2.17,1.583,1.543,1.944,1.858,1.562,0.95,1.268,1.245,0.948,1.324,1.807,1.327,1.501,1.142,1.163,0.634,1.268,1.565,2.158,1.947,1.649,1.12,1.236,1.575,1.858,1.48,0.888,1.439,2.222,1.733,1.773,2.007,1.564,1.628,1.625,1.501,1.837,1.412,1.664,1.644,1.828,1.607,1.711,1.76,1.794,1.457,1.227,1.883,1.798,2.179,2.073,2.325,2.828,2.954,3.079,4.022,4.001,3.687,4.42,4.211,3.813,3.684,4.812,3.729,4.481,4.412,4.401,4.199,3.84,5.346,5.681,5.071,3.928,6.853,3.202,,,,,,,,,,,,,,,,,,,,,,,,,,,,,
CO,PIPO,M,7L,A,7L-A,CO-PIPO-M-7L-A,,,2013,0,0,0,0,0,104,RINGWIDTH,1,NotAFile,10/21/2013 12:15,                   ,,2205 13508 8 RGB,Intr 0.021101 0.021161 N,EPSON EPSON Flatbed Scanner EPSON Perfection V700/V750 1.8 V3.24 3.24,0.0 [0],368.0000 10174.0000 308.0000 48.0000  1.0000,Tg A Int Y,50%,N F Acq,12 1.2922 Lin 1.00,0.1630 0.3580 0.5650 0.7595 0.9735 1.1605 1.3575 1.5370 1.7370 1.9300 2.1280 2.3400 ,22 41 67 92 117 137 155 171 184 195 204 211 ,0.2106 0.4626 0.7301 0.9814 1.2580 1.4996 1.7542 1.9861 2.2446 2.4939 2.7498 3.0237 ,0,0,0,0,0,0,214.2842,0.321,0.508,0.656,0.635,0.825,0.634,0.825,0.592,0.803,0.482,0.573,0.253,0.823,0.992,1.714,0.973,1.247,1.014,1.629,1.036,0.951,1.392,1.434,1.519,1.392,1.322,1.133,1.688,1.139,0.928,1.05,0.606,0.83,0.685,0.705,0.962,0.674,0.8,1.45,1.112,1.046,1.153,1.154,0.861,1.637,1.297,1.358,1.49,2.152,1.427,1.339,1.646,1.335,1.339,1.16,1.331,2.489,1.958,2.904,2.24,2.376,2.332,1.621,2.183,2.341,1.94,2.961,2.239,2.708,2.971,3.626,3.372,3.93,3.23,2.751,3.07,2.959,3.687,3.224,2.684,2.869,3.334,3.105,3.694,3.651,2.734,3.943,3.983,3.584,3.614,4.284,3.563,4.783,4.282,3.716,3.52,2.792,4.067,2.974,2.97,2.673,3.046,1.766,0.403,,,,,,,,,,,,,,,,,,,,,,,,,,,
CO,PIPO,M,7L,B,7L-B,CO-PIPO-M-7L-B,,,2013,0,0,0,0,0,97,RINGWIDTH,1,NotAFile,10/21/2013 12:15,                   ,,2205 13508 8 RGB,Intr 0.021101 0.021161 N,EPSON EPSON Flatbed Scanner EPSON Perfection V700/V750 1.8 V3.24 3.24,0.0 [0],1900.0000 11748.0000 1736.0000 1390.0000  1.0000,Tg A Int Y,50%,N F Acq,12 1.2922 Lin 1.00,0.1630 0.3580 0.5650 0.7595 0.9735 1.1605 1.3575 1.5370 1.7370 1.9300 2.1280 2.3400 ,22 41 67 92 117 137 155 171 184 195 204 211 ,0.2106 0.4626 0.7301 0.9814 1.2580 1.4996 1.7542 1.9861 2.2446 2.4939 2.7498 3.0237 ,0,0,0,0,0,0,219.2172,0.429,0.677,0.994,0.994,0.888,0.698,0.719,0.592,0.825,0.465,0.571,0.164,0.66,0.739,1.164,1.1,1.206,0.804,0.952,0.887,0.909,1.205,1.248,1.417,1.119,1.433,1.183,1.436,1.204,0.887,1.143,0.783,0.487,0.55,0.783,0.677,0.38,0.825,1.309,1.009,1.239,1.363,1.349,1.046,1.883,1.742,1.47,1.22,1.216,0.78,0.694,0.609,1.195,1.593,1.093,1.617,2.201,1.861,2.453,1.946,1.755,2.125,1.735,2.264,3.089,1.926,2.495,2.263,2.495,2.619,3.364,3.066,2.884,2.766,2.751,3.492,2.788,3.136,3.148,2.957,3.019,2.946,3.649,3.935,4.119,4.323,5.282,4.433,4.017,4.775,5.726,5.449,7.006,5.368,4.915,7.674,18.376,,,,,,,,,,,,,,,,,,,,,,,,,,,,,,,,,,
CO,PIPO,M,7H,A,7H-A,CO-PIPO-M-7H-A,,,2013,0,0,0,0,0,105,RINGWIDTH,1,NotAFile,10/21/2013 12:54,                   ,,2205 11992 8 RGB,Intr 0.021101 0.021161 N,EPSON EPSON Flatbed Scanner EPSON Perfection V700/V750 1.8 V3.24 3.24,0.0 [0],366.0000 8409.0000 381.0000 108.0000  1.0000,Tg A Int Y,50%,N F Acq,12 1.2922 Lin 1.00,0.1630 0.3580 0.5650 0.7595 0.9735 1.1605 1.3575 1.5370 1.7370 1.9300 2.1280 2.3400 ,22 41 67 92 117 137 155 171 184 195 204 211 ,0.2106 0.4626 0.7301 0.9814 1.2580 1.4996 1.7542 1.9861 2.2446 2.4939 2.7498 3.0237 ,0,0,0,0,0,0,175.6611,0.307,0.571,0.823,0.973,1.057,0.846,1.248,0.816,1.179,0.972,0.886,0.253,0.781,1.266,2.071,1.608,1.735,0.741,1.374,1.079,0.931,1.137,0.861,1.147,1.005,1.528,1.633,1.758,1.254,1.355,1.647,2.252,1.277,1.11,1.298,1.033,0.475,1.089,1.425,0.751,1.008,0.924,0.963,0.586,1.335,1.214,1.364,1.329,1.218,0.931,0.953,1.038,1.017,0.858,0.396,1.267,1.863,1.207,1.675,1.116,1.331,1.472,0.841,0.544,1.068,0.945,0.948,0.847,0.948,1.059,1.336,1.411,1.491,1.089,0.927,1.241,1.381,1.389,1.446,1.027,1.501,1.596,1.569,2.187,1.458,2.022,2.439,2.598,2.15,1.701,1.565,1.9,3.067,2.807,3.357,2.736,2.518,4.798,2.666,3.641,3.495,3.786,4.315,4.4,3.264,,,,,,,,,,,,,,,,,,,,,,,,,,
CO,PIPO,M,7H,B,7H-B,CO-PIPO-M-7H-B,,,2013,0,0,0,0,0,102,RINGWIDTH,1,NotAFile,10/21/2013 12:54,                   ,,2205 11992 8 RGB,Intr 0.021101 0.021161 N,EPSON EPSON Flatbed Scanner EPSON Perfection V700/V750 1.8 V3.24 3.24,0.0 [0],1814.0000 9130.0000 1720.0000 314.0000  1.0000,Tg A Int Y,50%,N F Acq,12 1.2922 Lin 1.00,0.1630 0.3580 0.5650 0.7595 0.9735 1.1605 1.3575 1.5370 1.7370 1.9300 2.1280 2.3400 ,22 41 67 92 117 137 155 171 184 195 204 211 ,0.2106 0.4626 0.7301 0.9814 1.2580 1.4996 1.7542 1.9861 2.2446 2.4939 2.7498 3.0237 ,0,0,0,0,0,0,186.5695,0.536,1.15,1.589,1.506,1.006,0.967,1.113,0.65,1.238,0.65,0.84,0.336,0.815,1.003,1.902,1.241,1.241,0.968,1.767,1.704,1.429,1.636,1.61,1.751,1.871,1.972,1.741,2.135,2.197,2.436,2.331,2.289,1.907,1.259,1.639,1.036,0.412,1.093,1.546,0.949,1.267,0.952,1.199,0.877,2.064,1.775,1.605,1.517,1.488,0.783,0.721,0.784,1.01,0.718,0.302,1.246,1.603,1.218,1.58,1.186,1.414,1.379,1.182,0.792,1.579,1.134,1.175,1.119,1.231,0.994,1.451,1.603,1.59,1.258,1.086,1.041,1.257,1.317,1.529,1.132,1.718,2.1,1.832,2.56,1.974,2.012,2.624,2.355,2.154,2.091,2.999,2.247,3.884,3.064,3.22,3.789,2.528,4.532,2.549,4.961,5.589,2.594,,,,,,,,,,,,,,,,,,,,,,,,,,,,,
CO,PIPO,M,8H,A,8H-A,CO-PIPO-M-8H-A,,,2013,0,0,0,0,0,109,RINGWIDTH,1,NotAFile,10/21/2013 13:17,                   ,,2382 13724 8 RGB,Intr 0.021101 0.021161 N,EPSON EPSON Flatbed Scanner EPSON Perfection V700/V750 1.8 V3.24 3.24,0.0 [0],348.0000 12576.0000 348.0000 225.0000  1.0000,Tg A Int Y,50%,N F Acq,12 1.2922 Lin 1.00,0.1630 0.3580 0.5650 0.7595 0.9735 1.1605 1.3575 1.5370 1.7370 1.9300 2.1280 2.3400 ,22 41 67 92 117 137 155 171 184 195 204 211 ,0.2106 0.4626 0.7301 0.9814 1.2580 1.4996 1.7542 1.9861 2.2446 2.4939 2.7498 3.0237 ,0,0,0,0,0,0,261.3646,0.285,0.529,0.992,0.845,1.12,0.78,0.82,0.655,0.972,0.57,0.623,0.102,0.817,1.185,1.545,1.522,1.352,1.182,2.198,1.543,1.628,1.815,1.555,1.517,1.62,1.933,2.711,2.786,2.567,2.227,2.254,1.795,1.117,1.31,1.153,1.2,0.499,1.089,1.643,1.066,1.523,1.41,1.306,1.065,2.098,1.854,2.032,1.984,1.921,1.625,1.141,1.437,1.5,1.52,0.792,2.327,2.283,1.555,1.975,1.434,1.374,1.732,0.95,1.414,2.256,2.047,2.442,1.55,2.026,2.322,2.873,2.621,2.619,2.259,1.71,3.023,2.727,3.044,3.026,1.987,2.518,3.745,2.585,3.908,3.656,4.095,5.024,4.125,3.847,5.093,5.133,4.275,5.581,5.014,4.642,4.163,4.999,5.889,4.258,5.479,4.613,5.397,6.718,5.626,3.418,2.515,2.153,0.91,2.19,,,,,,,,,,,,,,,,,,,,,,
CO,PIPO,M,8H,A,8H-A,CO-PIPO-M-8H-A,,,2013,0,0,0,0,0,109,RINGWIDTH,1,co-pipo-m-8h_all.tif,10/21/2013 15:42,                   ,,2382 13724 8 RGB,Intr 0.021101 0.021161 N,Regent Instruments Inc.  WinDENDRO Reg 2009b,0.0 [0],348.0000 12576.0000 348.0000 225.0000  1.0000,Tg A Int Y,50%,N F Acq,12 1.2922 Lin 1.00,0.1630 0.3580 0.5650 0.7595 0.9735 1.1605 1.3575 1.5370 1.7370 1.9300 2.1280 2.3400 ,22 41 67 92 117 137 155 171 184 195 204 211 ,0.2106 0.4626 0.7301 0.9814 1.2580 1.4996 1.7542 1.9861 2.2446 2.4939 2.7498 3.0237 ,0,0,0,0,0,0,261.3646,0.285,0.529,0.992,0.845,1.12,0.78,0.82,0.655,0.972,0.57,0.623,0.102,0.817,1.185,1.545,1.522,1.352,1.182,2.198,1.543,1.628,1.815,1.555,1.517,1.62,1.933,2.711,2.786,2.567,2.227,2.254,1.795,1.117,1.31,1.153,1.2,0.499,1.089,1.643,1.066,1.523,1.41,1.306,1.065,2.098,1.854,2.032,1.984,1.921,1.625,1.141,1.437,1.5,1.52,0.792,2.327,2.283,1.555,1.975,1.434,1.374,1.732,0.95,1.414,2.256,2.047,2.442,1.55,2.026,2.322,2.873,2.621,2.619,2.259,1.71,3.023,2.727,3.044,3.026,1.987,2.518,3.745,2.585,3.908,3.656,4.095,5.024,4.125,3.847,5.093,5.133,4.275,5.581,5.014,4.642,4.163,4.999,5.889,4.258,5.479,4.613,5.397,6.718,5.626,3.418,2.515,2.153,0.91,2.19,,,,,,,,,,,,,,,,,,,,,,
CO,PIPO,M,8H,B,8H-B,CO-PIPO-M-8H-B,,,2013,0,0,0,0,0,94,RINGWIDTH,1,co-pipo-m-8h_all.tif,10/21/2013 15:42,                   ,,2382 13724 8 RGB,Intr 0.021101 0.021161 N,Regent Instruments Inc.  WinDENDRO Reg 2009b,0.0 [0],1758.0000 13563.0000 2013.0000 4299.0000  1.0000,Tg A Int Y,50%,N F Acq,12 1.2922 Lin 1.00,0.1630 0.3580 0.5650 0.7595 0.9735 1.1605 1.3575 1.5370 1.7370 1.9300 2.1280 2.3400 ,22 41 67 92 117 137 155 171 184 195 204 211 ,0.2106 0.4626 0.7301 0.9814 1.2580 1.4996 1.7542 1.9861 2.2446 2.4939 2.7498 3.0237 ,0,0,0,0,0,0,196.1131,0.284,0.612,1.055,1.245,1.12,1.011,1.051,0.756,1.39,0.816,0.723,0.165,1.131,1.423,2.205,1.988,1.905,1.113,2.099,1.679,2.527,2.436,1.904,2.218,2.194,2.292,2.658,3.169,2.131,1.862,2.01,1.432,1.302,1.371,1.354,1.46,0.4,1.199,2.163,0.841,1.874,1.36,1.23,1.313,2.293,1.835,2.412,1.73,2.397,1.621,1.16,1.491,1.663,1.176,0.755,2.259,2.314,1.817,2.392,1.566,1.494,2.055,0.83,1.121,2.218,2.156,2.63,1.337,1.972,1.951,2.637,2.388,2.919,2.368,2.168,2.878,3.357,2.88,2.552,1.261,2.097,3.181,1.735,3.249,3.447,3.123,3.559,3.555,3.519,4.198,4.41,3.455,5.08,3.118,,,,,,,,,,,,,,,,,,,,,,,,,,,,,,,,,,,,,
CO,PIPO,M,8L,A,8L-A,CO-PIPO-M-8L-A,,,2013,0,0,0,0,0,94,RINGWIDTH,1,NotAFile,10/21/2013 16:00,                   ,,2126 12878 8 RGB,Intr 0.021101 0.021161 N,EPSON EPSON Flatbed Scanner EPSON Perfection V700/V750 1.8 V3.24 3.24,0.0 [0],231.0000 11361.0000 328.0000 405.0000  1.0000,Tg A Int Y,50%,N F Acq,12 1.2922 Lin 1.00,0.1630 0.3580 0.5650 0.7595 0.9735 1.1605 1.3575 1.5370 1.7370 1.9300 2.1280 2.3400 ,22 41 67 92 117 137 155 171 184 195 204 211 ,0.2106 0.4626 0.7301 0.9814 1.2580 1.4996 1.7542 1.9861 2.2446 2.4939 2.7498 3.0237 ,0,0,0,0,0,0,231.4724,0.399,0.676,1.349,1.241,1.22,1.184,0.994,0.994,1.756,0.868,0.571,0.235,0.97,0.777,1.535,1.325,1.394,1.165,2.289,1.45,2.163,1.877,3.089,2.412,2.814,2.988,3.746,4.521,2.43,1.898,2.125,2.261,1.269,1.734,1.861,1.332,0.698,1.776,2.662,1.608,1.755,1.226,1.614,0.797,2.803,3.162,3.921,3.857,3.647,2.068,1.711,1.944,2.136,1.544,0.825,2.534,2.981,1.929,2.872,1.813,3.225,3.626,2.632,3.512,3.753,1.988,3.071,2.018,3.251,3.255,4.032,3.114,3.465,2.788,3.092,4.369,4.337,3.865,3.195,1.979,3.252,4.274,2.675,3.196,3.255,3.485,3.763,3.251,2.543,3.368,3.935,3.041,3.797,5.006,,,,,,,,,,,,,,,,,,,,,,,,,,,,,,,,,,,,,
CO,PIPO,M,8L,B,8L-B,CO-PIPO-M-8L-B,,,2013,0,0,0,0,0,92,RINGWIDTH,1,NotAFile,10/21/2013 16:00,                   ,,2126 12878 8 RGB,Intr 0.021101 0.021161 N,EPSON EPSON Flatbed Scanner EPSON Perfection V700/V750 1.8 V3.24 3.24,0.0 [0],1746.0000 11598.0000 1740.0000 382.0000  1.0000,Tg A Int Y,50%,N F Acq,12 1.2922 Lin 1.00,0.1630 0.3580 0.5650 0.7595 0.9735 1.1605 1.3575 1.5370 1.7370 1.9300 2.1280 2.3400 ,22 41 67 92 117 137 155 171 184 195 204 211 ,0.2106 0.4626 0.7301 0.9814 1.2580 1.4996 1.7542 1.9861 2.2446 2.4939 2.7498 3.0237 ,0,0,0,0,0,0,237.3464,0.285,0.74,1.121,1.651,1.247,1.122,0.804,1.205,1.468,0.791,0.591,0.254,1.519,1.953,3.454,2.801,2.383,1.648,2.659,1.654,1.821,1.064,1.064,1.064,1.251,1.964,1.78,2.611,2.121,1.641,2.864,3.361,1.989,2.327,2.031,1.312,0.613,1.862,2.73,2.431,2.668,2.31,2.751,1.533,3.332,1.936,2.321,2.684,2.725,1.182,1.055,1.797,1.543,1.84,1.058,2.709,3.279,2.917,2.919,2.539,3.195,4.696,2.306,3.609,4.334,2.639,2.724,2.01,3.4,3.169,3.403,4.185,3.554,2.856,2.473,5.094,5.216,4.198,3.201,2.701,3.693,4.108,3.068,4.073,4.168,4.03,4.423,3.217,3.919,4.626,7.14,3.155,,,,,,,,,,,,,,,,,,,,,,,,,,,,,,,,,,,,,,,
CO,PIPO,M,9H,A,9H-A,CO-PIPO-M-9H-A,,,2013,0,0,0,0,0,101,RINGWIDTH,1,NotAFile,10/21/2013 16:13,                   ,,2106 11322 8 RGB,Intr 0.021101 0.021161 N,EPSON EPSON Flatbed Scanner EPSON Perfection V700/V750 1.8 V3.24 3.24,0.0 [0],387.0000 6647.0000 270.0000 114.0000  1.0000,Tg A Int Y,50%,N F Acq,12 1.2922 Lin 1.00,0.1630 0.3580 0.5650 0.7595 0.9735 1.1605 1.3575 1.5370 1.7370 1.9300 2.1280 2.3400 ,22 41 67 92 117 137 155 171 184 195 204 211 ,0.2106 0.4626 0.7301 0.9814 1.2580 1.4996 1.7542 1.9861 2.2446 2.4939 2.7498 3.0237 ,0,0,0,0,0,0,138.2695,0.137,0.295,0.631,0.737,0.695,0.61,0.589,0.568,0.947,0.274,0.504,0.567,0.631,1.01,1.266,1.202,0.631,1.41,1.179,1.347,1.078,1.036,0.761,0.868,1.143,1.565,1.585,1.079,1.183,1.606,1.542,1.015,0.952,1.142,0.973,0.36,0.634,1.143,0.719,0.698,0.317,0.423,0.317,0.846,0.867,1.16,1.458,1.54,1.12,0.804,0.91,1.184,1.226,0.338,1.185,1.312,0.825,1.058,0.783,0.868,1.143,0.487,0.529,1.079,0.868,0.973,0.697,1.073,1.158,1.221,1.329,1.416,1.079,0.846,1.27,1.354,1.185,0.931,0.656,1.227,1.438,0.783,1.777,1.521,1.624,2.149,2.603,1.741,2.579,2.179,2.269,2.978,2.697,2.94,2.692,2.637,4.001,4,4.813,4.214,1.721,,,,,,,,,,,,,,,,,,,,,,,,,,,,,,
CO,PIPO,M,9H,B,9H-B,CO-PIPO-M-9H-B,,,2013,0,0,0,0,0,97,RINGWIDTH,1,NotAFile,10/21/2013 16:13,                   ,,2106 11322 8 RGB,Intr 0.021101 0.021161 N,EPSON EPSON Flatbed Scanner EPSON Perfection V700/V750 1.8 V3.24 3.24,0.0 [0],1770.0000 6432.0000 1568.0000 704.0000  1.0000,Tg A Int Y,50%,N F Acq,12 1.2922 Lin 1.00,0.1630 0.3580 0.5650 0.7595 0.9735 1.1605 1.3575 1.5370 1.7370 1.9300 2.1280 2.3400 ,22 41 67 92 117 137 155 171 184 195 204 211 ,0.2106 0.4626 0.7301 0.9814 1.2580 1.4996 1.7542 1.9861 2.2446 2.4939 2.7498 3.0237 ,0,0,0,0,0,0,121.2875,0.211,0.275,0.614,0.762,0.698,0.571,0.592,0.401,0.804,0.36,0.529,0.529,0.55,1.014,1.143,1.245,0.553,1.375,1.035,0.907,1.075,0.864,0.654,0.655,0.969,1.468,1.818,1.11,1.279,1.594,1.3,0.776,1.091,1.279,0.671,0.271,0.833,1.216,0.585,0.734,0.251,0.543,0.293,0.857,0.94,1.065,1.069,1.472,1.069,0.815,0.815,1.233,0.982,0.358,1.008,1.237,0.714,0.799,0.694,0.86,1.006,0.461,0.463,1.128,0.649,0.713,0.65,1.028,1.043,1.212,1.296,1.238,0.965,0.961,1.022,1.316,1.13,0.99,0.471,1.148,1.609,0.724,1.847,1.626,1.789,1.954,2.697,1.833,2.304,2.484,2.306,3.556,3.074,3.45,3.244,3.09,1.57,,,,,,,,,,,,,,,,,,,,,,,,,,,,,,,,,,
CO,PIPO,M,9L,A,9L-A,CO-PIPO-M-9L-A,,,2013,0,0,0,0,0,90,RINGWIDTH,1,NotAFile,10/21/2013 16:25,                   ,,2185 10082 8 RGB,Intr 0.021101 0.021161 N,EPSON EPSON Flatbed Scanner EPSON Perfection V700/V750 1.8 V3.24 3.24,0.0 [0],318.0000 7389.0000 486.0000 216.0000  1.0000,Tg A Int Y,50%,N F Acq,12 1.2922 Lin 1.00,0.1630 0.3580 0.5650 0.7595 0.9735 1.1605 1.3575 1.5370 1.7370 1.9300 2.1280 2.3400 ,22 41 67 92 117 137 155 171 184 195 204 211 ,0.2106 0.4626 0.7301 0.9814 1.2580 1.4996 1.7542 1.9861 2.2446 2.4939 2.7498 3.0237 ,0,0,0,0,0,0,151.8322,0.344,0.357,0.9,0.649,0.703,0.496,0.599,0.433,0.557,0.35,0.657,0.512,0.634,1.314,0.897,1.169,0.521,1.33,1.083,0.854,1.091,0.9,0.926,0.736,1.302,1.445,1.579,1.098,1.096,1.527,1.153,0.844,0.868,0.889,0.665,0.311,0.561,0.837,0.481,0.819,0.589,0.779,0.588,0.942,0.98,1.537,1.058,1.512,0.951,0.772,1.045,0.921,0.875,0.403,1.449,1.925,1.27,1.692,1.29,1.627,2.494,1.374,1.727,2.659,1.675,1.898,1.633,1.914,2.167,2.733,2.148,2.825,2.567,2.346,2.887,2.899,2.951,2.896,1.752,2.839,3.804,2.944,3.926,3.847,4.181,4.578,4.496,3.466,4.089,2.028,,,,,,,,,,,,,,,,,,,,,,,,,,,,,,,,,,,,,,,,,
CO,PIPO,M,9L,B,9L-B,CO-PIPO-M-9L-B,,,2013,0,0,0,0,0,88,RINGWIDTH,1,NotAFile,10/21/2013 16:25,                   ,,2185 10082 8 RGB,Intr 0.021101 0.021161 N,EPSON EPSON Flatbed Scanner EPSON Perfection V700/V750 1.8 V3.24 3.24,0.0 [0],1750.0000 8158.0000 1786.0000 2050.0000  1.0000,Tg A Int Y,50%,N F Acq,12 1.2922 Lin 1.00,0.1630 0.3580 0.5650 0.7595 0.9735 1.1605 1.3575 1.5370 1.7370 1.9300 2.1280 2.3400 ,22 41 67 92 117 137 155 171 184 195 204 211 ,0.2106 0.4626 0.7301 0.9814 1.2580 1.4996 1.7542 1.9861 2.2446 2.4939 2.7498 3.0237 ,0,0,0,0,0,0,129.2561,0.318,0.4,0.634,0.487,0.614,0.465,0.698,0.381,0.601,0.38,0.667,0.466,0.635,1.248,0.846,1.079,0.614,1.164,1.015,0.825,1.375,1.058,0.738,0.931,1.372,1.45,1.787,1.102,1.037,1.262,0.926,1.199,0.832,1.002,0.624,0.231,0.673,0.904,0.715,0.925,0.631,0.906,0.611,1.093,1.027,1.301,1.238,1.378,0.959,0.707,1.102,0.979,0.793,0.313,0.981,1.552,0.885,1.393,1.081,1.684,1.429,0.884,1.185,1.747,1.449,1.507,1.256,1.705,1.718,2.138,1.696,1.987,1.837,1.485,2.348,2.215,2.243,2.288,1.685,2.48,2.943,2.45,3.728,3.985,2.572,1.642,4.337,3.027,,,,,,,,,,,,,,,,,,,,,,,,,,,,,,,,,,,,,,,,,,,
CO,PIPO,M,10H,A,10H-A,CO-PIPO-M-10H-A,,,2013,0,0,0,0,0,104,RINGWIDTH,1,NotAFile,10/21/2013 16:36,                   ,,2126 11578 8 RGB,Intr 0.021101 0.021161 N,EPSON EPSON Flatbed Scanner EPSON Perfection V700/V750 1.8 V3.24 3.24,0.0 [0],315.0000 7866.0000 336.0000 1908.0000  1.0000,Tg A Int Y,50%,N F Acq,12 1.2922 Lin 1.00,0.1630 0.3580 0.5650 0.7595 0.9735 1.1605 1.3575 1.5370 1.7370 1.9300 2.1280 2.3400 ,22 41 67 92 117 137 155 171 184 195 204 211 ,0.2106 0.4626 0.7301 0.9814 1.2580 1.4996 1.7542 1.9861 2.2446 2.4939 2.7498 3.0237 ,0,0,0,0,0,0,126.0804,0.214,0.739,1.093,1.215,0.965,1.05,0.82,0.862,1.055,0.846,0.825,0.846,0.677,1.564,1.141,1.625,0.55,1.33,1.056,1.309,1.098,1.051,0.897,0.831,1.072,1.471,1.618,1.053,1.053,1.117,1.114,0.613,0.656,0.719,0.676,0.211,0.571,0.783,0.423,0.846,0.782,0.844,0.698,0.973,0.804,0.762,0.846,0.909,0.549,0.444,0.444,0.402,0.55,0.085,0.466,0.635,0.339,0.804,0.716,0.462,0.757,0.336,0.567,0.902,0.587,0.901,0.571,0.654,0.716,1.093,0.988,0.668,0.564,0.459,0.647,0.669,0.691,0.822,0.359,0.699,1.014,0.486,1.287,1.291,0.783,1.524,1.502,1.037,1.523,1.185,1.643,2.032,2.4,2.212,2.041,2.354,4.14,3.148,4.222,3.11,4.311,6.269,4.924,2.828,,,,,,,,,,,,,,,,,,,,,,,,,,,
CO,PIPO,M,10H,B,10H-B,CO-PIPO-M-10H-B,,,2013,0,0,0,0,0,102,RINGWIDTH,1,NotAFile,10/21/2013 16:36,                   ,,2126 11578 8 RGB,Intr 0.021101 0.021161 N,EPSON EPSON Flatbed Scanner EPSON Perfection V700/V750 1.8 V3.24 3.24,0.0 [0],1768.0000 6786.0000 1612.0000 238.0000  1.0000,Tg A Int Y,50%,N F Acq,12 1.2922 Lin 1.00,0.1630 0.3580 0.5650 0.7595 0.9735 1.1605 1.3575 1.5370 1.7370 1.9300 2.1280 2.3400 ,22 41 67 92 117 137 155 171 184 195 204 211 ,0.2106 0.4626 0.7301 0.9814 1.2580 1.4996 1.7542 1.9861 2.2446 2.4939 2.7498 3.0237 ,0,0,0,0,0,0,138.604,0.471,1.025,1.348,1.417,1.227,1.079,0.994,0.825,1.27,0.762,0.779,0.947,1.029,1.92,1.502,1.562,0.76,1.33,1.199,1.424,1.327,1.052,1.008,0.963,1.173,1.196,1.596,1.022,1.27,1.33,1.018,0.872,0.847,0.789,0.831,0.312,0.765,0.914,0.62,1.018,0.73,0.733,0.563,1.165,1.074,0.796,1.163,1.038,0.778,0.615,0.658,0.554,0.492,0.184,0.633,0.879,0.388,0.92,0.782,0.576,0.699,0.351,0.579,1.142,0.831,0.714,0.688,0.73,0.939,0.978,0.873,0.849,0.695,0.568,0.726,0.893,0.781,0.748,0.417,0.722,1.111,0.651,1.596,1.363,1.083,1.728,1.692,1.226,1.448,1.608,1.587,2.684,2.703,2.696,2.206,2.561,4.398,3.279,4.354,3.409,4.907,3.693,,,,,,,,,,,,,,,,,,,,,,,,,,,,,
CO,PIPO,M,10L,A,10L-A,CO-PIPO-M-10L-A,,,2013,0,0,0,0,0,89,RINGWIDTH,1,NotAFile,10/21/2013 16:48,                   ,,2126 12011 8 RGB,Intr 0.021101 0.021161 N,EPSON EPSON Flatbed Scanner EPSON Perfection V700/V750 1.8 V3.24 3.24,0.0 [0],294.0000 8488.0000 362.0000 998.0000  1.0000,Tg A Int Y,50%,N F Acq,12 1.2922 Lin 1.00,0.1630 0.3580 0.5650 0.7595 0.9735 1.1605 1.3575 1.5370 1.7370 1.9300 2.1280 2.3400 ,22 41 67 92 117 137 155 171 184 195 204 211 ,0.2106 0.4626 0.7301 0.9814 1.2580 1.4996 1.7542 1.9861 2.2446 2.4939 2.7498 3.0237 ,0,0,0,0,0,0,158.5054,0.084,0.376,0.418,0.584,0.52,0.479,0.731,0.421,0.652,0.306,0.36,0.255,1.1,1.51,1.199,1.305,0.985,1.928,1.497,1.745,1.635,1.661,1.743,1.908,2.048,2.429,2.931,1.582,1.668,1.5,1.268,1.015,0.888,0.761,0.867,0.381,0.889,1.185,1.079,1.291,0.741,1.244,0.491,1.714,1.968,2.285,2.01,2.586,1.619,1.269,1.647,1.753,1.668,0.718,1.628,2.432,1.608,2.222,2.222,1.904,1.184,1.1,1.394,1.877,1.245,2.091,1.183,1.965,1.988,2.793,2.645,3.343,2.433,1.967,2.56,3.703,3.251,2.429,2.408,3.135,4.259,2.865,4.204,3.367,3.121,3.77,4.146,3.288,3.269,,,,,,,,,,,,,,,,,,,,,,,,,,,,,,,,,,,,,,,,,,
CO,PIPO,M,10L,B,10L-B,CO-PIPO-M-10L-B,,,2013,0,0,0,0,0,83,RINGWIDTH,1,NotAFile,10/21/2013 16:48,                   ,,2126 12011 8 RGB,Intr 0.021101 0.021161 N,EPSON EPSON Flatbed Scanner EPSON Perfection V700/V750 1.8 V3.24 3.24,0.0 [0],1764.0000 6084.0000 1778.0000 126.0000  1.0000,Tg A Int Y,50%,N F Acq,12 1.2922 Lin 1.00,0.1630 0.3580 0.5650 0.7595 0.9735 1.1605 1.3575 1.5370 1.7370 1.9300 2.1280 2.3400 ,22 41 67 92 117 137 155 171 184 195 204 211 ,0.2106 0.4626 0.7301 0.9814 1.2580 1.4996 1.7542 1.9861 2.2446 2.4939 2.7498 3.0237 ,0,0,0,0,0,0,126.08,0.186,0.353,0.535,0.511,0.406,0.424,0.65,0.634,0.579,0.292,0.399,0.263,0.769,1.177,0.859,1.148,0.802,1.199,0.748,0.967,0.822,0.843,0.867,0.931,1.354,1.246,2.491,1.382,0.972,1.592,1.551,1.096,1.158,1.336,1.231,0.401,0.925,0.968,0.864,1.093,0.791,0.782,0.511,1.61,1.592,1.774,2.139,2.012,1.077,1.057,1.26,1.206,1.649,0.626,1.638,2.148,1.543,1.49,1.841,1.344,1.137,1.016,1.016,1.69,1.315,1.507,1.03,1.764,1.657,1.998,2.337,2.822,2.187,1.871,2.393,2.963,2.601,2.527,1.974,2.868,4.105,3.675,1.502,,,,,,,,,,,,,,,,,,,,,,,,,,,,,,,,,,,,,,,,,,,,,,,,
CO,PIPO,M,1L,A,1L-A,CO-PIPO-M-1L-A,,,2013,0,0,0,0,0,98,RINGWIDTH,1,CO-PIPO-M-1L-all.tif,11/1/2013 12:52,                   ,,2185 12464 8 RGB,Intr 0.021101 0.021161 N,Regent Instruments Inc.  WinDENDRO Reg 2009b,0.0 [0],290.0000 10690.0000 410.0000 220.0000  1.0000,Tg A Int Y,50%,N F Acq,12 1.2922 Lin 1.00,0.1630 0.3580 0.5650 0.7595 0.9735 1.1605 1.3575 1.5370 1.7370 1.9300 2.1280 2.3400 ,22 41 67 92 117 137 155 171 184 195 204 211 ,0.2106 0.4626 0.7301 0.9814 1.2580 1.4996 1.7542 1.9861 2.2446 2.4939 2.7498 3.0237 ,0,0,0,0,0,0,221.5744,0.384,0.725,1.262,1.227,1.164,0.825,1.353,0.952,1.164,0.845,0.907,0.113,0.891,1.044,1.342,0.993,1.452,1.044,1.62,1.162,1.036,1.354,1.285,1.396,1.502,1.375,1.65,1.986,1.436,1.515,2.02,1.62,1.547,1.089,1.385,1.278,0.836,1.786,2.024,1.599,1.601,1.434,1.39,0.905,1.836,1.586,1.418,1.269,1.587,1.173,1.047,1.139,1.29,1.225,0.413,1.699,1.72,1.424,1.673,1.589,1.526,1.51,1.241,1.348,2.003,2.062,2.957,2.199,2.08,2.058,3.114,2.777,2.626,2.757,2.465,2.71,3.586,2.935,2.837,2.127,2.603,2.911,2.638,3.608,3.88,4.3,4.282,4.101,3.687,3.887,4.509,5.786,3.593,5.668,6.14,5.605,5.385,8.644,,,,,,,,,,,,,,,,,,,,,,,,,,,,,,,,,
CO,PIPO,M,1L,B,1L-B,CO-PIPO-M-1L-B,,,2013,0,0,0,0,0,102,RINGWIDTH,1,CO-PIPO-M-1L-all.tif,11/1/2013 12:52,                   ,,2185 12464 8 RGB,Intr 0.021101 0.021161 N,Regent Instruments Inc.  WinDENDRO Reg 2009b,0.0 [0],1828.0000 10660.0000 1876.0000 430.0000  1.0000,Tg A Int Y,50%,N F Acq,12 1.2922 Lin 1.00,0.1630 0.3580 0.5650 0.7595 0.9735 1.1605 1.3575 1.5370 1.7370 1.9300 2.1280 2.3400 ,22 41 67 92 117 137 155 171 184 195 204 211 ,0.2106 0.4626 0.7301 0.9814 1.2580 1.4996 1.7542 1.9861 2.2446 2.4939 2.7498 3.0237 ,0,0,0,0,0,0,216.4836,0.302,0.722,1.14,0.966,0.863,0.861,1.013,0.994,1.12,0.952,1.058,0.441,1.002,1.127,1.312,0.852,1.356,0.985,1.481,1.354,1.354,1.862,1.587,1.967,1.481,1.728,1.875,2.086,1.27,1.778,2.137,1.522,1.474,0.861,1.402,1.465,0.951,1.732,1.879,1.436,1.352,1.352,1.227,1.119,1.97,1.967,1.629,1.524,1.587,1.1,0.931,1.354,1.417,1.333,0.614,1.523,1.692,1.417,1.333,1.629,1.693,1.481,1.324,1.412,1.921,1.583,2.745,2.09,1.985,1.735,2.729,2.409,2.687,2.229,1.789,2.367,3.355,2.856,2.579,1.774,1.561,2.407,2.958,2.931,3.427,3.245,4.222,2.941,3.498,3.669,5.167,5.786,4.247,3.482,3.902,3.762,4.204,4.384,3.486,3.027,2.492,1.599,,,,,,,,,,,,,,,,,,,,,,,,,,,,,
CO,PIPO,M,1H,A,1H-A,CO-PIPO-M-1H-A,,,2013,0,0,0,0,0,100,RINGWIDTH,1,CO-PIPO-M-1H_all.tif,11/1/2013 12:53,                   ,,2185 12208 8 RGB,Intr 0.021101 0.021161 N,Regent Instruments Inc.  WinDENDRO Reg 2009b,0.0 [0],342.0000 12084.0000 453.0000 60.0000  1.0000,Tg A Int Y,50%,N F Acq,12 1.2922 Lin 1.00,0.1630 0.3580 0.5650 0.7595 0.9735 1.1605 1.3575 1.5370 1.7370 1.9300 2.1280 2.3400 ,22 41 67 92 117 137 155 171 184 195 204 211 ,0.2106 0.4626 0.7301 0.9814 1.2580 1.4996 1.7542 1.9861 2.2446 2.4939 2.7498 3.0237 ,0,0,0,0,0,0,254.4556,0.718,1.413,2.049,2.2,1.734,1.12,2.134,1.354,1.608,1.291,0.922,0.601,2.031,2.18,2.347,1.861,2.453,1.248,2.77,2.051,2.453,2.495,2.222,2.009,2.598,2.953,2.063,2.769,2.222,2.196,2.351,2.925,1.96,1.883,2.241,1.732,0.824,1.457,1.855,1.605,1.834,1.985,2.094,1.904,2.264,2.814,2.264,2.368,2.411,1.841,1.714,2.518,2.508,1.905,0.876,2.253,2.813,1.881,2.251,2.006,1.88,2.475,1.303,2.145,2.541,2.118,2.981,2.303,2.88,2.406,3.217,3.633,4.109,3.407,2.108,3.661,3.17,3.216,3.169,1.969,2.509,2.667,2.491,3.246,3.179,3.554,3.358,3.647,2.755,2.797,4.143,4.461,4.232,4.208,4.559,4.265,3.734,4.742,3.572,3.197,,,,,,,,,,,,,,,,,,,,,,,,,,,,,,,
CO,PIPO,M,1H,B,1H-B,CO-PIPO-M-1H-B,,,2013,0,0,0,0,0,107,RINGWIDTH,1,CO-PIPO-M-1H_all.tif,11/1/2013 12:53,                   ,,2185 12208 8 RGB,Intr 0.021101 0.021161 N,Regent Instruments Inc.  WinDENDRO Reg 2009b,0.0 [0],1808.0000 11296.0000 1800.0000 152.0000  1.0000,Tg A Int Y,50%,N F Acq,12 1.2922 Lin 1.00,0.1630 0.3580 0.5650 0.7595 0.9735 1.1605 1.3575 1.5370 1.7370 1.9300 2.1280 2.3400 ,22 41 67 92 117 137 155 171 184 195 204 211 ,0.2106 0.4626 0.7301 0.9814 1.2580 1.4996 1.7542 1.9861 2.2446 2.4939 2.7498 3.0237 ,0,0,0,0,0,0,235.8228,0.151,0.843,0.91,0.978,0.951,0.74,1.341,0.632,0.963,0.736,0.464,0.212,0.931,1.122,1.164,1.143,1.428,0.828,1.933,0.882,1.313,1.282,1.111,1.08,1.059,1.078,1.036,1.819,1.502,1.218,1.344,1.575,0.941,1.055,1.029,0.961,0.464,1.201,1.412,1.096,1.254,1.24,1.224,1.119,1.374,1.797,1.811,1.832,1.984,1.853,1.453,1.835,1.606,1.636,0.695,2.001,2.053,1.904,1.923,1.306,1.71,2.036,1.416,1.848,2.079,2.686,3.416,2.094,2.98,2.785,3.369,3.587,3.693,3.213,2.835,3.512,3.766,3.681,3.703,1.926,2.47,3.266,2.591,3.316,3.276,3.609,4.031,3.757,3.224,3.933,4.505,3.727,4.376,3.556,4.358,4.071,2.747,4.376,3.421,2.965,4.423,4.756,4.486,4.249,4.16,2.361,1.987,,,,,,,,,,,,,,,,,,,,,,,,
CO,PIPO,M,2H,A,2H-A,CO-PIPO-M-2H-A,,,2013,0,0,0,0,0,117,RINGWIDTH,1,CO-PIPO-M-2H-all.tif,11/1/2013 12:58,                   ,,2185 12464 8 RGB,Intr 0.021101 0.021161 N,Regent Instruments Inc.  WinDENDRO Reg 2009b,0.0 [0],310.5000 10440.0000 283.5000 1313.5000  1.0000,Tg A Int Y,50%,N F Acq,12 1.2922 Lin 1.00,0.1630 0.3580 0.5650 0.7595 0.9735 1.1605 1.3575 1.5370 1.7370 1.9300 2.1280 2.3400 ,22 41 67 92 117 137 155 171 184 195 204 211 ,0.2106 0.4626 0.7301 0.9814 1.2580 1.4996 1.7542 1.9861 2.2446 2.4939 2.7498 3.0237 ,0,0,0,0,0,0,193.1304,0.484,0.754,1.012,1.117,1.1,0.611,1.068,0.976,1.43,0.656,1.058,0.21,1.18,0.73,1.796,1.189,1.325,0.472,1.516,1.104,0.33,0.846,1.161,0.844,1.369,1.249,1.664,1.316,1.522,0.242,1.237,1.203,1.375,0.854,1.261,1.629,0.55,1.222,1.585,1.226,1.149,1.411,1.48,1.093,1.351,1.291,1.098,1.127,1.114,1.1,0.529,0.832,1.2,0.952,0.233,0.93,1.12,0.852,0.796,1.141,0.753,1.12,0.555,0.696,1.115,0.868,1.109,0.777,1.183,1.137,1.087,1.129,1.176,1.141,0.906,1.176,1.769,1.007,1.932,0.925,1.055,1.692,1.608,1.163,2.079,1.852,1.947,2.325,1.621,2.04,2.079,1.789,2.906,3.182,2.56,3.06,2.048,3.971,3.504,3.68,2.91,3.85,4.104,3.615,3.884,4.376,3.834,4.605,4.782,2.948,2.383,2.137,2.074,3.746,5.98,3.82,0.781,,,,,,,,,,,,,,
CO,PIPO,M,2H,B,2H-B,CO-PIPO-M-2H-B,,,2013,0,0,0,0,0,111,RINGWIDTH,1,CO-PIPO-M-2H-all.tif,11/1/2013 12:58,                   ,,2185 12464 8 RGB,Intr 0.021101 0.021161 N,Regent Instruments Inc.  WinDENDRO Reg 2009b,0.0 [0],1792.0000 9968.0000 1780.0000 612.0000  1.0000,Tg A Int Y,50%,N F Acq,12 1.2922 Lin 1.00,0.1630 0.3580 0.5650 0.7595 0.9735 1.1605 1.3575 1.5370 1.7370 1.9300 2.1280 2.3400 ,22 41 67 92 117 137 155 171 184 195 204 211 ,0.2106 0.4626 0.7301 0.9814 1.2580 1.4996 1.7542 1.9861 2.2446 2.4939 2.7498 3.0237 ,0,0,0,0,0,0,197.9863,0.282,0.865,1.333,0.995,1.164,0.803,1.416,0.887,1.389,1.254,0.91,0.253,0.779,1.348,1.312,1.248,1.418,0.526,1.12,0.784,0.218,0.514,0.782,0.719,1.037,1.058,1.072,1.381,1.414,1.12,1.264,1.287,1.394,0.762,1.162,1.477,0.548,1.011,1.727,1.585,1.099,0.84,1.393,0.909,1.403,1.303,1.121,0.952,1.326,1.001,0.549,0.866,1.097,0.845,0.317,1.014,1.351,0.788,1.198,1.162,0.952,1.354,0.74,0.762,1.375,0.968,0.924,0.864,1.285,1.111,1.46,1.092,1.332,1.239,1.076,0.993,1.754,1.374,1.142,0.888,0.971,1.432,1.198,1.647,1.629,1.941,2.135,2.575,2.07,2.737,2.511,2.47,3.596,3.318,4.097,3.191,3.355,4.544,4.294,4.206,2.978,4.411,4.505,3.962,3.873,4.334,4.276,3.775,4.343,7.21,1.727,,,,,,,,,,,,,,,,,,,,
CO,PIPO,M,10H,A,10H-A,CO-PIPO-M-10H-A,,,2013,0,0,0,0,0,105,RINGWIDTH,1,CO-PIPO-M-10H_all.tif,11/6/2013 20:20,                   ,,2126 11578 8 RGB,Intr 0.021101 0.021161 N,Regent Instruments Inc.  WinDENDRO Reg 2009b,0.0 [0],315.0000 7866.0000 336.0000 1908.0000  1.0000,Tg A Int Y,50%,N F Acq,12 1.2922 Lin 1.00,0.1630 0.3580 0.5650 0.7595 0.9735 1.1605 1.3575 1.5370 1.7370 1.9300 2.1280 2.3400 ,22 41 67 92 117 137 155 171 184 195 204 211 ,0.2106 0.4626 0.7301 0.9814 1.2580 1.4996 1.7542 1.9861 2.2446 2.4939 2.7498 3.0237 ,0,0,0,0,0,0,126.0804,0.214,0.739,1.093,1.215,0.965,1.05,0.82,0.862,1.055,0.846,0.792,0.085,0.793,0.677,1.564,1.141,1.625,0.55,1.33,1.056,1.309,1.098,1.051,0.897,0.831,1.072,1.471,1.618,1.053,1.053,1.117,1.114,0.613,0.656,0.719,0.676,0.211,0.571,0.783,0.423,0.846,0.782,0.844,0.698,0.973,0.804,0.762,0.846,0.909,0.549,0.444,0.444,0.402,0.55,0.085,0.466,0.635,0.339,0.804,0.716,0.462,0.757,0.336,0.567,0.902,0.587,0.901,0.571,0.654,0.716,1.093,0.988,0.668,0.564,0.459,0.647,0.669,0.691,0.822,0.359,0.699,1.014,0.486,1.287,1.291,0.783,1.524,1.502,1.037,1.523,1.185,1.643,2.032,2.4,2.212,2.041,2.354,4.14,3.148,4.222,3.11,4.311,6.269,4.924,2.828,,,,,,,,,,,,,,,,,,,,,,,,,,
CO,PIPO,M,10H,B,10H-B,CO-PIPO-M-10H-B,,,2013,0,0,0,0,0,103,RINGWIDTH,1,CO-PIPO-M-10H_all.tif,11/6/2013 20:20,                   ,,2126 11578 8 RGB,Intr 0.021101 0.021161 N,Regent Instruments Inc.  WinDENDRO Reg 2009b,0.0 [0],1768.0000 6786.0000 1612.0000 238.0000  1.0000,Tg A Int Y,50%,N F Acq,12 1.2922 Lin 1.00,0.1630 0.3580 0.5650 0.7595 0.9735 1.1605 1.3575 1.5370 1.7370 1.9300 2.1280 2.3400 ,22 41 67 92 117 137 155 171 184 195 204 211 ,0.2106 0.4626 0.7301 0.9814 1.2580 1.4996 1.7542 1.9861 2.2446 2.4939 2.7498 3.0237 ,0,0,0,0,0,0,138.604,0.471,1.025,1.348,1.417,1.227,1.079,0.994,0.825,1.27,0.762,0.723,0.105,0.895,1.029,1.92,1.502,1.562,0.76,1.33,1.199,1.424,1.327,1.052,1.008,0.963,1.173,1.196,1.596,1.022,1.27,1.33,1.018,0.872,0.847,0.789,0.831,0.312,0.765,0.914,0.62,1.018,0.73,0.733,0.563,1.165,1.074,0.796,1.163,1.038,0.778,0.615,0.658,0.554,0.492,0.184,0.633,0.879,0.388,0.92,0.782,0.576,0.699,0.351,0.579,1.142,0.831,0.714,0.688,0.73,0.939,0.978,0.873,0.849,0.695,0.568,0.726,0.893,0.781,0.748,0.417,0.722,1.111,0.651,1.596,1.363,1.083,1.728,1.692,1.226,1.448,1.608,1.587,2.684,2.703,2.696,2.206,2.561,4.398,3.279,4.354,3.409,4.907,3.693,,,,,,,,,,,,,,,,,,,,,,,,,,,,
CO,PIPO,M,9L,A,9L-A,CO-PIPO-M-9L-A,,,2013,0,0,0,0,0,91,RINGWIDTH,1,CO-PIPO-M-9L_all.tif,11/6/2013 20:30,                   ,,2185 10082 8 RGB,Intr 0.021101 0.021161 N,Regent Instruments Inc.  WinDENDRO Reg 2009b,0.0 [0],318.0000 7389.0000 486.0000 216.0000  1.0000,Tg A Int Y,50%,N F Acq,12 1.2922 Lin 1.00,0.1630 0.3580 0.5650 0.7595 0.9735 1.1605 1.3575 1.5370 1.7370 1.9300 2.1280 2.3400 ,22 41 67 92 117 137 155 171 184 195 204 211 ,0.2106 0.4626 0.7301 0.9814 1.2580 1.4996 1.7542 1.9861 2.2446 2.4939 2.7498 3.0237 ,0,0,0,0,0,0,151.8322,0.344,0.357,0.9,0.649,0.703,0.496,0.599,0.433,0.557,0.35,0.657,0.512,0.634,1.314,0.897,1.169,0.521,1.33,1.083,0.854,1.091,0.9,0.302,0.618,0.736,1.302,1.445,1.579,1.098,1.096,1.527,1.153,0.844,0.868,0.889,0.665,0.311,0.561,0.837,0.481,0.819,0.589,0.779,0.588,0.942,0.98,1.537,1.058,1.512,0.951,0.772,1.045,0.921,0.875,0.403,1.449,1.925,1.27,1.692,1.29,1.627,2.494,1.374,1.727,2.659,1.675,1.898,1.633,1.914,2.167,2.733,2.148,2.825,2.567,2.346,2.887,2.899,2.951,2.896,1.752,2.839,3.804,2.944,3.926,3.847,4.181,4.578,4.496,3.466,4.089,2.028,,,,,,,,,,,,,,,,,,,,,,,,,,,,,,,,,,,,,,,,
CO,PIPO,M,9L,B,9L-B,CO-PIPO-M-9L-B,,,2013,0,0,0,0,0,89,RINGWIDTH,1,CO-PIPO-M-9L_all.tif,11/6/2013 20:30,                   ,,2185 10082 8 RGB,Intr 0.021101 0.021161 N,Regent Instruments Inc.  WinDENDRO Reg 2009b,0.0 [0],1750.0000 8158.0000 1786.0000 2050.0000  1.0000,Tg A Int Y,50%,N F Acq,12 1.2922 Lin 1.00,0.1630 0.3580 0.5650 0.7595 0.9735 1.1605 1.3575 1.5370 1.7370 1.9300 2.1280 2.3400 ,22 41 67 92 117 137 155 171 184 195 204 211 ,0.2106 0.4626 0.7301 0.9814 1.2580 1.4996 1.7542 1.9861 2.2446 2.4939 2.7498 3.0237 ,0,0,0,0,0,0,129.2561,0.318,0.4,0.634,0.487,0.614,0.465,0.698,0.381,0.601,0.38,0.667,0.051,0.415,0.635,1.248,0.846,1.079,0.614,1.164,1.015,0.825,1.375,1.058,0.738,0.931,1.372,1.45,1.787,1.102,1.037,1.262,0.926,1.199,0.832,1.002,0.624,0.231,0.673,0.904,0.715,0.925,0.631,0.906,0.611,1.093,1.027,1.301,1.238,1.378,0.959,0.707,1.102,0.979,0.793,0.313,0.981,1.552,0.885,1.393,1.081,1.684,1.429,0.884,1.185,1.747,1.449,1.507,1.256,1.705,1.718,2.138,1.696,1.987,1.837,1.485,2.348,2.215,2.243,2.288,1.685,2.48,2.943,2.45,3.728,3.985,2.572,1.642,4.337,3.027,,,,,,,,,,,,,,,,,,,,,,,,,,,,,,,,,,,,,,,,,,
CO,PIPO,M,9H,A,9H-A,CO-PIPO-M-9H-A,,,2013,0,0,0,0,0,102,RINGWIDTH,1,CO-PIPO-M-9H_all.tif,11/6/2013 20:44,                   ,,2106 11322 8 RGB,Intr 0.021101 0.021161 N,Regent Instruments Inc.  WinDENDRO Reg 2009b,0.0 [0],387.0000 6647.0000 270.0000 114.0000  1.0000,Tg A Int Y,50%,N F Acq,12 1.2922 Lin 1.00,0.1630 0.3580 0.5650 0.7595 0.9735 1.1605 1.3575 1.5370 1.7370 1.9300 2.1280 2.3400 ,22 41 67 92 117 137 155 171 184 195 204 211 ,0.2106 0.4626 0.7301 0.9814 1.2580 1.4996 1.7542 1.9861 2.2446 2.4939 2.7498 3.0237 ,0,0,0,0,0,0,138.2695,0.137,0.295,0.631,0.737,0.695,0.61,0.589,0.568,0.947,0.274,0.442,0.062,0.568,0.628,1.01,1.266,1.202,0.631,1.41,1.179,1.347,1.078,1.036,0.761,0.868,1.143,1.565,1.585,1.079,1.183,1.606,1.542,1.015,0.952,1.142,0.973,0.36,0.634,1.143,0.719,0.698,0.317,0.423,0.317,0.846,0.867,1.16,1.458,1.54,1.12,0.804,0.91,1.184,1.226,0.338,1.185,1.312,0.825,1.058,0.783,0.868,1.143,0.487,0.529,1.079,0.868,0.973,0.697,1.073,1.158,1.221,1.329,1.416,1.079,0.846,1.27,1.354,1.185,0.931,0.656,1.227,1.438,0.783,1.777,1.521,1.624,2.149,2.603,1.741,2.579,2.179,2.269,2.978,2.697,2.94,2.692,2.637,4.001,4,4.813,4.214,1.721,,,,,,,,,,,,,,,,,,,,,,,,,,,,,
CO,PIPO,M,9H,B,9H-B,CO-PIPO-M-9H-B,,,2013,0,0,0,0,0,98,RINGWIDTH,1,CO-PIPO-M-9H_all.tif,11/6/2013 20:44,                   ,,2106 11322 8 RGB,Intr 0.021101 0.021161 N,Regent Instruments Inc.  WinDENDRO Reg 2009b,0.0 [0],1770.0000 6432.0000 1568.0000 704.0000  1.0000,Tg A Int Y,50%,N F Acq,12 1.2922 Lin 1.00,0.1630 0.3580 0.5650 0.7595 0.9735 1.1605 1.3575 1.5370 1.7370 1.9300 2.1280 2.3400 ,22 41 67 92 117 137 155 171 184 195 204 211 ,0.2106 0.4626 0.7301 0.9814 1.2580 1.4996 1.7542 1.9861 2.2446 2.4939 2.7498 3.0237 ,0,0,0,0,0,0,121.2875,0.211,0.275,0.614,0.762,0.698,0.571,0.592,0.401,0.804,0.36,0.529,0.088,0.441,0.55,1.014,1.143,1.245,0.553,1.375,1.035,0.907,1.075,0.864,0.654,0.655,0.969,1.468,1.818,1.11,1.279,1.594,1.3,0.776,1.091,1.279,0.671,0.271,0.833,1.216,0.585,0.734,0.251,0.543,0.293,0.857,0.94,1.065,1.069,1.472,1.069,0.815,0.815,1.233,0.982,0.358,1.008,1.237,0.714,0.799,0.694,0.86,1.006,0.461,0.463,1.128,0.649,0.713,0.65,1.028,1.043,1.212,1.296,1.238,0.965,0.961,1.022,1.316,1.13,0.99,0.471,1.148,1.609,0.724,1.847,1.626,1.789,1.954,2.697,1.833,2.304,2.484,2.306,3.556,3.074,3.45,3.244,3.09,1.57,,,,,,,,,,,,,,,,,,,,,,,,,,,,,,,,,
CO,PIPO,M,6L,A,6L-A,CO-PIPO-M-6L-A,,,2013,0,0,0,0,0,98,RINGWIDTH,1,CO-PIPO-M-6L_all.tif,11/6/2013 20:59,                   ,,2166 11381 8 RGB,Intr 0.021101 0.021161 N,Regent Instruments Inc.  WinDENDRO Reg 2009b,0.0 [0],252.0000 8985.0000 252.0000 687.0000  1.0000,Tg A Int Y,50%,N F Acq,12 1.2922 Lin 1.00,0.1630 0.3580 0.5650 0.7595 0.9735 1.1605 1.3575 1.5370 1.7370 1.9300 2.1280 2.3400 ,22 41 67 92 117 137 155 171 184 195 204 211 ,0.2106 0.4626 0.7301 0.9814 1.2580 1.4996 1.7542 1.9861 2.2446 2.4939 2.7498 3.0237 ,0,0,0,0,0,0,156.3869,0.025,0.448,0.628,0.756,0.708,0.494,0.476,0.249,0.791,0.584,0.461,0.031,0.716,0.745,1.721,1.268,1.268,0.832,1.705,1.434,1.186,1.437,1.039,1.232,1.408,1.261,1.387,1.324,0.817,0.795,1.023,0.898,0.792,0.582,0.724,0.6,0.331,0.52,0.814,0.63,0.695,0.654,0.613,0.232,0.675,0.909,1.475,1.407,1.159,0.724,0.561,0.769,0.952,0.915,0.455,1.138,1.336,0.898,1.206,1.117,1.029,0.968,0.773,0.753,1.453,1.064,0.95,1.017,1.176,1.092,1.51,1.444,1.679,1.247,0.933,1.573,1.649,1.404,1.843,1.179,1.846,2.682,1.86,3.003,2.851,2.75,3.169,2.69,3.073,2.529,3.773,3.483,5.274,4.861,4.861,6.959,6.241,1.708,,,,,,,,,,,,,,,,,,,,,,,,,,,,,,,,,
CO,PIPO,M,6L,B,6L-B,CO-PIPO-M-6L-B,,,2013,0,0,0,0,0,103,RINGWIDTH,1,CO-PIPO-M-6L_all.tif,11/6/2013 20:59,                   ,,2166 11381 8 RGB,Intr 0.021101 0.021161 N,Regent Instruments Inc.  WinDENDRO Reg 2009b,0.0 [0],1707.0000 10713.0000 1743.0000 156.0000  1.0000,Tg A Int Y,50%,N F Acq,12 1.2922 Lin 1.00,0.1630 0.3580 0.5650 0.7595 0.9735 1.1605 1.3575 1.5370 1.7370 1.9300 2.1280 2.3400 ,22 41 67 92 117 137 155 171 184 195 204 211 ,0.2106 0.4626 0.7301 0.9814 1.2580 1.4996 1.7542 1.9861 2.2446 2.4939 2.7498 3.0237 ,0,0,0,0,0,0,223.4023,0.181,0.571,0.762,0.889,0.762,0.719,0.719,0.696,1.29,0.846,0.571,0.136,1.026,1.161,2.005,1.308,1.412,1.201,1.959,1.412,1.369,1.634,1.127,1.541,1.814,1.482,2.08,2.17,1.583,1.543,1.944,1.858,1.562,0.95,1.268,1.245,0.948,1.324,1.807,1.327,1.501,1.142,1.163,0.634,1.268,1.565,2.158,1.947,1.649,1.12,1.236,1.575,1.858,1.48,0.888,1.439,2.222,1.733,1.773,2.007,1.564,1.628,1.625,1.501,1.837,1.412,1.664,1.644,1.828,1.607,1.711,1.76,1.794,1.457,1.227,1.883,1.798,2.179,2.073,2.325,2.828,2.954,3.079,4.022,4.001,3.687,4.42,4.211,3.813,3.684,4.812,3.729,4.481,4.412,4.401,4.199,3.84,5.346,5.681,5.071,3.928,6.853,3.202,,,,,,,,,,,,,,,,,,,,,,,,,,,,
CO,PIPO,M,6H,A,6H-A,CO-PIPO-M-6H-A,,,2013,0,0,0,0,0,105,RINGWIDTH,1,CO-PIPO-M-6H_all.tif,11/6/2013 21:06,                   ,,2185 11933 8 RGB,Intr 0.021101 0.021161 N,Regent Instruments Inc.  WinDENDRO Reg 2009b,0.0 [0],282.0000 8985.0000 417.0000 114.0000  1.0000,Tg A Int Y,50%,N F Acq,12 1.2922 Lin 1.00,0.1630 0.3580 0.5650 0.7595 0.9735 1.1605 1.3575 1.5370 1.7370 1.9300 2.1280 2.3400 ,22 41 67 92 117 137 155 171 184 195 204 211 ,0.2106 0.4626 0.7301 0.9814 1.2580 1.4996 1.7542 1.9861 2.2446 2.4939 2.7498 3.0237 ,0,0,0,0,0,0,187.7445,0.292,0.732,1.066,1.176,1.026,0.864,1.032,0.896,0.884,0.485,0.63,0.147,0.917,1.276,1.974,1.609,1.714,1.178,2.596,2.036,2.257,2.203,1.755,2.151,2.406,2.229,1.885,2.019,1.352,1.598,1.673,1.702,1.428,0.985,0.968,0.937,0.536,1.027,1.139,0.896,1.166,1.208,1.229,1.049,1.631,1.526,1.459,1.41,1.308,0.935,0.621,0.794,0.711,0.754,0.26,0.939,1.442,1.007,1.348,1.149,1.114,1.205,0.669,0.542,1.208,0.831,0.975,0.667,0.92,0.899,1.464,1.066,1.166,1.19,0.933,0.933,1.41,1.685,1.485,1.15,1.458,2.001,1.914,2.421,1.873,2.216,2.882,3.105,2.592,2.785,3.304,2.894,3.848,3.234,4.165,3.522,3.645,4.403,3.276,4.641,4.206,4.005,3.998,4.536,1.105,,,,,,,,,,,,,,,,,,,,,,,,,,
CO,PIPO,M,6H,B,6H-B,CO-PIPO-M-6H-B,,,2013,0,0,0,0,0,105,RINGWIDTH,1,CO-PIPO-M-6H_all.tif,11/6/2013 21:06,                   ,,2185 11933 8 RGB,Intr 0.021101 0.021161 N,Regent Instruments Inc.  WinDENDRO Reg 2009b,0.0 [0],1773.0000 8997.0000 1875.0000 1002.0000  1.0000,Tg A Int Y,50%,N F Acq,12 1.2922 Lin 1.00,0.1630 0.3580 0.5650 0.7595 0.9735 1.1605 1.3575 1.5370 1.7370 1.9300 2.1280 2.3400 ,22 41 67 92 117 137 155 171 184 195 204 211 ,0.2106 0.4626 0.7301 0.9814 1.2580 1.4996 1.7542 1.9861 2.2446 2.4939 2.7498 3.0237 ,0,0,0,0,0,0,169.1991,0.362,0.802,0.929,1.269,1.227,1.1,1.163,1.037,1.143,0.487,0.655,0.156,1.13,1.513,1.85,1.286,1.225,0.846,1.439,1.079,1.27,1.27,1.079,1.65,1.288,0.845,1.225,1.373,0.825,0.74,1.164,1.524,1.331,0.74,0.994,0.782,0.338,0.677,0.973,0.719,0.889,0.592,0.804,0.825,1.265,1.014,1.375,1.27,1.1,0.952,0.592,0.782,0.804,0.804,0.254,1.015,1.417,1.015,1.143,1.312,1.121,1.225,1.013,0.928,1.669,1.036,1.163,1.037,1.204,1.098,1.733,1.394,1.353,1.331,0.949,1.29,1.819,1.586,1.713,1.206,1.312,1.753,1.732,2.155,2.178,2.137,2.37,3.084,2.482,2.479,2.916,2.738,3.45,3.316,3.489,2.843,3.209,4.269,3.217,3.496,2.726,3.567,4.522,3.782,6.444,,,,,,,,,,,,,,,,,,,,,,,,,,
CO,PIPO,M,5H,A,5H-A,CO-PIPO-M-5H-A,,,2013,0,0,0,0,0,105,RINGWIDTH,1,CO-PIPO-M-5H-all.tif,11/6/2013 22:21,                   ,,2185 11460 8 RGB,Intr 0.021101 0.021161 N,Regent Instruments Inc.  WinDENDRO Reg 2009b,0.0 [0],480.0000 11157.0000 480.0000 31.7452  1.0000,Tg A Int Y,50%,N F Acq,12 1.2922 Lin 1.00,0.1630 0.3580 0.5650 0.7595 0.9735 1.1605 1.3575 1.5370 1.7370 1.9300 2.1280 2.3400 ,22 41 67 92 117 137 155 171 184 195 204 211 ,0.2106 0.4626 0.7301 0.9814 1.2580 1.4996 1.7542 1.9861 2.2446 2.4939 2.7498 3.0237 ,0,0,0,0,0,0,235.4261,0.19,0.442,0.863,0.883,0.735,0.651,0.754,0.835,0.832,0.704,0.766,0.083,0.621,0.835,1.273,1.029,1.224,0.776,1.453,0.995,0.93,1.368,1.101,1.26,1.032,1.752,1.563,1.797,1.354,1.353,1.545,1.458,1.226,0.76,1.14,1.157,0.641,1.267,1.206,1.015,1.629,1.226,1.466,1.341,1.278,1.397,1.375,1.266,1.576,1.132,0.716,1.071,1.138,1.224,0.524,1.078,1.684,1.274,1.702,1.29,1.718,1.618,1.195,1.636,2.337,1.748,1.799,1.375,1.65,1.885,2.493,2.246,2.802,1.924,1.947,2.481,2.857,2.568,2.591,2.013,2.254,3.404,2.718,3.362,2.919,3.145,4.416,5.498,4.203,4.488,6.17,4.652,6.546,6.32,6.733,5.382,4.329,6.745,4.589,6.631,4.617,4.591,4.78,3.862,2.289,,,,,,,,,,,,,,,,,,,,,,,,,,
CO,PIPO,M,5H,B,5H-B,CO-PIPO-M-5H-B,,,2013,0,0,0,0,0,100,RINGWIDTH,1,CO-PIPO-M-5H-all.tif,11/6/2013 22:21,                   ,,2185 11460 8 RGB,Intr 0.021101 0.021161 N,Regent Instruments Inc.  WinDENDRO Reg 2009b,0.0 [0],1914.0000 10572.0000 1914.0000 214.0000  1.0000,Tg A Int Y,50%,N F Acq,12 1.2922 Lin 1.00,0.1630 0.3580 0.5650 0.7595 0.9735 1.1605 1.3575 1.5370 1.7370 1.9300 2.1280 2.3400 ,22 41 67 92 117 137 155 171 184 195 204 211 ,0.2106 0.4626 0.7301 0.9814 1.2580 1.4996 1.7542 1.9861 2.2446 2.4939 2.7498 3.0237 ,0,0,0,0,0,0,197.0428,0.316,0.865,1.121,1.036,0.803,0.781,1.121,0.804,1.079,0.719,0.677,0.053,0.709,0.783,1.475,0.948,1.58,0.925,1.303,1.053,1.219,1.592,1.044,1.152,1.135,1.496,1.66,1.959,1.119,1.456,2.069,1.681,1.089,0.839,1.196,1.299,0.71,1.106,1.482,1.099,1.643,1.211,1.324,1.347,1.781,1.455,1.497,1.215,1.148,1.089,0.653,1.031,1.093,0.925,0.732,1.404,1.461,1.002,1.296,1.515,1.351,1.412,1.132,1.06,1.436,1.427,1.645,1.112,1.294,1.278,1.529,1.469,1.791,1.286,1.274,1.632,2.518,2.275,1.962,1.526,1.933,2.264,1.712,2.771,2.923,2.369,3.085,3.267,2.501,3.563,3.91,4.284,4.727,4.649,5.641,4.406,4.482,6.908,5.96,1.53,,,,,,,,,,,,,,,,,,,,,,,,,,,,,,,
CO,PIPO,M,3L,A,3L-A,CO-PIPO-M-3L-A,,,2013,0,0,0,0,0,102,RINGWIDTH,1,CO-PIPO-M-3L-all.tif,11/6/2013 22:47,                   ,,2185 13094 8 RGB,Intr 0.021101 0.021161 N,Regent Instruments Inc.  WinDENDRO Reg 2009b,0.0 [0],304.0000 9312.0000 344.0000 512.0000  1.0000,Tg A Int Y,50%,N F Acq,12 1.2922 Lin 1.00,0.1630 0.3580 0.5650 0.7595 0.9735 1.1605 1.3575 1.5370 1.7370 1.9300 2.1280 2.3400 ,22 41 67 92 117 137 155 171 184 195 204 211 ,0.2106 0.4626 0.7301 0.9814 1.2580 1.4996 1.7542 1.9861 2.2446 2.4939 2.7498 3.0237 ,0,0,0,0,0,0,180.7626,0.2,0.317,0.486,0.443,0.59,0.422,0.656,0.359,0.498,0.246,0.501,0.051,0.266,0.428,0.799,0.465,0.803,0.486,0.994,0.656,0.635,0.846,0.719,0.973,0.739,0.975,0.973,1.1,0.824,0.909,1.182,1.099,1.054,0.622,0.866,0.845,0.464,0.82,1.131,0.855,0.864,0.867,0.888,0.846,1.311,1.414,1.689,1.248,1.46,1.226,0.823,0.886,1.414,1.197,0.777,1.554,2.309,1.608,1.978,1.945,1.902,1.707,1.601,1.517,2.32,1.795,2.306,1.627,1.795,1.878,2.896,2.348,2.898,2.221,2.073,2.349,3.026,2.369,2.369,1.947,2.349,3.059,2.743,3.355,3.513,2.772,3.467,3.839,2.977,2.779,3,2.744,4.428,3.149,4.719,4.112,3.352,6.404,4.511,4.13,2.622,0.979,,,,,,,,,,,,,,,,,,,,,,,,,,,,,
CO,PIPO,M,3L,B,3L-B,CO-PIPO-M-3L-B,,,2013,0,0,0,0,0,98,RINGWIDTH,1,CO-PIPO-M-3L-all.tif,11/6/2013 22:47,                   ,,2185 13094 8 RGB,Intr 0.021101 0.021161 N,Regent Instruments Inc.  WinDENDRO Reg 2009b,0.0 [0],1740.0000 9120.0000 1740.0000 430.0000  1.0000,Tg A Int Y,50%,N F Acq,12 1.2922 Lin 1.00,0.1630 0.3580 0.5650 0.7595 0.9735 1.1605 1.3575 1.5370 1.7370 1.9300 2.1280 2.3400 ,22 41 67 92 117 137 155 171 184 195 204 211 ,0.2106 0.4626 0.7301 0.9814 1.2580 1.4996 1.7542 1.9861 2.2446 2.4939 2.7498 3.0237 ,0,0,0,0,0,0,169.0083,0.294,0.487,0.635,0.57,0.697,0.464,0.676,0.338,0.485,0.275,0.535,0.042,0.331,0.487,0.952,0.74,1.1,0.698,1.163,0.901,0.957,1.036,0.948,1.222,0.844,1.12,1.034,1.414,0.929,0.95,1.543,1.482,1.026,0.686,0.885,0.852,0.393,0.929,1.318,0.942,1.18,0.977,0.95,0.877,1.236,1.587,2.048,1.375,1.375,1.224,0.775,0.871,1.522,1.608,0.83,1.787,2.533,1.457,2.005,1.921,2.248,2.102,1.77,1.83,2.244,1.655,2.806,1.767,1.887,1.75,2.779,1.799,1.674,2.294,2.027,2.081,2.571,2.177,2.491,1.652,2.028,2.769,1.981,2.749,2.604,2.382,2.63,2.753,2.388,2.34,2.806,2.635,4.651,3.727,5.361,3.575,3.564,1.163,,,,,,,,,,,,,,,,,,,,,,,,,,,,,,,,,
CO,PIPO,M,3H,A,3H-A,CO-PIPO-M-3H-A,,,2013,0,0,0,0,0,131,RINGWIDTH,1,CO-PIPO-M-3H-all.tif,11/6/2013 23:05,                   ,,2185 13094 8 RGB,Intr 0.021101 0.021161 N,Regent Instruments Inc.  WinDENDRO Reg 2009b,0.0 [0],350.0000 6960.0000 210.0000 320.0000  1.0000,Tg A Int Y,50%,N F Acq,12 1.2922 Lin 1.00,0.1630 0.3580 0.5650 0.7595 0.9735 1.1605 1.3575 1.5370 1.7370 1.9300 2.1280 2.3400 ,22 41 67 92 117 137 155 171 184 195 204 211 ,0.2106 0.4626 0.7301 0.9814 1.2580 1.4996 1.7542 1.9861 2.2446 2.4939 2.7498 3.0237 ,0,0,0,0,0,0,140.5428,0.355,0.676,0.658,0.653,0.513,0.332,0.402,0.38,0.395,0.385,0.378,0.205,0.273,0.264,0.493,0.39,0.431,0.287,0.54,0.341,0.39,0.413,0.427,0.528,0.274,0.561,0.784,1.194,0.69,0.647,0.796,0.756,0.607,0.331,0.367,0.388,0.246,0.305,0.433,0.252,0.463,0.381,0.32,0.378,0.55,0.571,0.821,0.658,0.821,0.573,0.358,0.484,0.133,0.42,0.274,0.134,0.091,0.155,0.133,0.383,0.483,0.571,0.462,0.481,0.84,0.745,0.755,0.464,0.656,0.74,1.029,0.609,1.005,1.05,0.756,0.74,1.071,0.825,1.141,0.57,0.758,0.884,0.846,1.079,1.184,0.953,1.128,1.036,1.118,1.305,1.562,1.541,2.09,2.048,2.385,1.585,1.756,2.031,1.819,2.391,1.375,1.967,2.285,2.172,1.906,2.472,2.66,2.868,2.452,1.618,1.894,0.99,1.433,1.24,1.202,2.072,2.285,1.142,1.735,1.819,1.883,1.925,2.518,2.237,2.004,2.081,2.625,2.414,2.658,2.37,2.568
CO,PIPO,M,3H,B,3H-B,CO-PIPO-M-3H-B,,,2013,0,0,0,0,0,118,RINGWIDTH,1,CO-PIPO-M-3H-all.tif,11/6/2013 23:05,                   ,,2185 13094 8 RGB,Intr 0.021101 0.021161 N,Regent Instruments Inc.  WinDENDRO Reg 2009b,0.0 [0],1750.0000 9050.0000 1730.0000 600.0000  1.0000,Tg A Int Y,50%,N F Acq,12 1.2922 Lin 1.00,0.1630 0.3580 0.5650 0.7595 0.9735 1.1605 1.3575 1.5370 1.7370 1.9300 2.1280 2.3400 ,22 41 67 92 117 137 155 171 184 195 204 211 ,0.2106 0.4626 0.7301 0.9814 1.2580 1.4996 1.7542 1.9861 2.2446 2.4939 2.7498 3.0237 ,0,0,0,0,0,0,178.8144,0.246,0.783,0.74,0.71,0.871,0.68,0.946,0.816,1.249,0.675,0.524,0.105,0.534,0.605,1.226,0.787,0.95,0.801,0.864,0.724,0.48,0.506,0.485,0.761,0.613,0.846,1.028,1.291,0.677,0.804,1.227,1.162,0.867,0.381,0.57,0.548,0.295,0.5,0.79,0.359,0.674,0.569,0.525,0.563,0.917,1.043,1.001,0.795,0.921,0.626,0.357,0.549,0.486,0.733,0.417,0.605,1.026,0.523,0.795,0.775,0.692,1.026,0.752,0.438,0.857,0.691,0.963,0.67,0.897,0.768,1.418,1.047,1.063,1.003,0.733,1.045,1.314,0.966,1.233,0.637,1.307,1.348,1.279,2.104,1.849,1.972,1.879,2.101,1.608,1.807,1.986,1.962,3.065,2.698,2.539,2.149,2.09,2.942,2.46,3.032,2.168,2.878,2.763,2.061,2.446,3.079,3.156,3.074,3.202,2.129,2.724,1.163,2.243,1.819,2.353,3.645,3.329,3.267,,,,,,,,,,,,,
CO,PIPO,M,2H,A1,2H-A1,CO-PIPO-M-2H-A,,,2013,0,0,0,0,0,116,RINGWIDTH,1,CO-PIPO-M-2H-all.tif,11/7/2013 14:17,                   ,,2185 12464 8 RGB,Intr 0.021101 0.021161 N,Regent Instruments Inc.  WinDENDRO Reg 2009b,0.0 [0],310.5000 10440.0000 283.5000 1313.5000  1.0000,Tg A Int Y,50%,N F Acq,12 1.2922 Lin 1.00,0.1630 0.3580 0.5650 0.7595 0.9735 1.1605 1.3575 1.5370 1.7370 1.9300 2.1280 2.3400 ,22 41 67 92 117 137 155 171 184 195 204 211 ,0.2106 0.4626 0.7301 0.9814 1.2580 1.4996 1.7542 1.9861 2.2446 2.4939 2.7498 3.0237 ,0,0,0,0,0,0,193.1304,0.197,0.754,1.012,1.117,1.1,0.611,1.068,0.976,1.43,0.676,1.037,0.031,1.365,0.73,1.796,1.189,1.325,0.472,1.516,1.104,0.33,0.846,1.161,0.844,1.369,1.249,1.664,1.316,1.522,1.48,1.203,1.375,0.854,1.261,1.629,0.55,1.222,1.585,1.226,1.149,1.411,1.48,1.093,1.351,1.291,1.098,1.127,1.114,1.1,0.529,0.832,1.2,0.952,0.233,0.93,1.12,0.852,0.796,1.141,0.753,1.12,0.555,0.696,1.115,0.868,1.109,0.777,1.183,1.137,1.087,1.129,1.176,1.141,0.906,1.176,1.769,1.007,1.932,0.925,1.055,1.692,1.608,1.163,2.079,1.852,1.947,2.325,1.621,2.04,2.079,1.789,2.906,3.182,2.56,3.06,2.048,3.971,3.504,3.68,2.91,3.85,4.104,3.615,3.884,4.376,3.834,4.605,4.782,2.948,2.383,2.137,2.074,3.746,5.98,3.82,0.781,,,,,,,,,,,,,,,
CO,PIPO,M,2H,B1,2H-B1,CO-PIPO-M-2H-B,,,2013,0,0,0,0,0,111,RINGWIDTH,1,CO-PIPO-M-2H-all.tif,11/7/2013 14:17,                   ,,2185 12464 8 RGB,Intr 0.021101 0.021161 N,Regent Instruments Inc.  WinDENDRO Reg 2009b,0.0 [0],1792.0000 9968.0000 1780.0000 612.0000  1.0000,Tg A Int Y,50%,N F Acq,12 1.2922 Lin 1.00,0.1630 0.3580 0.5650 0.7595 0.9735 1.1605 1.3575 1.5370 1.7370 1.9300 2.1280 2.3400 ,22 41 67 92 117 137 155 171 184 195 204 211 ,0.2106 0.4626 0.7301 0.9814 1.2580 1.4996 1.7542 1.9861 2.2446 2.4939 2.7498 3.0237 ,0,0,0,0,0,0,197.9863,0.282,0.865,1.333,0.995,1.164,0.803,1.416,0.887,1.389,1.254,0.91,0.137,0.898,1.348,1.312,1.248,1.418,0.526,1.12,0.798,0.204,0.514,0.782,0.719,1.037,1.058,1.072,1.381,1.414,1.121,1.264,1.287,1.394,0.762,1.162,1.477,0.548,1.011,1.727,1.585,1.099,0.84,1.393,0.909,1.403,1.303,1.121,0.952,1.326,1.001,0.549,0.866,1.097,0.845,0.317,1.014,1.351,0.788,1.198,1.162,0.952,1.354,0.74,0.762,1.375,0.968,0.924,0.864,1.285,1.111,1.46,1.092,1.332,1.239,1.076,0.993,1.754,1.374,1.142,0.888,0.971,1.432,1.198,1.647,1.629,1.941,2.135,2.575,2.07,2.737,2.511,2.47,3.596,3.318,4.097,3.191,3.355,4.544,4.294,4.206,2.978,4.411,4.505,3.962,3.873,4.334,4.276,3.775,4.343,7.21,1.727,,,,,,,,,,,,,,,,,,,,
CO,PIPO,M,2H,A2,2H-A2,CO-PIPO-M-2H-A,,,2013,0,0,0,0,0,117,RINGWIDTH,1,CO-PIPO-M-2H-all.tif,11/7/2013 14:26,                   ,,2185 12464 8 RGB,Intr 0.021101 0.021161 N,Regent Instruments Inc.  WinDENDRO Reg 2009b,0.0 [0],310.5000 10440.0000 283.5000 1313.5000  1.0000,Tg A Int Y,50%,N F Acq,12 1.2922 Lin 1.00,0.1630 0.3580 0.5650 0.7595 0.9735 1.1605 1.3575 1.5370 1.7370 1.9300 2.1280 2.3400 ,22 41 67 92 117 137 155 171 184 195 204 211 ,0.2106 0.4626 0.7301 0.9814 1.2580 1.4996 1.7542 1.9861 2.2446 2.4939 2.7498 3.0237 ,0,0,0,0,0,0,193.1304,0.138,0.134,0.754,1.012,1.117,1.1,0.611,1.068,0.976,1.43,0.676,1.037,1.395,0.73,1.796,1.189,1.325,0.472,1.516,1.104,0.33,0.846,1.161,0.844,1.369,1.249,1.664,1.316,1.522,0.264,1.205,1.203,1.375,0.854,1.261,1.629,0.55,1.222,1.585,1.226,1.149,1.411,1.48,1.093,1.351,1.291,1.098,1.127,1.114,1.1,0.529,0.832,1.2,0.952,0.233,0.93,1.12,0.852,0.796,1.141,0.753,1.12,0.555,0.696,1.115,0.868,1.109,0.777,1.183,1.137,1.087,1.129,1.176,1.141,0.906,1.176,1.769,1.007,1.932,0.925,1.055,1.692,1.608,1.163,2.079,1.852,1.947,2.325,1.621,2.04,2.079,1.789,2.906,3.182,2.56,3.06,2.048,3.971,3.504,3.68,2.91,3.85,4.104,3.615,3.884,4.376,3.834,4.605,4.782,2.948,2.383,2.137,2.074,3.746,5.98,3.82,0.781,,,,,,,,,,,,,,
,,,,,,CO-PIPO-M-2H-A,,,2013,0,0,0,0,0,116,RINGWIDTH,1,CO-PIPO-M-2H-all.tif,11/7/2013 16:02,                   ,,2185 12464 8 RGB,Intr 0.021101 0.021161 N,Regent Instruments Inc.  WinDENDRO Reg 2009b,0.0 [0],310.5000 10440.0000 283.5000 1313.5000  1.0000,Tg A Int Y,50%,N F Acq,12 1.2922 Lin 1.00,0.1630 0.3580 0.5650 0.7595 0.9735 1.1605 1.3575 1.5370 1.7370 1.9300 2.1280 2.3400 ,22 41 67 92 117 137 155 171 184 195 204 211 ,0.2106 0.4626 0.7301 0.9814 1.2580 1.4996 1.7542 1.9861 2.2446 2.4939 2.7498 3.0237 ,0,0,0,0,0,0,193.1304,0.271,0.754,1.012,1.117,1.1,0.611,1.068,0.976,1.43,0.666,1.004,0.063,1.372,0.733,1.796,1.203,1.309,0.472,1.516,1.104,0.277,0.899,1.161,0.844,1.369,1.249,1.664,1.316,1.522,1.48,1.192,1.386,0.854,1.261,1.629,0.55,1.222,1.585,1.226,1.149,1.411,1.48,1.093,1.351,1.291,1.098,1.127,1.114,1.1,0.529,0.832,1.2,0.952,0.233,0.93,1.12,0.852,0.796,1.141,0.753,1.12,0.555,0.696,1.115,0.868,1.109,0.777,1.183,1.137,1.087,1.129,1.176,1.141,0.909,1.176,1.769,1.007,1.932,0.925,1.055,1.692,1.608,1.163,2.077,1.852,1.947,2.325,1.621,2.04,2.079,1.789,2.906,3.182,2.56,3.06,2.048,3.971,3.504,3.68,2.91,3.85,4.104,3.615,3.884,4.376,3.834,4.605,4.782,2.948,2.383,2.137,2.074,3.746,5.98,3.82,0.781,,,,,,,,,,,,,,,
