Tag,Transect,Species,Elev,Tree,Core,Core_tag,YearLastRing,RingCount,ImageName,Analysis Date Time,PathLength,2013,2012,2011,2010,2009,2008,2007,2006,2005,2004,2003,2002,2001,2000,1999,1998,1997,1996,1995,1994,1993,1992,1991,1990,1989,1988,1987,1986,1985,1984,1983,1982,1981,1980,1979,1978,1977,1976,1975,1974,1973,1972,1971,1970,1969,1968,1967,1966,1965,1964,1963,1962,1961,1960,1959,1958,1957,1956,1955,1954,1953,1952,1951,1950,1949,1948,1947,1946,1945,1944,1943,1942,1941,1940,1939,1938,1937,1936,1935,1934,1933,1932,1931,1930,1929,1928,1927,1926,1925,1924,1923,1922,1921,1920,1919,1918,1917,1916,1915,1914,1913,1912,1911,1910,1909,1908,1907
CO-PIPO-L-1H-A,CO,PIPO,L,1H,A,1H-A,2013,92,CO-PIPO-L-1H_both.tif,10/14/2013 8:12,161.2499,0.454,0.462,1.268,1.1,1.29,1.121,1.227,1.013,1.774,0.719,0.698,0.93,0.801,2.107,1.369,1.812,0.715,1.961,1.306,1.371,1.689,1.435,1.055,1.055,1.306,0.969,1.262,0.777,0.777,1.492,1.198,0.848,0.848,0.993,0.835,0.147,0.901,1.508,0.878,1.127,0.733,0.728,0.378,1.283,1.117,1.102,1.093,1.564,1.003,0.835,0.927,0.714,0.649,0.211,1.341,2.032,1.278,1.66,1.631,1.892,1.883,1.132,1.167,1.975,1.83,2.056,1.563,1.814,1.986,2.279,2.238,3.541,2.49,2.123,2.149,2.614,2.669,1.526,1.689,1.542,2.722,1.751,2.501,3.125,2.14,2.946,2.937,2.396,2.06,2.704,2.851,8.347,,,,,,,,,,,,,,,
CO-PIPO-L-1H-B,CO,PIPO,L,1H,B,1H-B,2013,88,CO-PIPO-L-1H_both.tif,10/14/2013 8:12,170.6456,0.507,0.59,1.622,1.057,1.227,1.015,1.141,1.15,1.544,0.697,0.604,0.685,0.786,2.069,1.559,2.006,0.735,1.765,1.366,1.097,1.576,1.455,1.178,1.091,1.379,1.359,2.018,1.156,1.2,2.254,1.157,1.261,1.085,1.199,1.103,0.43,0.9,1.818,1.094,1.439,0.953,0.887,0.559,1.534,1.182,1.44,1.414,2.177,1.275,1.39,0.97,1.146,0.746,0.288,1.535,2.348,1.948,2.507,1.781,1.848,2.557,1.014,1.476,2.394,2.105,2.069,1.892,1.986,2.314,2.992,2.787,3.402,2.218,1.894,2.17,2.641,1.925,1.491,1.197,1.157,1.981,1.273,2.514,2.538,2.307,3.703,3.198,3.749,,,,,,,,,,,,,,,,,,,
CO-PIPO-L-1L-A,CO,PIPO,L,1L,A,1L-A,2013,101,CO-PIPO-L-1L-A.tif,10/14/2013 8:14,154.7745,0.317,0.296,0.676,0.486,0.571,0.528,0.549,0.38,0.591,0.33,0.324,0.443,0.591,1.077,0.824,0.886,0.63,1.087,0.621,0.635,1.205,0.867,0.801,0.631,0.904,0.82,1.119,0.992,0.904,1.095,0.972,0.634,0.697,0.802,0.908,0.338,0.972,0.952,0.741,0.973,0.888,0.888,0.55,1.312,1.417,1.1,1.079,0.973,1.016,0.843,0.857,0.578,0.74,0.19,0.909,1.393,1.079,1.311,1.268,0.395,0.913,1.58,0.674,1.058,1.693,1.46,1.756,1.227,1.375,1.291,1.926,2.094,2.941,1.984,1.987,2.239,2.427,1.733,1.456,1.247,1.618,2.077,2.179,2.881,2.322,2.304,2.45,2.723,2.442,2.286,2.681,2.442,3.205,3.203,3.019,2.624,2.343,2.688,2.571,3.648,0.328,,,,,,
CO-PIPO-L-2H-A,CO,PIPO,L,2H,A,2H-A,2013,99,NotAFile,10/9/2013 9:36,160.4881,0.18,0.317,0.613,0.825,0.783,0.823,0.569,0.462,0.865,0.464,0.612,0.634,0.593,1.46,0.985,1.276,0.71,1.55,0.898,0.76,1.604,0.697,0.95,0.828,1.179,1.138,1.793,1.078,1.089,1.058,1.303,0.99,0.918,0.983,0.733,0.18,0.901,0.873,0.676,1.047,0.762,0.949,1.055,1.58,1.294,1.781,1.243,1.723,0.586,0.852,0.82,0.737,1.11,0.272,0.606,1.905,0.756,1.131,0.981,1.002,1.823,1.141,1.235,2.379,1.49,2.458,1.781,2.137,1.927,2.635,2.582,3.104,2.484,2.421,3.34,3.027,1.837,1.658,1.285,1.366,2.338,1.732,2.524,2.068,1.935,2.546,2.743,1.658,2.211,3.097,2.282,3.397,2.906,3.164,2.741,2.177,3.402,3.296,2.794,,,,,,,,
CO-PIPO-L-2H-B,CO,PIPO,L,2H,B,2H-B,2013,95,NotAFile,10/9/2013 9:48,154.7322,0.229,0.222,0.657,0.793,0.748,0.556,0.648,0.355,0.644,0.352,0.455,0.334,0.396,0.867,0.621,0.645,0.413,1.103,0.748,0.815,1.035,0.903,0.888,0.852,1.035,1.058,1.49,1.162,1.276,1.239,1.368,1.035,0.804,0.38,0.543,0.146,0.807,1.019,0.7,1.146,0.835,0.873,0.973,1.632,1.053,1.43,1.503,1.606,0.665,0.521,0.641,0.716,0.677,0.188,0.905,1.88,0.901,1.499,0.741,1.117,1.697,0.614,1.126,2.009,1.663,2.027,1.878,1.757,2.029,2.397,2.224,3.699,3.021,2.529,3.169,2.915,1.502,1.687,1.264,1.311,2.782,0.459,1.192,2.744,2.75,1.993,3.356,2.709,2.078,2.39,3.461,2.08,3.763,4.409,4.008,,,,,,,,,,,,
CO-PIPO-L-2L-A,CO,PIPO,L,2L,A,2L-A,2013,91,NotAFile,10/9/2013 10:23,168.6141,0.231,0.392,0.82,0.635,0.676,0.486,0.655,0.535,0.703,0.563,0.405,0.381,0.529,1.309,0.845,1.416,0.676,1.625,1.121,1.1,1.501,1.099,0.93,0.824,1.206,0.973,1.545,1.1,0.992,1.481,1.036,0.781,0.762,0.91,0.888,0.359,0.781,1.393,1.034,1.415,0.99,1.395,1.46,1.458,1.797,1.768,1.236,1.76,1.257,1.864,0.775,0.978,1.218,2.137,1.006,1.788,1.58,1.538,1.802,1.219,1.538,2.997,2.201,2.207,1.906,1.975,2.071,0.698,2.343,2.497,3.85,2.603,2.624,3.555,3.977,3.023,3.401,2.322,3.194,4.158,3.006,5.013,4.006,3.687,4.328,3.411,3.729,3.005,4.481,3.861,3.04,,,,,,,,,,,,,,,,
CO-PIPO-L-2L-B,CO,PIPO,L,2L,B,2L-B,2013,82,NotAFile,10/9/2013 10:23,150.4823,0.274,0.373,0.843,0.785,0.897,0.49,0.459,0.387,0.617,0.526,0.517,0.409,0.368,0.716,0.778,1.628,0.659,1.585,1.029,1.295,2.025,1.218,1.013,0.859,1.602,1.384,1.805,1.289,1.268,1.984,1.353,1.071,0.964,1.183,1.112,0.473,1.343,1.571,0.209,1.083,1.686,1.499,1.6,1.907,2.587,2.056,1.99,1.741,1.959,1.046,0.949,0.978,0.615,1.175,1.169,1.538,1.103,1.748,1.101,1.504,1.62,1.182,1.69,2.595,1.75,2.304,1.733,1.977,2.39,2.338,2.507,4.279,3.098,2.83,3.815,4.162,3.172,2.681,3.361,3.787,6.185,1.196,,,,,,,,,,,,,,,,,,,,,,,,,
CO-PIPO-L-3H-A,CO,PIPO,L,3H,A,3H-A,2013,96,NotAFile,10/9/2013 10:52,174.5879,0.239,0.738,0.634,0.634,0.528,0.549,0.529,0.657,0.226,0.127,0.204,0.246,0.803,0.697,1.077,0.317,1.65,0.867,0.803,0.739,0.671,0.442,0.692,1.098,1.439,1.693,1.016,1.227,1.396,1.035,1.352,1.14,0.802,0.929,0.169,0.971,1.964,1.333,1.524,1.024,1.491,0.825,1.945,1.67,1.627,1.227,1.29,0.74,0.782,0.802,0.591,0.528,0.169,1.096,1.518,0.927,1.434,1.224,1.241,1.89,0.377,0.967,1.37,0.993,1.248,1.058,1.841,1.417,2.432,2.02,2.656,1.988,2.157,2.641,3.291,2.313,1.838,1.248,1.755,1.717,1.201,3.679,3.838,2.509,3.942,4.468,3.443,4.362,4.445,4.181,4.283,4.831,6.086,4.799,5.255,3.543,,,,,,,,,,,
CO-PIPO-L-3H-B,CO,PIPO,L,3H,B,3H-B,2013,94,NotAFile,10/9/2013 10:52,217.4646,0.142,0.542,1.065,0.981,0.835,1.002,0.985,0.936,1.33,0.528,0.657,0.563,0.753,1.63,1.232,1.737,0.587,2.731,1.326,1.135,1.197,0.944,0.817,1.214,1.304,1.655,2.285,1.427,1.421,2.503,1.807,1.781,1.496,0.969,1.349,0.294,1.148,2.255,1.47,1.768,1.362,2.086,1.259,2.17,2.462,2.337,1.703,1.96,1.499,1.264,1.151,0.717,0.787,1.305,1.68,1.205,1.842,1.528,1.4,2.409,0.908,1.126,2.003,1.645,2.203,0.359,0.981,2.059,2.07,3.036,2.932,3.323,2.385,3.116,3.538,3.843,3.005,2.738,1.78,2.663,2.938,2.285,4.702,4.418,3.798,5.069,4.736,4.466,5.69,5.278,4.873,7.168,5.741,4.012,,,,,,,,,,,,,
CO-PIPO-L-3L-A,CO,PIPO,L,3L,A,3L-A,2013,79,NotAFile,10/9/2013 17:01,157.9118,0.663,0.675,1.312,1.353,1.198,0.651,0.864,0.527,0.799,0.484,0.611,0.632,0.528,1.096,0.769,1.438,0.623,2.351,1.34,1.101,1.536,1.449,1.476,1.099,1.475,1.148,1.702,1.049,0.999,1.894,2.044,1.698,1.087,1.362,1.451,1.366,1.827,0.774,1.061,1.205,1.83,1.495,2.016,2.68,2.843,2.553,3.455,1.929,2.557,1.71,1.585,1.626,0.864,2.367,2.634,2.484,2.553,2.35,3.129,2.765,1.788,2.317,2.929,2.597,2.985,2.387,2.332,2.28,2.955,2.334,2.856,2.389,2.501,2.607,2.386,2.647,2.616,3.2,5.241,,,,,,,,,,,,,,,,,,,,,,,,,,,,
CO-PIPO-L-3L-B,CO,PIPO,L,3L,B,3L-B,2013,95,NotAFile,10/9/2013 15:48,233.7743,0.202,0.505,1.079,1.205,1.036,0.677,0.723,0.949,0.973,0.719,0.698,0.91,1.099,1.735,1.22,1.494,0.915,2.011,1.07,0.883,1.585,1.013,0.991,1.394,1.288,1.541,1.962,1.004,1.301,2.667,2.199,1.427,1.297,1.688,1.182,0.676,1.35,2.148,1.646,2.036,1.581,2.448,1.453,2.348,2.388,2.387,1.784,2.375,1.729,1.603,1.415,1.475,1.411,0.746,1.95,2.945,1.732,2.209,1.56,1.618,2.607,1.424,1.888,2.778,1.978,2.558,1.724,2.382,2.545,3.137,3.173,4.358,2.755,2.571,3.645,3.114,2.814,2.435,2.18,3.178,4.261,3.234,5.142,3.62,3.454,4.988,4.933,4.026,4.419,4.838,3.788,5.657,4.973,5.376,7.778,,,,,,,,,,,,
CO-PIPO-L-4H-A,CO,PIPO,L,4H,A,4H-A,2013,91,CO-PIPO-L-4H_both.tif,10/14/2013 8:33,153.5214,0.136,0.229,0.566,0.514,0.566,0.44,0.414,0.505,0.627,0.32,0.323,0.339,0.503,0.946,0.781,1.154,0.448,1.246,0.78,0.568,0.655,0.569,0.683,0.719,1.047,0.995,1.858,1.18,1.282,1.96,1.416,1.401,1.057,1.058,1.086,0.147,0.245,1.057,1.415,1.226,1.439,0.802,0.843,1.149,1.976,2.048,1.626,1.774,1.768,1.171,0.762,1.167,0.899,0.998,0.206,0.895,1.924,1.112,1.337,1.053,1.18,1.176,0.452,1.037,1.606,1.114,1.481,0.348,0.92,2.584,1.869,2.556,1.981,2.609,2.101,2.11,2.377,2.883,2.834,2.097,1.815,2.192,3.252,2.029,3.563,3.693,3.358,4.7,4.559,5.472,0.823,,,,,,,,,,,,,,,,
CO-PIPO-L-4H-B,CO,PIPO,L,4H,B,4H-B,2013,91,CO-PIPO-L-4H_both.tif,10/14/2013 8:33,166.7438,0.254,0.465,1.079,1.099,1.099,0.824,0.909,1.099,1.247,0.571,0.486,0.591,0.821,1.856,1.151,2.129,0.957,2.218,1.225,1.365,1.938,0.831,0.18,0.867,1.685,1.727,2.022,1.326,1.323,2.093,1.864,1.472,0.924,0.997,1.145,0.501,1.168,1.549,0.368,0.864,1.638,1.205,1.549,1.214,2.025,1.922,2.056,1.016,1.426,1.272,1.047,1.05,0.777,1.026,0.199,1.148,1.72,1.288,1.567,1.13,1.358,1.835,0.271,0.478,0.889,1.952,1.414,1.583,1.197,1.911,2.467,1.868,2.156,3.226,2.645,1.936,2.463,2.759,2.404,2.425,1.682,2.279,3.391,1.903,3.309,3.213,2.81,3.957,4.301,3.8,4.701,,,,,,,,,,,,,,,,
CO-PIPO-L-4L-A,CO,PIPO,L,4L,A,4L-A,2013,79,CO-PIPO-L-4L-Both.tif,10/14/2013 8:35,157.9118,0.663,0.675,1.312,1.353,1.198,0.651,0.864,0.527,0.799,0.484,0.611,0.632,0.528,1.096,0.769,1.438,0.623,2.351,1.34,1.101,1.536,1.449,1.476,1.099,1.475,1.148,1.702,1.049,0.999,1.894,2.044,1.698,1.087,1.362,1.451,1.366,1.827,0.774,1.061,1.205,1.83,1.495,2.016,2.68,2.843,2.553,3.455,1.929,2.557,1.71,1.585,1.626,0.864,2.367,2.634,2.484,2.553,2.35,3.129,2.765,1.788,2.317,2.929,2.597,2.985,2.387,2.332,2.28,2.955,2.334,2.856,2.389,2.501,2.607,2.386,2.647,2.616,3.2,5.241,,,,,,,,,,,,,,,,,,,,,,,,,,,,
CO-PIPO-L-4L-B,CO,PIPO,L,4L,B,4L-B,2013,68,CO-PIPO-L-4L-Both.tif,10/14/2013 8:35,141.2806,0.296,0.434,0.959,1.087,0.907,0.558,0.745,0.515,0.637,0.466,0.48,0.423,0.509,0.846,0.617,1.585,0.631,1.907,1.205,0.786,1.204,1.331,0.816,0.982,1.498,1.081,1.764,0.865,0.848,2.138,1.833,1.493,0.917,1.154,1.354,1.399,1.481,1.119,0.998,1.63,1.744,0.998,2.379,2.345,3.112,2.477,2.949,2.151,1.791,2,1.415,1.536,0.552,2.2,2.203,2.32,3.213,2.244,3.255,2.488,1.437,2.051,2.601,2.524,2.615,2.397,2.744,7.304,,,,,,,,,,,,,,,,,,,,,,,,,,,,,,,,,,,,,,,
CO-PIPO-L-5H-A,CO,PIPO,L,5H,A,5H-A,2013,107,CO-PIPO-L-5H-Both.tif,10/14/2013 8:38,223.4985,0.295,0.283,0.297,0.305,0.265,0.316,0.399,0.221,0.284,0.349,0.321,0.443,0.337,0.61,0.169,1.076,0.57,0.717,0.407,0.365,0.632,0.737,1.296,1.116,0.944,0.745,0.838,1.586,1.133,0.791,0.804,0.846,0.74,0.466,0.825,0.304,1.075,0.479,0.503,0.545,1.33,1.323,1.382,1.411,1.691,1.197,0.9,1.042,0.743,0.768,0.831,1.815,0.883,1.175,0.684,1.063,1.821,0.511,0.688,1.585,1.516,1.706,1.308,2.286,1.403,2.133,1.712,1.781,1.804,1.265,1.547,1.689,1.592,1.642,0.544,0.819,1.969,1.132,2.365,3.386,1.864,2.709,2.698,1.281,2.656,2.748,2.934,3.158,3.749,5.372,3.368,3.46,4.921,6.248,5.559,5.153,5.372,6.465,5.142,5.315,6.088,4.99,5.287,4.032,3.682,4.997,2.97
CO-PIPO-L-5H-B,CO,PIPO,L,5H,B,5H-B,2013,100,CO-PIPO-L-5H-Both.tif,10/14/2013 8:38,169.679,0.148,0.189,0.284,0.312,0.25,0.247,0.46,0.207,0.315,0.34,0.276,0.609,0.681,1.188,0.239,1.207,0.677,0.848,0.703,0.519,0.525,0.218,0.861,0.987,0.564,0.35,0.331,1.075,0.936,0.585,0.689,0.71,0.671,0.231,0.632,0.126,0.759,0.358,0.379,0.336,0.759,1.098,1.119,0.825,1.227,0.719,0.656,0.698,0.762,0.529,0.889,1.56,0.821,1.115,0.525,0.736,1.219,0.294,0.567,1.324,0.946,1.262,0.841,1.661,1.283,1.535,1.598,1.747,1.707,1.307,2.013,1.929,1.632,1.671,0.565,0.859,2.022,1.53,2.277,2.663,1.719,2.423,3.064,1.642,2.774,2.919,3.23,3.299,3.636,5.294,3.95,3.758,4.998,5.027,4.942,4.522,5.184,6.635,4.626,3.185,,,,,,,
CO-PIPO-L-5L-A,CO,PIPO,L,5L,A,5L-A,2013,92,NotAFile,10/10/2013 12:13,227.7403,0.688,1.307,1.554,1.822,1.587,1.92,1.88,2.102,2.202,1.474,1.579,0.866,2.244,2.941,3.548,2.721,1.985,2.678,2.891,2.173,1.444,1.822,1.551,0.489,1.921,2.616,2.436,3.486,1.836,2.637,2.243,2.539,2.241,1.854,2.732,1.962,0.845,1.668,2.744,1.989,1.799,1.545,1.629,1.287,3.139,1.069,0.966,3.17,2.788,1.815,1.141,1.692,1.156,1.255,1.078,1.775,2.492,1.899,2.092,1.814,2.67,2.409,1.077,1.654,2.524,1.573,2.428,1.8,2.068,1.834,2.927,2.168,2.504,2.019,2.589,2.937,2.906,2.377,2.69,2.128,2.26,3.811,2.003,3.499,3.505,3.327,3.85,3.172,3.276,3.878,4.716,8.609,,,,,,,,,,,,,,,
CO-PIPO-L-5L-B,CO,PIPO,L,5L,B,5L-B,2013,92,NotAFile,10/10/2013 12:13,227.4774,0.829,1.046,1.35,1.613,1.464,1.946,2.264,2.703,2.1,1.207,1.27,0.546,1.534,2.522,3.486,2.598,2.202,2.287,4.242,1.595,0.871,1.182,1.045,1.923,2.529,3.549,2.565,3.85,1.644,3.406,2.477,2.995,2.135,1.9,2.721,1.73,0.88,2.522,2.228,1.646,1.83,1.382,1.353,1.184,3.621,1.327,1.155,3.413,2.856,1.782,1.122,1.621,1.45,1.301,0.843,1.472,2.567,2.434,2.333,1.63,1.887,2.283,1.313,2.171,2.313,1.564,2.109,1.82,2.018,1.817,3.032,2.203,2.777,2.019,2.22,2.541,2.869,1.837,2.098,1.664,1.633,2.653,1.414,2.274,3.002,2.294,2.518,3.274,2.633,3.813,4.769,4.037,,,,,,,,,,,,,,,
CO-PIPO-L-6H-A,CO,PIPO,L,6H,A,6H-A,2013,104,NotAFile,10/10/2013 13:39,203.0226,0.283,0.313,0.729,0.769,0.503,0.781,0.782,0.444,0.973,0.55,0.549,0.95,0.485,1.456,1.303,2.01,0.719,1.754,1.501,1.67,2.089,1.629,2.708,2.349,1.419,0.282,1.918,1.52,1.31,2.663,1.684,1.073,1.554,1.944,1.501,0.486,1.268,1.685,0.779,1.953,1.137,1.404,0.92,1.66,1.593,1.946,1.861,1.606,1.225,1.008,1.268,0.99,0.889,0.141,1.239,1.468,1.053,0.927,0.823,1.268,2.326,0.867,0.952,1.501,1.332,1.66,0.903,1.685,1.597,1.786,2.391,3.512,2.116,2.561,3.174,2.539,1.756,1.925,1.1,1.396,2.644,1.377,2.043,2.433,2.749,3.192,3.403,1.896,2.773,3.265,3.314,3.53,3.995,3.614,2.896,2.878,4.379,4.072,5.244,4.465,5.026,4.638,3.197,5.611,,,
CO-PIPO-L-6H-B,CO,PIPO,L,6H,B,6H-B,2013,100,NotAFile,10/10/2013 13:39,175.9191,0.232,0.162,0.653,0.479,0.34,0.526,0.462,0.313,0.643,0.337,0.431,0.352,0.38,0.755,0.771,1.15,0.351,1.162,0.952,1.058,1.48,0.999,1.917,1.873,1.625,0.837,0.399,0.568,1.777,1.183,1.16,1.223,1.59,1.238,0.228,0.932,1.137,0.534,1.513,0.978,0.837,0.803,1.39,1.401,1.6,0.359,1.284,1.475,1.329,0.885,0.905,0.983,1.13,0.165,1.177,2.149,0.892,1.057,0.733,1.02,1.721,0.654,1.011,1.475,1.217,1.887,1.213,1.967,1.873,1.805,2.119,2.779,1.744,1.805,2.354,2.104,1.555,1.778,1.265,1.845,2.73,1.556,3.506,2.943,2.754,3.484,3.656,1.561,2.859,3.359,3.218,4.359,4.015,4.462,3.219,2.629,4.547,3.4,5.618,11.195,,,,,,,
CO-PIPO-L-6L-A,CO,PIPO,L,6L,A,6L-A,2013,96,NotAFile,10/10/2013 12:53,211.9748,0.543,0.896,1.575,1.197,1.092,0.821,1.055,0.825,1.121,0.697,0.763,1.206,1.053,1.537,2.1,2.502,1.053,2.215,1.074,1.37,2,1.577,2.184,1.869,2.268,2.751,2.452,1.637,0.8,3.323,2.079,1.913,1.955,2.1,1.432,0.42,1.89,2.442,1.753,2.031,1.151,1.626,0.792,2.632,2.532,2.918,2.644,1.988,1.269,1.036,1.12,1.116,1.326,0.685,2.076,3.36,1.857,1.739,1.294,2.161,2.928,1.467,1.623,1.668,1.322,1.88,2.085,2.049,2.449,2.719,2.78,3.429,2.809,2.768,3.491,3.14,2.499,2.913,1.983,2.474,2.673,2.626,3.16,3.736,3.43,4.211,3.863,2.74,3.081,3.638,3.305,4.371,3.7,4.163,3.836,4.91,,,,,,,,,,,
CO-PIPO-L-6L-B,CO,PIPO,L,6L,B,6L-B,2013,93,NotAFile,10/10/2013 12:53,154.3344,0.336,0.473,0.808,0.866,0.846,0.722,0.698,0.595,0.739,0.512,0.524,0.648,0.918,1.208,1.318,1.473,0.902,1.659,1.119,1.306,1.326,0.953,1.242,1.323,1.362,1.936,1.515,1.178,0.568,2.63,1.683,1.514,1.723,1.582,1.168,0.336,1.282,1.785,1.343,1.587,0.933,1.286,0.69,1.631,1.548,2.002,1.7,1.553,1,0.732,0.774,0.732,0.833,0.208,1.341,2.488,1.346,1.35,1.149,1.729,2.687,0.979,1.046,1.514,1.081,1.23,1.355,1.625,2.208,1.94,2.027,2.592,2.229,1.825,2.717,2.812,2.034,2.636,1.713,1.601,2.385,2.032,3.235,3.339,2.344,3.302,3.924,2.234,2.937,2.713,2.183,4.148,4.333,,,,,,,,,,,,,,
CO-PIPO-L-7H-A,CO,PIPO,L,7H,A,7H-A,2013,101,co-pipo-l-7h-both.tif,10/14/2013 8:55,163.7893,0.206,0.484,0.752,0.784,0.438,0.546,0.356,0.881,0.232,0.399,0.58,0.436,1.184,0.956,1.055,0.515,1.306,0.788,0.824,1.005,0.593,0.754,0.792,0.777,0.859,1.227,0.63,0.701,1.463,0.891,0.625,1.033,0.752,0.634,0.914,1.15,0.558,0.859,0.511,0.404,0.341,0.939,0.888,1.11,0.863,0.921,0.444,0.345,0.447,0.386,0.264,0.711,1.431,0.957,0.703,1.113,1.049,1.696,0.581,0.724,1.131,0.942,1.615,1.319,1.37,1.55,1.79,2.307,2.505,1.703,1.392,2.484,2.879,2.015,2.351,1.4,2.272,2.821,1.472,2.78,2.336,2.681,3.657,4.22,1.538,1.807,3.243,2.6,3.884,3.494,3.818,2.842,2.434,3.845,2.794,4.271,2.878,3.4,4.83,3.783,4.719,,,,,,
CO-PIPO-L-7H-B,CO,PIPO,L,7H,B,7H-B,2013,104,co-pipo-l-7h-both.tif,10/14/2013 8:55,165.8216,0.189,0.528,0.652,0.607,0.607,0.44,0.313,0.916,0.441,0.59,0.633,0.359,1.141,0.952,1.318,0.438,1.397,0.868,0.888,0.91,0.592,0.761,0.612,0.739,0.971,1.203,0.74,0.823,1.264,0.799,0.653,0.988,1.031,0.758,0.799,1.051,0.609,0.946,0.525,0.483,0.357,0.988,1.052,1.333,1.168,1.01,0.477,0.349,0.404,0.445,0.345,0.712,1.52,0.739,0.633,0.844,1.12,1.31,0.507,0.761,0.867,0.635,1.1,1.037,1.227,1.29,1.925,1.692,2.073,1.29,0.889,1.798,1.677,1.371,1.627,0.802,1.369,1.979,0.947,1.802,1.947,1.836,3.139,2.383,1.499,2.174,2.177,1.395,3.023,2.494,2.477,2.465,1.981,3.594,2.978,4.434,2.846,4.004,5.559,4.806,5.29,5.759,7.352,8.759,,,
CO-PIPO-L-7L-A,CO,PIPO,L,7L,A,7L-A,2013,87,CO-PIPO-L-7L-both.tif,10/14/2013 13:07,181.1844,0.275,0.275,0.995,0.718,0.803,1.057,0.762,0.698,1.312,0.613,0.612,0.908,1.119,2.807,2.438,2.991,1.478,2.955,1.502,1.754,2.121,1.281,1.575,1.6,2.137,3.153,3.398,2.621,0.91,2.285,2.285,1.862,1.672,2.663,1.987,0.824,2.281,2.455,2.116,2.453,1.417,1.82,1.121,2.427,2.26,2.05,2.515,2.666,1.354,1.163,0.994,0.945,0.557,1.883,2.2,1.375,1.163,1.354,1.748,2.801,1.058,1.756,2.793,1.756,2.158,1.544,2.56,2.455,3.087,2.581,3.851,1.86,2.769,2.938,4.263,2.443,2.211,1.221,2.261,3.156,1.726,2.844,3.904,2.607,3.906,3.597,2.355,,,,,,,,,,,,,,,,,,,,
CO-PIPO-L-7L-B,CO,PIPO,L,7L,B,7L-B,2013,77,CO-PIPO-L-7L-both.tif,10/14/2013 13:07,164.9959,0.44,0.586,1.036,1.074,1.112,1.343,1.164,0.608,1.201,0.715,0.551,0.957,0.944,1.793,1.921,1.745,0.863,2.055,1.151,1.634,2.451,1.379,1.926,2.368,1.812,2.91,3.214,2.173,1.197,3.426,2.708,2.174,2.132,2.813,2.314,0.79,2.645,2.388,1.742,2.303,1.461,1.463,1.395,2.149,2.387,1.47,2.245,2.266,1.688,0.968,1.523,1.773,0.912,2.501,1.93,1.418,1.291,1.072,1.775,3.058,1.093,2.157,2.006,1.624,1.616,1.736,2.306,2.698,2.451,3.337,3.586,2.582,2.74,4.337,4.278,2.258,1.031,,,,,,,,,,,,,,,,,,,,,,,,,,,,,,
CO-PIPO-L-8H-A,CO,PIPO,L,8H,A,8H-A,2013,94,CO-PIPO-L-8H-A.tif,10/14/2013 12:59,173.4389,0.23,0.21,0.779,0.411,0.536,0.379,0.442,0.263,0.338,0.251,0.127,0.189,0.241,0.546,0.611,0.566,0.313,1.143,0.679,0.513,0.819,0.473,0.968,0.614,0.983,1.269,1.31,0.737,0.603,1.357,1.234,1.152,0.939,0.918,0.689,0.23,0.762,1.112,0.962,1.829,1.232,1.419,0.716,1.471,1.635,1.924,2.028,1.732,1.161,1.013,0.929,0.971,0.971,0.506,1.597,2.269,1.18,1.215,1.333,1.966,2.45,0.916,1.395,2.409,2.079,2.635,2.504,2.682,2.702,2.918,3.083,2.91,2.609,2.814,3.273,3.03,2.809,2.73,2.353,2.416,3.53,3.226,4.655,4.001,3.139,4.138,4.858,4.135,3.458,4.286,3.424,6.29,5.099,3.099,,,,,,,,,,,,,
CO-PIPO-L-8H-B,CO,PIPO,L,8H,B,8H-B,2013,92,CO-PIPO-L-8H-A.tif,10/14/2013 12:59,130.0792,0.122,0.163,0.702,0.427,0.561,0.358,0.371,0.261,0.35,0.268,0.206,0.29,0.246,0.473,0.573,0.686,0.276,1.084,0.705,0.776,0.94,0.661,0.763,0.535,0.88,0.865,0.804,0.529,0.466,0.973,0.644,0.471,0.609,0.731,0.587,0.124,0.798,0.76,0.535,1.07,0.721,1.123,0.79,1.123,1.194,1.317,1.378,1.384,0.723,0.482,0.788,0.786,1.135,0.358,1.095,1.66,0.712,0.535,0.498,1.221,2.237,1.078,0.935,1.445,1.416,2.325,1.268,1.833,1.435,1.711,1.945,2.343,2.149,1.823,2.453,2.631,2.254,2.427,1.562,2.47,3.311,2.266,3.059,3.094,3.201,3.095,3.468,2.475,2.481,3.275,2.201,3.635,,,,,,,,,,,,,,,
CO-PIPO-L-8L-A,CO,PIPO,L,8L,A,8L-A,2013,74,CO-PIPO-L-8L-both.tif,10/14/2013 12:53,172.8308,0.48,0.928,1.623,1.349,1.41,1.658,1.49,1.162,1.49,0.85,0.726,1.229,1.002,1.674,1.679,1.789,0.989,1.717,1.206,1.427,1.867,1.66,2.542,1.673,1.721,2.841,2.384,1.431,1.116,3.056,2.427,1.834,2.167,2.28,1.631,0.878,3.514,2.85,2.088,3.101,2.385,2.913,2.176,2.991,3.319,3.262,3.655,3.665,2.429,1.88,1.62,1.12,1.36,1.066,1.779,2.693,1.773,2.018,2.326,2.393,2.56,1.269,1.846,3.319,2.284,2.46,1.995,2.616,3.126,3.707,2.473,3.558,3.112,3.215,,,,,,,,,,,,,,,,,,,,,,,,,,,,,,,,,
CO-PIPO-L-8L-B,CO,PIPO,L,8L,B,8L-B,2013,70,CO-PIPO-L-8L-both.tif,10/14/2013 12:53,211.8222,0.58,0.677,2.009,1.586,1.607,1.521,1.205,0.825,1.143,0.487,0.402,0.888,0.868,1.904,1.925,2.673,1.511,2.677,1.886,1.952,2.573,2.081,3.136,2.964,3.084,3.618,4.083,1.946,2.031,4.911,3.807,2.187,2.94,3.578,2.36,1.243,3.978,3.883,2.561,4.869,3.079,4.246,3.127,3.945,4.078,3.871,4.577,4.311,2.253,2.517,2.323,1.969,2.715,2.522,3.117,4.109,2.415,2.775,2.857,3.048,4.4,2.286,3.072,4.572,2.623,4.355,3.192,4.271,5.171,1.549,,,,,,,,,,,,,,,,,,,,,,,,,,,,,,,,,,,,,
CO-PIPO-L-9H-A,CO,PIPO,L,9H,A,9H-A,2013,103,CO-PIPO-L-9H-both.tif,10/14/2013 12:53,150.0315,0.344,0.464,0.818,0.915,0.862,0.72,0.743,0.471,0.722,0.487,0.541,0.671,0.652,1.053,1.133,1.244,0.806,1.646,1.19,1.279,1.43,0.997,1.306,1.142,1.33,1.354,1.416,0.759,0.724,1.354,0.979,0.793,0.983,1.265,0.708,0.356,1.049,1.305,0.949,1.572,1.176,1.206,0.865,1.371,1.729,1.603,1.331,1.396,1.016,0.867,0.93,0.844,0.696,0.337,1.184,1.755,0.994,1.141,0.803,1.502,1.777,0.908,1.246,1.925,1.481,1.84,1.565,1.733,1.605,1.834,1.621,2.082,1.774,1.69,1.52,1.472,1.03,1.051,0.687,1.311,1.465,0.93,1.486,1.545,1.598,1.692,1.693,1.46,1.501,1.724,1.483,2.631,2.235,2.285,2.411,2.222,3.441,2.897,3.89,2.918,3.029,2.836,2.664,,,,
CO-PIPO-L-9H-B,CO,PIPO,L,9H,B,9H-B,2013,102,CO-PIPO-L-9H-both.tif,10/14/2013 12:53,136.1784,0.247,0.36,0.614,0.548,0.676,0.444,0.697,0.401,0.506,0.508,0.55,0.529,0.613,0.988,0.841,0.925,0.585,1.504,0.94,0.752,1.044,0.898,1.051,0.886,0.973,1.058,0.952,0.656,0.55,1.227,0.931,0.906,0.734,0.901,0.691,0.314,0.818,0.991,0.611,1.33,0.845,1.077,0.76,1.33,1.363,1.263,1.393,1.413,1.201,0.802,0.698,0.736,0.978,0.35,0.979,1.717,0.898,1.135,1.069,1.044,1.566,0.793,1.148,1.441,1.413,1.547,1.236,1.463,1.373,1.664,1.724,1.907,1.605,1.621,1.747,1.588,0.9,1.006,1.107,1.727,1.512,1.136,1.753,1.569,1.426,1.789,2.059,1.708,1.793,1.768,1.456,2.423,2.132,2.192,2.089,2.093,2.887,2.332,3.09,2.673,3.252,1.667,,,,,
CO-PIPO-L-9L-A,CO,PIPO,L,9L,A,9L-A,2013,81,CO-PIPO-L-9L_both.tif,10/14/2013 12:54,142.0524,0.396,0.482,0.805,0.882,0.993,0.909,0.93,0.613,0.882,0.544,0.583,0.909,0.764,1.923,1.542,1.488,0.69,1.578,1.267,1.221,1.785,1.516,1.632,1.402,2.28,2.105,2.181,1.45,1.468,2.067,1.654,1.425,1.115,1.532,1.018,0.649,1.516,1.935,1.449,1.888,2.236,2.586,1.863,2.221,2.114,2.023,2.132,2.072,1.492,1.344,1.197,1.344,1.596,1.319,1.791,2.649,1.806,1.686,2.073,1.89,2.353,1.632,2.088,2.897,1.823,2.111,1.552,1.914,2.082,2.399,2.014,2.518,1.889,1.713,1.738,1.725,1.268,1.637,1.414,1.928,2.729,,,,,,,,,,,,,,,,,,,,,,,,,,
CO-PIPO-L-9L-B,CO,PIPO,L,9L,B,9L-B,2013,79,CO-PIPO-L-9L_both.tif,10/14/2013 12:54,165.1226,0.444,0.592,0.889,0.571,0.677,0.57,0.506,0.316,0.57,0.327,0.471,0.59,0.653,1.349,1.182,1.481,0.741,1.735,1.079,1.058,1.46,1.185,1.667,1.429,1.975,2.185,2.177,1.352,1.375,2.687,1.836,1.414,1.561,1.545,1.227,0.719,1.968,2.01,1.671,2.401,2.264,2.89,2.095,2.983,2.963,2.717,2.723,2.601,1.878,1.458,1.247,1.29,2.137,1.566,1.974,2.607,1.627,1.727,2.264,2.814,3.33,2.368,2.75,4.42,2.6,3.432,2.721,3.863,4.168,6.071,4.76,3.926,2.854,2.539,3.068,2.666,1.878,2.026,1.16,,,,,,,,,,,,,,,,,,,,,,,,,,,,
CO-PIPO-L-10H-A,CO,PIPO,L,10H,A,10H-A,2013,86,CO-PIPO-L-10H_both.tif,10/14/2013 12:54,144.938,0.226,0.274,0.909,0.717,0.802,0.759,0.78,0.759,1.057,0.783,0.698,0.804,0.782,1.288,1.204,1.309,0.888,2.179,1.542,1.331,1.458,1.373,2.197,1.458,1.806,2.168,1.603,1.352,1.015,1.692,1.248,1.016,0.995,1.206,1.016,0.317,1.333,1.333,1.079,1.605,1.166,1.479,1.221,1.305,1.557,1.158,1.014,1.436,0.863,0.881,0.968,0.991,1.396,0.55,1.079,2.074,1.037,0.825,1.1,1.459,1.163,0.761,1.29,1.84,1.587,1.926,1.438,2.223,2.116,2.639,2.523,2.425,2.366,2.267,2.549,2.333,2.142,2.321,1.97,2.837,3.773,3.384,3.694,4.323,3.796,5.886,,,,,,,,,,,,,,,,,,,,,
CO-PIPO-L-10H-B,CO,PIPO,L,10H,B,10H-B,2013,86,CO-PIPO-L-10H_both.tif,10/14/2013 12:54,170.2074,0.291,0.359,0.674,0.797,0.927,0.647,0.715,0.399,0.901,0.562,0.622,0.683,0.624,1.479,1.615,1.477,1.022,2.131,1.743,1.686,1.835,1.921,2.529,1.803,1.748,1.829,1.977,1.467,1.232,2.59,1.848,1.518,1.244,1.54,1.222,0.505,1.577,1.512,1.467,1.883,1.16,1.971,1.426,1.803,1.755,1.671,1.734,1.65,1.187,1.069,1.402,1.393,1.813,1.054,1.721,3.121,1.498,1.462,1.188,1.456,1.82,1.085,1.531,2.606,1.968,2.963,2.28,2.635,2.622,3.603,2.267,3.584,2.581,2.716,3.384,3.207,2.496,2.717,1.595,2.553,3.911,2.785,3.805,4.72,3.77,3.016,,,,,,,,,,,,,,,,,,,,,
CO-PIPO-L-10L-A,CO,PIPO,L,10L,A,10L-A,2013,96,CO-PIPO-L-10L-both.tif,10/14/2013 12:55,161.3206,0.147,0.237,0.776,0.778,0.783,0.635,0.698,0.464,0.55,0.487,0.38,0.528,0.402,0.994,0.952,0.755,0.594,1.563,0.824,0.825,0.994,0.741,1.248,0.741,1.058,1.396,1.143,0.677,0.973,2.307,1.651,1.185,1.333,1.312,0.89,0.099,1.294,1.542,1.565,1.88,1.5,1.988,1.858,2.263,2.013,2.16,1.929,1.489,0.862,0.928,0.969,1.262,1.428,0.566,1.476,2.532,1.14,1.227,1.138,1.813,2.175,0.888,1.248,2.241,2.049,2.474,1.817,2.14,1.835,2.319,1.833,3.058,2.049,2.141,3.182,2.257,2.157,2.791,1.501,2.862,3.597,2.58,4.663,4.399,2.978,3.151,3.399,2.751,2.348,3.343,2.007,2.941,2.433,2.305,1.721,2.083,,,,,,,,,,,
CO-PIPO-L-10L-B,CO,PIPO,L,10L,B,10L-B,2013,93,CO-PIPO-L-10L-both.tif,10/14/2013 12:55,211.0216,0.296,0.386,1.364,1.184,1.164,0.889,0.91,0.654,1.055,0.55,0.55,0.952,0.846,1.587,1.672,1.288,0.9,1.669,1.222,1.722,1.155,1.264,2.206,1.617,1.659,2.471,2.29,1.147,1.773,3.97,2.153,1.459,1.778,1.819,0.952,0.444,1.86,2.11,1.356,2.941,1.669,2.215,2.115,3.024,3.193,2.836,2.581,2.391,1.417,1.227,1.312,1.608,2.56,1.268,2.772,3.778,1.968,1.989,1.587,2.708,3.744,1.693,2.158,2.941,2.475,3.238,2.705,2.518,2.539,3.428,2.513,3.083,2.875,2.367,2.759,2.866,2.472,2.92,2.016,2.821,3.227,3.018,5.187,5.052,4.116,3.861,4.042,3.101,3.292,3.315,2.393,4.094,0.896,,,,,,,,,,,,,,
