"","Transect","Species","Elev","Tree","Tag","2013","2012","2011","2010","2009","2008","2007","2006","2005","2004","2003","2002","2001","2000","1999","1998","1997","1996","1995","1994","1993","1992","1991","1990","1989","1988","1987","1986","1985","1984","1983","1982","1981","1980","1979","1978","1977","1976","1975","1974","1973","1972","1971","1970","1969","1968","1967","1966","1965","1964","1963","1962","1961","1960","1959","1958","1957","1956","1955","1954","1953","1952","1951","1950","1949","1948","1947","1946","1945","1944","1943","1942","1941","1940","1939","1938","1937","1936","1935","1934","1933","1932","1931","1930","1929","1928","1927","1926","1925","1924","1923","1922","1921","1920","1919","1918","1917","1916","1915","1914","1913","1912","1911","1910","1909","1908","1907","1906","1905","1904","1903","1902","1901","1900","1899","1898","1897","1896","1895","1894","1893","1892","1891","1890","1889","1888","1887","1886","1885"
"51","MT","ABLA","H","10C","ABLA-H-10C",0.462,0.8665,0.9195,0.7235,0.8345,0.546,0.4645,0.6725,0.6755,0.3585,0.719,0.659,1.129,1.585,1.033,1.288,1.098,1.137,0.9815,1.79,1.2215,1.2905,1.2345,0.989,1.421,1.859,1.6305,1.164,0.8085,1.2855,1.447,1.23,1.696,1.2045,1.3155,1.768,1.5445,1.0275,0.424,0.37,0.782,0.589,0.718,0.8735,0.758,0.5415,0.4455,0.5,NA,NA,NA,NA,NA,NA,NA,NA,NA,NA,NA,NA,NA,NA,NA,NA,NA,NA,NA,NA,NA,NA,NA,NA,NA,NA,NA,NA,NA,NA,NA,NA,NA,NA,NA,NA,NA,NA,NA,NA,NA,NA,NA,NA,NA,NA,NA,NA,NA,NA,NA,NA,NA,NA,NA,NA,NA,NA,NA,NA,NA,NA,NA,NA,NA,NA,NA,NA,NA,NA,NA,NA,NA,NA,NA,NA,NA,NA,NA,NA,NA
"52","MT","ABLA","H","10N","ABLA-H-10N",0.605,0.7795,0.76,0.7495,0.825,0.9525,1.047,0.7325,0.6245,0.4465,0.738,0.7355,0.7545,1.0075,0.938,1.253,1.313,1.313,0.792,1.18,0.8005,1.032,1.164,1.0915,0.881,0.994,0.8555,0.866,0.5725,0.8375,0.6855,0.6425,0.713,0.59,0.6575,0.5655,0.5805,0.5555,0.463,0.307,0.523,0.4815,0.581,0.9195,0.587,0.534,0.623,0.6875,0.5675,0.589,0.8275,0.5935,0.4815,0.35,0.453,0.621,0.587,0.1695,0.531,0.4055,0.4885,0.497,1.1545,0.577,NA,NA,NA,NA,NA,NA,NA,NA,NA,NA,NA,NA,NA,NA,NA,NA,NA,NA,NA,NA,NA,NA,NA,NA,NA,NA,NA,NA,NA,NA,NA,NA,NA,NA,NA,NA,NA,NA,NA,NA,NA,NA,NA,NA,NA,NA,NA,NA,NA,NA,NA,NA,NA,NA,NA,NA,NA,NA,NA,NA,NA,NA,NA,NA,NA
"53","MT","ABLA","H","11C","ABLA-H-11C",0.3805,0.508,0.581,0.4735,0.467,0.37,0.4125,0.4965,0.455,0.4335,0.5175,0.4435,0.5705,0.624,0.423,0.497,0.4115,0.5285,0.4415,0.9265,0.763,0.9535,0.396,0.8535,0.462,0.8495,0.6925,0.648,0.447,0.6435,0.529,0.5205,0.5935,0.4585,0.5935,0.737,0.6445,0.763,0.5425,0.522,0.4365,0.4815,0.462,0.567,0.515,0.3355,0.798,0.786,0.838,0.6295,0.829,0.693,0.6,0.6435,0.685,0.716,0.704,0.5755,1.1215,0.811,0.7,0.598,0.661,0.714,0.748,0.7905,0.7375,0.5995,0.588,0.68,0.63,0.619,0.555,0.5375,0.533,0.557,0.617,0.84,0.5835,0.79,0.532,0.5425,0.3865,0.5355,0.601,0.5965,0.324,0.4905,0.4815,0.6575,0.3955,0.5405,0.4565,0.4345,0.796,0.5295,0.4025,0.368,0.5025,0.637,0.5225,0.7525,0.481,0.3975,0.552,0.6555,0.6415,0.623,0.5,0.477,0.3755,0.381,0.5345,0.76,0.4235,0.358,0.63,0.563,0.399,0.475,NA,NA,NA,NA,NA,NA,NA,NA,NA
"54","MT","ABLA","H","11N","ABLA-H-11N",0.5945,0.651,0.879,0.722,0.8685,0.606,0.667,0.874,0.9045,0.479,0.689,0.5455,0.774,0.7845,0.7505,1.0315,0.521,0.7745,0.5195,1.0685,0.899,0.855,0.688,1.0025,0.701,0.8955,1.019,0.6655,0.465,0.7525,0.8195,0.6915,0.7425,0.7435,0.876,0.903,1.008,1.261,0.819,0.379,0.822,0.758,1.032,1.14,1.161,0.76,0.803,1.289,1.311,1.121,1.354,1.185,1.079,1.883,1.818,1.773,2.195,0.929,1.45,1.095,0.906,0.653,0.718,0.76,1.583,1.013,0.783,1.163,1.266,1.654,1.864,NA,NA,NA,NA,NA,NA,NA,NA,NA,NA,NA,NA,NA,NA,NA,NA,NA,NA,NA,NA,NA,NA,NA,NA,NA,NA,NA,NA,NA,NA,NA,NA,NA,NA,NA,NA,NA,NA,NA,NA,NA,NA,NA,NA,NA,NA,NA,NA,NA,NA,NA,NA,NA,NA,NA,NA,NA,NA
"55","MT","ABLA","H","12C","ABLA-H-12C",0.3505,0.34,0.312,0.3265,0.331,0.221,0.247,0.303,0.3285,0.2315,0.415,0.3315,0.44,0.49,0.494,0.608,0.2825,0.494,0.3045,0.8955,0.6305,0.6355,0.4425,0.6385,0.5365,0.614,0.6485,0.3865,0.3595,0.65,0.629,0.538,0.9275,0.728,0.804,1.0125,0.9595,0.833,0.5405,0.3685,0.5405,0.4085,0.4055,0.3785,0.4665,0.255,0.4655,0.8065,0.7865,0.555,0.604,0.399,0.442,0.6285,0.536,0.408,0.478,0.313,0.4035,0.308,0.323,0.2615,0.573,0.5865,0.4735,0.6265,0.762,0.6265,0.6465,0.6115,0.785,0.773,0.6515,0.626,0.698,0.878,0.8135,1.1895,1.101,1.2205,0.867,0.5045,0.587,0.679,0.8445,0.883,0.8365,1.4875,1.518,0.838,0.875,0.8235,0.6575,0.642,0.9475,1.1385,0.896,0.511,0.6915,0.779,0.8505,1.122,1.164,1.322,1.3435,0.875,NA,NA,NA,NA,NA,NA,NA,NA,NA,NA,NA,NA,NA,NA,NA,NA,NA,NA,NA,NA,NA,NA,NA
"56","MT","ABLA","H","12N","ABLA-H-12N",0.2375,0.2885,0.346,0.3225,0.3385,0.276,0.2905,0.337,0.378,0.253,0.3765,0.3505,0.314,0.425,0.5055,0.48,0.4025,0.5205,0.3885,0.6145,0.3835,0.4615,0.462,0.678,0.558,0.5095,0.5655,0.4435,0.301,0.4385,0.4285,0.43,0.414,0.359,0.4035,0.455,0.4045,0.419,0.3985,0.281,0.475,0.217,0.194,0.264,0.2915,0.194,0.385,0.4795,0.4635,0.4425,0.4755,0.295,0.252,0.396,0.4345,0.3685,0.354,0.2785,0.478,0.322,0.3435,0.1965,0.25,0.261,0.2345,0.2495,0.379,0.2715,0.377,0.3355,0.3555,0.278,0.303,0.227,0.299,0.349,0.4055,0.507,0.46,0.407,0.3545,0.37,0.3755,0.328,0.362,0.1055,0.299,0.386,0.558,0.4255,0.4445,0.4285,0.3335,0.4125,0.4125,0.349,0.4655,0.36,0.3755,0.46,0.4495,0.4705,0.4175,0.407,0.418,0.5975,0.5125,0.449,0.4855,0.612,0.5805,0.586,0.595,0.716,0.521,0.7355,0.651,0.7115,0.6955,0.579,0.5,0.5285,0.705,0.633,0.4935,0.704,0.434,0.5275,0.585
"57","MT","ABLA","H","1C","ABLA-H-1C",0.247,0.909,1.096,1.136,1.051,1.03,1.409,1.577,0.505,0.463,0.484,0.442,0.463,0.715,0.652,0.862,0.591,0.507,0.443,0.946,0.441,0.629,0.671,1.028,1.007,0.989,0.507,0.295,0.273,0.564,0.544,0.608,0.629,0.587,0.629,1.003,0.899,0.73,0.708,0.604,0.666,0.416,0.626,0.648,0.547,0.379,0.652,0.965,1.128,1.073,1.536,1.003,0.982,0.333,0.566,0.566,0.923,0.44,1.145,0.865,0.963,0.285,0.981,1.031,0.488,0.326,0.387,0.32,0.6,0.582,1.004,1.092,0.307,0.247,0.33,0.371,0.247,0.373,0.228,0.352,0.308,0.326,0.667,0.222,0.301,0.219,0.294,0.396,0.412,0.353,0.412,0.475,0.558,0.623,0.712,0.915,0.329,0.27,0.347,0.463,0.528,0.565,0.364,0.252,0.474,0.394,0.377,0.308,0.432,0.574,0.826,0.528,0.635,0.812,1.065,NA,NA,NA,NA,NA,NA,NA,NA,NA,NA,NA,NA,NA,NA
"58","MT","ABLA","H","1N","ABLA-H-1N",0.6175,1.7885,1.697,1.7625,1.9835,1.2075,1.146,1.1875,0.9185,0.771,0.9115,0.7625,1.0045,1.481,1.8865,2.9765,1.876,1.6125,0.9875,1.264,0.5825,1.0675,0.999,1.402,1.5845,1.874,1.2215,0.953,0.61,1.001,0.864,0.9465,1.1445,1.134,1.272,1.1425,1.315,1.3585,1.092,0.8335,1.097,0.8285,1.2345,1.908,0.775,1.0125,0.759,1.119,1.0725,0.8925,1.1265,NA,NA,NA,NA,NA,NA,NA,NA,NA,NA,NA,NA,NA,NA,NA,NA,NA,NA,NA,NA,NA,NA,NA,NA,NA,NA,NA,NA,NA,NA,NA,NA,NA,NA,NA,NA,NA,NA,NA,NA,NA,NA,NA,NA,NA,NA,NA,NA,NA,NA,NA,NA,NA,NA,NA,NA,NA,NA,NA,NA,NA,NA,NA,NA,NA,NA,NA,NA,NA,NA,NA,NA,NA,NA,NA,NA,NA,NA
"59","MT","ABLA","H","2C","ABLA-H-2C",0.206,0.457,0.5895,0.456,0.5005,0.2705,0.3025,0.4165,0.413,0.3675,0.3755,0.396,0.354,0.4035,0.3305,0.419,0.2465,0.3545,0.411,0.5425,0.2555,0.408,0.319,0.5465,0.5395,0.623,0.633,0.529,0.309,0.745,0.706,0.8785,0.862,0.8475,1.0545,0.9885,0.633,0.74,0.711,0.7205,0.4845,0.45,0.4815,0.4355,0.564,0.5375,0.5595,0.505,0.537,0.371,0.569,0.3095,0.538,0.5555,0.5245,0.72,0.7035,0.443,0.905,0.956,1.206,0.64,0.9455,1.355,0.977,1.4615,1.67,1.42,1.032,0.7755,0.784,0.5845,0.422,0.466,0.494,0.501,0.5625,0.6325,0.517,0.393,0.327,0.2725,0.27,0.3855,0.358,0.323,0.4785,0.4865,0.621,0.5775,0.569,0.379,0.3355,0.358,0.3085,0.302,0.336,0.2895,0.267,0.391,0.3985,0.372,0.383,0.46,0.5165,0.403,0.372,0.3105,0.441,0.511,0.557,0.3155,0.464,0.622,0.5335,0.649,0.4845,0.4565,0.363,0.265,0.193,0.2505,0.3385,0.348,0.2365,0.5205,0.3155,0.294,NA
"60","MT","ABLA","H","2N","ABLA-H-2N",0.341,1.277,1.156,1.227,1.576,1.163,1.2265,1.153,0.793,0.7405,1.0265,1.0575,1.395,1.616,1.3025,1.394,0.881,1.134,0.7985,1.312,0.651,1.0165,0.796,1.0005,1.032,1.238,1.1205,0.984,0.888,0.926,0.9345,0.7595,1.4915,1.4305,1.5745,1.424,1.753,1.6155,1.1955,1.048,1.1085,1.071,1.148,1.3525,0.694,0.596,0.581,1.009,0.741,0.8795,1.037,0.962,1.148,1.2355,0.7145,0.841,1.1295,0.878,1.328,1.154,1.59,1.0365,0.86,1.114,0.905,1.325,0.836,0.791,1.031,1.464,0.568,1.124,0.83,0.772,0.927,0.61,1.182,0.418,NA,NA,NA,NA,NA,NA,NA,NA,NA,NA,NA,NA,NA,NA,NA,NA,NA,NA,NA,NA,NA,NA,NA,NA,NA,NA,NA,NA,NA,NA,NA,NA,NA,NA,NA,NA,NA,NA,NA,NA,NA,NA,NA,NA,NA,NA,NA,NA,NA,NA,NA
"61","MT","ABLA","H","3C","ABLA-H-3C",0.4805,0.501,0.3805,0.3495,0.4125,0.254,0.2875,0.2685,0.326,0.263,0.286,0.372,0.4615,0.477,0.431,0.4965,0.43,0.5705,0.427,0.6295,0.2285,0.371,0.286,0.4875,0.476,0.6215,0.5305,0.317,0.232,0.452,0.4355,0.5525,0.7485,0.6255,0.836,0.843,0.865,0.9955,0.933,0.548,0.3905,0.264,0.294,0.5045,0.418,0.324,0.4905,0.677,0.6455,0.4575,0.573,0.34,0.3685,0.417,0.5835,0.511,0.502,0.272,0.3865,0.314,0.502,0.271,0.4145,0.527,0.372,0.3,0.382,0.2375,0.464,0.328,0.3925,0.2225,0.194,0.219,0.22,0.378,0.3225,0.4055,0.3385,0.3835,0.518,0.4545,0.372,0.5485,0.561,0.3,0.6715,0.638,0.5495,0.4795,0.5615,0.488,0.3605,0.349,0.4135,0.4035,0.4225,0.4205,0.3865,0.72,0.7735,0.684,0.5,0.6625,0.714,0.897,0.7045,0.541,0.4155,0.506,0.5495,0.5765,0.5685,0.818,0.646,0.824,0.5195,0.5365,0.4055,0.3595,0.2905,0.327,0.742,0.75,0.3655,0.3875,0.451,0.5485,0.4365
"62","MT","ABLA","H","3N","ABLA-H-3N",0.324,0.357,0.347,0.326,0.3785,0.2835,0.303,0.3245,0.291,0.302,0.3005,0.365,0.385,0.3645,0.3365,0.413,0.253,0.415,0.3455,0.432,0.3005,0.3735,0.3385,0.4085,0.4385,0.46,0.407,0.3545,0.408,0.504,0.453,0.6105,0.532,0.615,0.7585,0.8625,0.714,0.8415,0.82,0.936,0.715,0.6105,0.5565,0.646,0.5065,0.5315,0.816,0.708,0.7605,0.884,0.915,0.579,0.756,0.952,1.0415,0.82,0.7395,0.4175,0.8095,0.7035,0.8485,0.6255,0.863,0.8985,0.8625,0.873,0.8415,0.65,0.8935,0.667,0.7855,0.528,0.6145,0.833,0.571,0.7655,0.83,0.901,0.778,0.7285,0.5785,0.4435,0.5245,0.6135,0.749,0.7025,0.574,0.563,0.6275,0.8345,0.817,0.99,0.8215,0.674,0.754,0.678,0.8195,0.9495,0.5185,0.7945,0.8715,0.705,0.619,0.562,0.8495,1.1395,1.7405,0.7235,NA,NA,NA,NA,NA,NA,NA,NA,NA,NA,NA,NA,NA,NA,NA,NA,NA,NA,NA,NA,NA
"63","MT","ABLA","H","4C","ABLA-H-4C",0.779,0.9405,0.9625,0.9465,0.9995,0.6555,0.825,0.92,0.8775,0.8245,1.0995,1.11,1.2475,1.532,1.2885,1.2245,1.053,1.2345,1.2485,1.2175,0.562,1.2435,0.906,0.831,0.842,1.1375,0.9175,0.936,1.045,1.024,1.002,0.934,0.944,0.612,1.2545,0.8675,1.2325,1.2655,1.1855,1.2605,0.9715,0.5765,0.756,0.787,0.5745,0.5005,0.5435,0.4905,0.55,0.535,0.606,0.4535,0.346,0.3975,0.522,0.9145,1.2655,0.4245,0.9795,1.0115,1.139,0.322,1.0965,0.872,0.6455,0.895,0.537,0.746,0.9935,0.93,1.1865,0.9665,1.032,0.835,1.2905,1.4985,0.9995,1.2795,1.0945,0.5125,0.434,0.333,0.7655,0.782,0.3885,0.73,0.645,0.159,NA,NA,NA,NA,NA,NA,NA,NA,NA,NA,NA,NA,NA,NA,NA,NA,NA,NA,NA,NA,NA,NA,NA,NA,NA,NA,NA,NA,NA,NA,NA,NA,NA,NA,NA,NA,NA,NA,NA,NA,NA
"64","MT","ABLA","H","4N","ABLA-H-4N",0.812,1.2785,1.1375,1.1905,1.1165,0.886,1.0335,1.1485,1.0765,1.0025,1.2985,1.259,1.316,1.2795,1.1635,1.7025,1.5025,1.2695,1.301,1.735,0.672,1.344,1.1835,1.0785,1.2265,1.206,1.0565,0.53,0.7165,0.532,0.546,0.6545,0.596,0.7105,0.686,0.802,1.8355,1.663,1.3015,1.077,1.4205,1.0975,1.07,1.179,1.31,1.2245,1.537,1.2185,1.243,0.8875,1.2925,0.814,0.93,0.4905,0.471,NA,NA,NA,NA,NA,NA,NA,NA,NA,NA,NA,NA,NA,NA,NA,NA,NA,NA,NA,NA,NA,NA,NA,NA,NA,NA,NA,NA,NA,NA,NA,NA,NA,NA,NA,NA,NA,NA,NA,NA,NA,NA,NA,NA,NA,NA,NA,NA,NA,NA,NA,NA,NA,NA,NA,NA,NA,NA,NA,NA,NA,NA,NA,NA,NA,NA,NA,NA,NA,NA,NA,NA,NA,NA
"65","MT","ABLA","H","5C","ABLA-H-5C",0.222,0.2465,0.317,0.3685,0.445,0.2345,0.2535,0.2805,0.2395,0.228,0.2745,0.321,0.4225,0.473,0.368,0.537,0.4775,0.6975,0.541,0.5635,0.3275,0.569,0.477,0.722,0.682,0.743,0.8105,0.37,0.5225,0.6795,0.602,0.5,0.7005,0.5445,0.718,0.6645,0.6195,0.7455,0.285,0.231,0.359,0.1025,0.3015,0.315,0.294,0.272,0.4825,0.8425,0.8985,0.7295,0.76,0.5215,0.517,0.582,0.5565,0.671,0.646,0.35,0.711,0.6055,0.913,0.493,0.7445,0.6175,0.6065,0.5435,0.6295,0.644,0.947,0.6565,1.1275,0.74,0.9205,0.839,0.6935,0.9195,0.7135,0.9365,0.722,0.6265,0.8425,0.64,0.6295,0.8595,0.84,0.661,0.777,1.0815,1.249,0.9745,0.943,0.792,0.7505,0.761,1.025,0.9505,1.0775,0.782,0.6655,0.877,0.7715,0.6645,0.761,0.632,0.719,0.973,0.9395,0.7155,0.6965,0.6305,0.756,0.5585,0.6535,0.6525,0.4945,0.6725,0.4305,0.5785,0.461,0.649,0.721,0.682,0.6235,0.5855,0.607,0.9085,0.5845,0.8125,0.782
"66","MT","ABLA","H","5N","ABLA-H-5N",0.875,1.192,1.065,1.0375,1.0555,0.898,0.7415,0.9205,0.988,0.6335,1.0365,1.143,1.32,1.2985,1.1215,1.064,0.812,1.1325,1.002,1.7865,0.816,1.446,1.2005,1.234,1.07,1.651,1.3045,0.925,0.987,1.287,1.213,1.147,1.3105,0.827,1.2355,1.3695,1.557,1.0995,0.7365,0.449,0.67,0.462,0.632,0.7985,0.7815,0.4255,0.582,0.857,0.7945,0.508,0.783,0.59,0.8225,0.421,0.5275,0.619,0.666,0.2545,1.118,1.482,1.6815,0.6875,0.943,0.955,1.1185,1.266,0.5515,0.2605,0.576,0.783,0.9145,0.5855,0.722,0.477,0.8065,0.7875,0.527,0.807,0.6665,0.6155,0.3865,0.2515,0.211,0.212,0.52,1.1265,0.682,0.6,0.396,0.664,0.679,0.83,0.705,0.118,NA,NA,NA,NA,NA,NA,NA,NA,NA,NA,NA,NA,NA,NA,NA,NA,NA,NA,NA,NA,NA,NA,NA,NA,NA,NA,NA,NA,NA,NA,NA,NA,NA,NA,NA
"67","MT","ABLA","H","6C","ABLA-H-6C",0.293,0.3155,0.3985,0.3775,0.398,0.304,0.293,0.365,0.334,0.292,0.355,0.3975,0.4085,0.42,0.284,0.3395,0.26,0.4,0.305,0.518,0.2805,0.41,0.3565,0.449,0.4495,0.523,0.537,0.3955,0.304,0.441,0.3245,0.356,0.5735,0.4955,0.516,0.4635,0.41,0.4045,0.319,0.2595,0.429,0.297,0.3565,0.487,0.3705,0.3105,0.494,0.585,0.5865,0.534,0.5395,0.382,0.485,0.527,0.517,0.548,0.509,0.3105,0.5965,0.492,0.6165,0.384,0.5825,0.708,0.5605,0.4975,0.4755,0.4755,0.589,0.4625,0.4645,0.4965,0.4845,0.5155,0.433,0.618,0.536,0.607,0.5435,0.635,0.698,0.6255,0.5395,0.665,0.6855,0.6325,0.7115,0.7565,0.94,0.736,0.777,0.7405,0.575,0.451,0.5125,0.5925,0.6795,0.589,0.4805,0.747,0.718,0.7695,0.905,0.962,1.016,1.2385,0.688,0.6375,0.6545,0.9465,0.861,0.772,0.9685,1.3305,0.9655,1.4335,0.954,1.2015,1.201,1.026,0.8515,0.9035,1.123,1.193,1.321,1.9895,1.747,0.946,1.097
"68","MT","ABLA","H","6N","ABLA-H-6N",0.814,1.0335,0.815,0.892,0.8805,0.9035,0.979,0.9145,1.1155,1.1025,1.182,1.0645,1.363,1.2925,1.0265,1.4845,0.8295,1.3505,1.2655,1.6995,0.846,1.27,1.1195,1.5025,1.495,1.4175,1.2285,1.183,0.995,0.935,0.9755,1.094,1.3675,1.2675,1.512,1.8335,1.8255,1.7245,1.021,0.8285,1.1945,1.038,1.355,1.585,1.32,1.087,1.0315,1.585,1.3725,1.244,1.531,1.0985,1.4805,1.6095,1.174,1.67,2.0865,1.1105,1.936,1.4415,1.2875,1.527,1.7625,1.9525,2.067,1.9695,1.5025,1.173,1.656,1.554,1.236,1.9005,1.7455,1.245,1.285,1.3225,1.763,1.96,2.281,1.8905,1.4165,1.87,2.239,1.624,NA,NA,NA,NA,NA,NA,NA,NA,NA,NA,NA,NA,NA,NA,NA,NA,NA,NA,NA,NA,NA,NA,NA,NA,NA,NA,NA,NA,NA,NA,NA,NA,NA,NA,NA,NA,NA,NA,NA,NA,NA,NA,NA,NA,NA
"69","MT","ABLA","H","7C","ABLA-H-7C",0.412,0.469,0.4615,0.4115,0.448,0.396,0.349,0.4145,0.3505,0.442,0.47,0.4995,0.597,0.673,0.4505,0.6005,0.403,0.482,0.321,0.4655,0.3665,0.3585,0.383,0.5255,0.4425,0.483,0.508,0.3425,0.3785,0.546,0.4685,0.417,0.5425,0.501,0.6395,0.5965,0.501,0.4385,0.2995,0.19,0.386,0.281,0.4165,0.508,0.4135,0.301,0.451,0.6365,0.5845,0.44,0.5795,0.4375,0.5105,0.5695,0.4415,0.456,0.6505,0.443,0.6775,0.6315,0.7475,0.683,1.111,1.141,1.0305,1.135,1.0955,1.0805,1.366,1.1995,1.2545,1.062,1.0425,1.11,0.8925,1.1885,1.088,1.2325,1.007,1.0105,0.9295,0.794,0.85,1.0415,0.9745,1.115,1.3005,1.3175,1.4055,1.0795,1.328,1.231,0.869,0.8985,1.163,1.062,0.891,1.017,1.1995,1.1975,1.4085,1.1455,1.16,1.2755,1.3305,1.4655,1.429,1.4085,1.6775,1.721,1.406,1.34,1.82,2.2885,0.987,1.104,0.907,0.92,1.15,0.983,0.67,1.154,1.378,1.389,1.371,1.183,1.634,1.152,1.008
"70","MT","ABLA","H","7N","ABLA-H-7N",0.6135,0.954,1.025,1.1085,1.0905,0.7555,0.7725,1.005,1.0415,0.9225,1.137,1.0855,1.0465,1.18,0.924,1.1415,1.005,1.135,1.0245,1.563,0.996,1.195,0.91,1.1725,1.1165,1.1495,1.114,0.922,0.5935,0.7745,0.9815,0.9,1.22,0.954,1.1485,1.259,1.1285,1.1985,0.826,0.7615,0.849,0.8155,0.9865,1.024,1.1185,0.6485,0.7415,1.0265,1.0555,1.0315,1.375,0.839,0.897,0.8655,0.907,1.128,1.214,0.9315,1.599,1.3025,1.0145,1.112,1.166,1.391,1.7055,1.6885,1.7245,1.629,1.546,1.319,1.4465,1.542,1.3355,1.024,1.0585,0.9865,0.701,0.994,1.0005,1.319,0.8895,0.9485,1.4035,0.822,0.972,0.718,0.569,1.055,0.804,0.91,1.246,0.76,0.866,0.802,0.846,0.296,0.529,0.571,0.973,1.037,0.741,0.719,0.91,0.931,1.141,1.014,0.887,0.761,0.896,2.162,NA,NA,NA,NA,NA,NA,NA,NA,NA,NA,NA,NA,NA,NA,NA,NA,NA,NA,NA
"71","MT","ABLA","H","8C","ABLA-H-8C",0.2735,0.39,0.401,0.348,0.3775,0.2705,0.4295,0.42,0.5135,0.335,0.451,0.3455,0.462,0.5595,0.43,0.579,0.4675,0.712,0.5905,0.9465,0.615,0.6805,0.556,0.6945,0.598,0.5585,0.5805,0.417,0.3735,0.639,0.508,0.5025,0.6085,0.5225,0.6335,0.735,0.5815,0.655,0.4915,0.3545,0.47,0.285,0.4685,0.519,0.5785,0.3825,0.5425,0.5895,0.6055,0.395,0.5515,0.3615,0.4735,0.5635,0.688,0.734,0.742,0.418,0.759,0.5845,0.598,0.429,0.771,0.747,0.676,0.82,0.765,0.7685,0.9155,0.9245,0.9415,0.7945,0.62,0.5125,0.5225,0.492,0.48,0.6295,0.557,0.6535,0.556,0.505,0.6245,0.819,0.92,1.498,1.151,0.9255,0.829,0.564,0.6015,0.504,0.457,0.4175,0.489,0.467,0.6875,0.6375,0.486,0.585,0.6355,0.642,0.582,0.557,0.565,0.5765,0.5195,0.471,0.4875,0.7885,0.8305,0.62,0.8855,1.2915,1.039,1.285,1.013,1.294,1.4675,2.2355,NA,NA,NA,NA,NA,NA,NA,NA,NA
"72","MT","ABLA","H","8N","ABLA-H-8N",0.5,0.576,0.671,0.614,0.6385,0.46,0.528,0.577,0.4735,0.452,0.5175,0.4725,0.594,0.7055,0.592,0.5895,0.4765,0.734,0.6505,1.044,0.654,0.5925,0.4455,0.8485,0.9245,0.9065,0.803,0.6345,0.374,0.8535,0.9765,0.886,1.4295,1.144,1.2875,1.5105,1.344,1.337,1.108,0.693,0.888,0.7315,0.7585,0.8955,0.881,0.502,0.549,0.8325,0.8105,0.6115,0.797,0.4055,0.543,0.654,0.5665,0.8335,1.0635,0.8305,1.2215,1.222,1.0235,0.918,0.9575,1.091,1.186,1.134,1.0355,0.9895,1.0175,1.1555,1.0585,1.117,1.137,0.9525,0.9405,0.651,0.5955,0.9695,0.794,1.169,0.8715,0.4815,0.637,0.7725,0.9205,1.172,0.6175,0.776,1.162,0.9735,1.0455,0.9215,0.698,NA,NA,NA,NA,NA,NA,NA,NA,NA,NA,NA,NA,NA,NA,NA,NA,NA,NA,NA,NA,NA,NA,NA,NA,NA,NA,NA,NA,NA,NA,NA,NA,NA,NA,NA,NA
"73","MT","ABLA","H","9C","ABLA-H-9C",0.571,0.6405,0.556,0.9695,0.6275,0.4725,0.5775,0.609,0.5885,0.442,0.6315,0.6,0.695,0.7885,0.7355,0.8405,0.482,0.8165,0.6155,1.1055,0.7935,0.9485,0.721,0.888,1.102,1.1125,1.0615,0.969,0.6985,1.237,1.131,0.9445,1.0865,0.844,1.057,1.239,1.6445,1.417,1.007,0.6595,0.894,0.5415,0.86,1.1625,0.9655,0.684,0.8565,0.8945,0.7795,0.7055,0.872,0.6855,0.7435,0.735,0.8405,0.676,0.6345,0.3325,0.871,0.695,0.871,0.512,0.9085,0.6865,0.943,0.9395,0.578,0.6515,0.8755,0.7275,0.696,0.5705,0.708,0.6555,0.507,0.7145,0.5255,0.629,0.7015,0.7325,0.478,0.5375,0.5405,0.5205,0.6405,0.5495,0.4275,0.8035,0.515,0.749,0.782,0.585,0.519,0.445,0.712,0.379,0.5485,0.5095,0.4445,0.7585,0.5565,0.7665,0.5525,0.4765,0.719,0.6605,0.4505,0.411,0.546,0.6335,0.847,0.611,0.876,0.994,0.588,0.5565,0.873,0.5785,NA,NA,NA,NA,NA,NA,NA,NA,NA,NA,NA
"74","MT","ABLA","H","9N","ABLA-H-9N",0.4115,0.4155,0.363,0.339,0.39,0.2735,0.299,0.2975,0.3085,0.3175,0.3695,0.3575,0.464,0.4915,0.4695,0.786,0.481,0.646,0.506,0.9615,0.5375,0.8195,0.5975,0.64,0.772,0.7665,0.816,0.459,0.5,0.528,0.5105,0.369,0.453,0.3815,0.4505,0.482,0.5225,0.537,0.4255,0.315,0.639,0.3655,0.5065,0.707,0.655,0.517,0.69,0.8125,0.752,0.484,0.7765,0.5355,0.6985,0.578,0.7135,0.8155,0.9495,0.748,1.314,0.956,0.8465,0.5745,0.8215,0.8995,0.909,0.7715,0.737,0.6025,0.7115,0.6235,0.686,0.6055,0.618,0.5645,0.7065,0.735,0.856,1.276,1.239,1.5105,1.1165,0.522,0.618,0.7515,0.8325,1.6985,1.2925,0.9415,0.8975,0.7525,0.7705,0.7695,0.6575,0.779,1.151,1.8185,1.6905,1.569,0.673,0.868,1.201,2.9975,0.85,NA,NA,NA,NA,NA,NA,NA,NA,NA,NA,NA,NA,NA,NA,NA,NA,NA,NA,NA,NA,NA,NA,NA,NA,NA,NA
"1","MT","ABLA","L","10C","ABLA-L-10C",0.1025,0.156,0.466,0.4175,0.612,0.448,0.5485,0.6675,0.5975,0.391,0.402,0.3665,0.333,0.3725,0.5025,0.701,0.589,0.8385,0.8705,0.991,1.065,1.235,0.564,0.8065,0.1305,0.9985,0.921,0.873,0.7695,0.9295,0.8645,0.6585,0.788,0.755,0.677,0.5815,0.391,0.5915,0.7185,0.781,0.6995,0.5715,0.4435,0.497,0.622,0.4905,0.5845,0.663,0.601,0.5595,0.701,0.599,0.4995,0.4975,0.755,0.687,0.9695,0.815,1.047,0.579,0.5055,0.619,0.7855,0.702,0.648,0.595,0.5545,0.5615,0.6195,0.8215,1.0035,1.103,0.773,0.7945,0.594,0.8025,0.693,0.807,1.019,1.0525,1.0815,1.063,1.0845,1.156,1.035,1.3135,1.201,0.843,1.3645,1.1685,0.8855,1.0845,1.337,1.247,1.389,0.9755,1.0725,1.204,1.1655,1.22,1.0105,1.0595,0.887,0.881,0.7105,1.0765,0.988,0.751,0.8165,0.9215,0.6635,0.594,0.915,0.7835,0.439,0.6015,0.7495,0.459,1.1325,NA,NA,NA,NA,NA,NA,NA,NA,NA,NA
"2","MT","ABLA","L","10N","ABLA-L-10N",0.242,0.259,0.713,0.8235,1.103,0.9585,1.159,1.3045,1.475,1.4095,1.356,1.0715,1.2605,1.2425,0.801,0.915,0.849,1.043,1.0705,1.5345,1.2545,1.4055,1.251,1.1105,0.8565,1.001,1.0985,0.859,0.9355,0.948,1.2535,0.9275,1.216,1.0675,1.0615,1.1805,0.6355,0.8325,0.647,0.7085,0.904,0.99,1.211,0.807,1.05,0.814,0.82,1.03,0.922,0.682,0.837,0.548,0.445,0.686,0.546,0.529,0.976,0.99,1.064,0.983,0.705,0.783,1.196,1.158,1.166,0.994,1.0685,0.9835,0.8935,0.788,0.649,0.931,0.789,0.503,0.462,0.694,0.694,0.686,0.818,0.706,0.573,0.538,0.488,0.8,0.644,0.499,0.459,0.203,0.766,0.611,0.769,0.774,0.985,0.828,0.941,1.04,1.109,1.392,1.595,1.501,0.947,0.644,0.762,1.331,0.737,0.985,0.76,0.693,0.955,0.435,NA,NA,NA,NA,NA,NA,NA,NA,NA,NA,NA,NA,NA,NA,NA,NA,NA,NA,NA
"3","MT","ABLA","L","11C","ABLA-L-11C",0.121,0.471,0.6525,0.6065,0.602,0.497,0.582,0.529,0.521,0.4695,0.5255,0.3365,0.405,0.3235,0.372,0.4595,0.4,0.5395,0.531,1.009,0.791,0.8905,1.053,1.162,0.41,0.6675,0.5735,0.615,0.6975,0.7855,0.8995,0.693,0.9565,0.684,0.631,0.4825,0.294,0.4095,0.3955,0.4125,0.5875,0.5885,0.5785,0.503,0.881,0.569,0.664,0.8275,0.959,0.7025,1.161,0.6665,0.533,0.659,0.9575,0.5815,1.078,0.907,1.048,0.878,0.657,0.803,1.288,1.0565,0.8795,0.8415,0.993,0.906,0.8265,0.635,1.0985,0.9435,0.874,0.746,0.626,0.918,1.021,1.208,0.896,0.7705,0.7,0.642,0.6035,0.7515,0.817,0.9205,0.576,0.3675,0.651,0.942,1.1055,0.766,0.9885,0.9815,1.196,0.444,0.846,0.74,0.801,1.102,1.128,1.341,1.251,1.65,0.85,1.739,1.584,3.172,1.629,1.365,0.849,0.587,0.952,0.978,NA,NA,NA,NA,NA,NA,NA,NA,NA,NA,NA,NA,NA,NA,NA
"4","MT","ABLA","L","11N","ABLA-L-11N",0.083,0.0985,0.3135,0.453,0.714,0.547,0.627,0.7235,0.858,0.575,0.7725,0.674,0.6055,0.739,0.642,1.075,0.957,0.968,0.5795,1.4475,1.3965,1.1915,1.215,1.139,0.816,0.876,0.824,0.5705,0.4325,0.7995,1.065,0.942,0.9265,0.7495,0.9185,1.065,0.759,0.9965,0.8155,0.563,1.0925,1.15,1.004,0.8055,1.168,0.5945,0.927,1.4235,1.6225,1.0325,1.0855,0.9555,0.897,1.0495,1.2105,0.9405,1.428,1.116,1.4375,1.207,1.0005,1.198,1.687,1.531,1.5875,1.4995,1.141,1.0245,1.2435,1.1635,1.6565,1.873,1.376,0.645,0.5405,0.6415,0.54,0.7315,0.4635,0.859,0.4525,0.45,0.3695,0.7995,0.618,0.834,0.5915,0.413,0.8375,0.824,0.553,0.6215,0.8275,0.696,0.694,0.466,0.5235,0.711,0.827,1.235,1.424,1.03,NA,NA,NA,NA,NA,NA,NA,NA,NA,NA,NA,NA,NA,NA,NA,NA,NA,NA,NA,NA,NA,NA,NA,NA,NA,NA,NA
"5","MT","ABLA","L","12C","ABLA-L-12C",0.607333333333333,1.19633333333333,1.475,1.334,1.47533333333333,0.936333333333333,1.284,1.28533333333333,1.22,1.274,1.37233333333333,1.232,0.907666666666667,1.08966666666667,0.932666666666667,0.932666666666667,0.825666666666667,0.941,0.998,1.53533333333333,1.58333333333333,1.29766666666667,1.16866666666667,1.403,0.542333333333333,1.215,1.12366666666667,1.03933333333333,0.987333333333333,1.10333333333333,0.98,0.989,1.08666666666667,1.13333333333333,0.986,1.21333333333333,0.762333333333333,0.898333333333333,0.888,0.744333333333333,1.01566666666667,0.97,1.19133333333333,0.934333333333333,1.103,0.923333333333333,0.869333333333333,1.08033333333333,1.103,0.829,1.01666666666667,0.733,0.622,0.870666666666667,0.909,0.962666666666667,1.04466666666667,1.09466666666667,1.33666666666667,1.298,0.894333333333333,1.01033333333333,1.54,1.08733333333333,1.29466666666667,1.01,0.93,1.15266666666667,1.11366666666667,1.01933333333333,1.71133333333333,1.543,0.981,0.752666666666667,0.605333333333333,0.648666666666667,0.705,0.858333333333333,1.045,0.966333333333333,0.643,0.721,0.779,1.80766666666667,1.16666666666667,1.035,0.726,0.654,1.207,1.003,1.019,0.969,1.397,1.473,1.541,NA,NA,NA,NA,NA,NA,NA,NA,NA,NA,NA,NA,NA,NA,NA,NA,NA,NA,NA,NA,NA,NA,NA,NA,NA,NA,NA,NA,NA,NA,NA,NA,NA,NA
"6","MT","ABLA","L","12N","ABLA-L-12N",0.637,0.7475,0.673,0.693,0.821,0.5515,0.74,0.8655,1.191,1.133,1.5045,1.347,1.405,1.522,1.386,1.4695,1.307,1.5615,1.452,2.1685,2.168,2.288,2.2745,1.515,0.925,1.902,1.872,1.654,1.8035,2.055,2.4885,2.2165,1.915,2.235,2.5175,2.7395,1.7505,1.457,1.0255,1.0245,1.4165,1.549,1.603,1.351,1.605,1.308,1.4855,2.0115,2.136,1.4125,1.889,1.4505,1.4685,1.4135,1.0125,1.3805,1.83,1.8045,1.9975,1.113,1.531,1.624,3.2585,NA,NA,NA,NA,NA,NA,NA,NA,NA,NA,NA,NA,NA,NA,NA,NA,NA,NA,NA,NA,NA,NA,NA,NA,NA,NA,NA,NA,NA,NA,NA,NA,NA,NA,NA,NA,NA,NA,NA,NA,NA,NA,NA,NA,NA,NA,NA,NA,NA,NA,NA,NA,NA,NA,NA,NA,NA,NA,NA,NA,NA,NA,NA,NA,NA,NA
"7","MT","ABLA","L","13C","ABLA-L-13C",0.093,0.12,0.3565,0.4555,0.7925,0.6875,0.74,0.7085,0.825,0.6555,0.7175,0.559,0.538,0.6745,0.6415,0.799,0.947,1.2735,1.1405,1.477,1.1025,1.104,1.076,1.6335,1.49,1.3775,1.3485,1.004,0.985,1.479,1.482,1.3455,1.388,1.09,1.4015,1.5395,1.0695,1.1235,1,0.978,1.458,1.732,1.695,1.3475,1.608,1.2295,1.3125,1.7025,1.8665,1.639,1.9145,1.2755,1.293,1.616,1.5495,1.547,1.8815,1.685,1.8065,1.163,0.9905,1.314,2.1645,1.7255,2.414,1.8735,1.9475,1.52,1.1385,1.043,1.3915,1.023,1.941,1.513,1.196,1.438,1.877,1.877,2.034,2.76,NA,NA,NA,NA,NA,NA,NA,NA,NA,NA,NA,NA,NA,NA,NA,NA,NA,NA,NA,NA,NA,NA,NA,NA,NA,NA,NA,NA,NA,NA,NA,NA,NA,NA,NA,NA,NA,NA,NA,NA,NA,NA,NA,NA,NA,NA,NA,NA,NA
"8","MT","ABLA","L","13N","ABLA-L-13N",0.181,0.234,0.493,0.3465,0.6325,0.506,0.6645,0.527,0.5615,0.4285,0.5615,0.404,0.4865,0.485,0.4535,0.6985,0.7645,0.8465,0.762,1.4195,1.203,1.338,1.4395,1.25,0.8385,1.2305,1.1145,1.0185,1.2625,1.5595,1.6395,1.614,1.584,1.578,1.85,2.062,1.435,1.4605,1.293,1.182,1.7475,1.768,1.9335,1.8125,1.6665,1.092,1.612,1.7215,1.8645,1.7125,2.0415,1.5985,1.4075,1.842,2.0505,2.1555,1.5825,1.043,2.133,2.2,1.665,1.881,2.448,1.703,2.674,0.495,NA,NA,NA,NA,NA,NA,NA,NA,NA,NA,NA,NA,NA,NA,NA,NA,NA,NA,NA,NA,NA,NA,NA,NA,NA,NA,NA,NA,NA,NA,NA,NA,NA,NA,NA,NA,NA,NA,NA,NA,NA,NA,NA,NA,NA,NA,NA,NA,NA,NA,NA,NA,NA,NA,NA,NA,NA,NA,NA,NA,NA,NA,NA
"9","MT","ABLA","L","1C","ABLA-L-1C",0.278,0.281,0.662,0.6585,0.9545,0.777,1.0115,1.137,1.3295,0.9455,1.04,0.8495,0.841,1.136,0.903,1.3705,0.9835,1.163,0.9415,1.734,1.13,1.299,0.951,1.243,1.495,1.436,1.33,1.1115,1.1225,1.3765,1.3525,1.0045,1.4915,1.575,1.3025,1.6485,1.447,1.3645,0.956,0.7695,1.144,1.1875,1.249,1.003,1.22,1.065,1.041,1.3705,1.624,1.207,0.954,1.5505,1.26,1.1955,1.3005,1.278,1.121,0.691,1.462,1.172,1.108,0.803,1.454,1.334,2.222,2.044,1.752,1.656,1.323,0.816,1.656,1.602,1.709,1.398,1.523,1.759,1.904,1.751,1.46,1.716,1.093,1.119,0.624,1.22,0.755,0.835,0.743,0.516,1.597,1.082,1.056,0.71,1.093,1.012,0.945,0.671,0.62,0.771,1.182,NA,NA,NA,NA,NA,NA,NA,NA,NA,NA,NA,NA,NA,NA,NA,NA,NA,NA,NA,NA,NA,NA,NA,NA,NA,NA,NA,NA,NA,NA
"10","MT","ABLA","L","1N","ABLA-L-1N",0.421,0.5645,1.415,1.264,1.9635,1.4415,1.5275,1.6915,1.742,1.398,1.6475,1.078,1.501,1.659,1.637,1.887,1.705,1.819,2.3585,2.783,1.498,1.901,1.0935,1.0985,0.454,1.1685,1.0305,1.104,1.1895,1.13,1.3295,1.1705,0.9925,0.975,1.32,1.4365,0.948,1.0325,0.8295,0.815,1.058,1.1275,1.149,1.087,1.348,1.166,1.2255,1.755,2.2305,1.41,1.599,1.517,1.487,1.508,1.749,2.042,1.848,0.552,NA,NA,NA,NA,NA,NA,NA,NA,NA,NA,NA,NA,NA,NA,NA,NA,NA,NA,NA,NA,NA,NA,NA,NA,NA,NA,NA,NA,NA,NA,NA,NA,NA,NA,NA,NA,NA,NA,NA,NA,NA,NA,NA,NA,NA,NA,NA,NA,NA,NA,NA,NA,NA,NA,NA,NA,NA,NA,NA,NA,NA,NA,NA,NA,NA,NA,NA,NA,NA,NA,NA
"11","MT","ABLA","L","2C","ABLA-L-2C",0.1795,0.1305,0.1065,0.172,0.3245,0.394,0.5185,0.653,0.465,0.3795,0.377,0.3385,0.291,0.4395,0.3275,0.457,0.3765,0.5805,0.3805,0.6645,0.5495,0.5375,0.609,0.851,0.6515,0.621,0.5465,0.4575,0.5085,0.6505,0.5345,0.451,0.612,0.6015,0.696,0.665,0.465,0.5075,0.549,0.4705,0.6705,0.665,0.6755,1.0765,1.1885,0.674,0.9125,1.0475,1.2565,0.908,1.1675,1.012,1.037,1.067,1.721,1.566,1.502,0.867,1.312,0.085,NA,NA,NA,NA,NA,NA,NA,NA,NA,NA,NA,NA,NA,NA,NA,NA,NA,NA,NA,NA,NA,NA,NA,NA,NA,NA,NA,NA,NA,NA,NA,NA,NA,NA,NA,NA,NA,NA,NA,NA,NA,NA,NA,NA,NA,NA,NA,NA,NA,NA,NA,NA,NA,NA,NA,NA,NA,NA,NA,NA,NA,NA,NA,NA,NA,NA,NA,NA,NA
"12","MT","ABLA","L","2N","ABLA-L-2N",0.252,0.243,0.745,0.9785,1.344,0.836,1.205,1.5335,1.629,0.972,1.214,0.6025,0.8735,1.2265,1.0595,1.273,1.0135,1.2205,0.712,1.2615,1.115,1.131,0.9505,1.3155,0.9835,1.094,1.0355,0.661,0.735,0.8995,0.889,0.692,0.799,0.624,0.6985,0.7615,0.5435,0.6555,0.597,0.5395,0.899,0.934,1.1175,1.046,0.984,0.508,0.461,1.1215,1.048,0.6295,0.7225,0.838,0.219,NA,NA,NA,NA,NA,NA,NA,NA,NA,NA,NA,NA,NA,NA,NA,NA,NA,NA,NA,NA,NA,NA,NA,NA,NA,NA,NA,NA,NA,NA,NA,NA,NA,NA,NA,NA,NA,NA,NA,NA,NA,NA,NA,NA,NA,NA,NA,NA,NA,NA,NA,NA,NA,NA,NA,NA,NA,NA,NA,NA,NA,NA,NA,NA,NA,NA,NA,NA,NA,NA,NA,NA,NA,NA,NA,NA
"13","MT","ABLA","L","3C","ABLA-L-3C",0.124,0.1375,0.211,0.153,0.185,0.19,0.2845,0.274,0.3005,0.2635,0.322,0.163,0.358,0.366,0.3345,0.4665,0.343,0.6385,0.4755,0.7505,0.803,0.729,0.6665,0.835,0.6135,0.79,0.7515,0.601,0.5995,0.665,0.5795,0.6115,0.8545,0.7695,0.917,0.9275,0.6105,0.611,0.62,0.619,0.952,1.015,0.963,1.0645,1.1265,1.072,1.1265,1.356,1.5465,1.2645,1.548,1.2065,1.073,1.1025,1.1245,1.2205,1.1875,1.209,1.535,1.251,1.118,1.5275,1.84,1.4225,1.29,1.5075,1.389,1.3775,1.348,1.3895,1.791,1.6455,1.298,0.933,1.2015,1.3695,1.131,1.382,1.207,1.2065,0.7925,1.1295,1.158,1.1935,1.417,1.611,1.038,0.841,NA,NA,NA,NA,NA,NA,NA,NA,NA,NA,NA,NA,NA,NA,NA,NA,NA,NA,NA,NA,NA,NA,NA,NA,NA,NA,NA,NA,NA,NA,NA,NA,NA,NA,NA,NA,NA,NA,NA,NA,NA
"14","MT","ABLA","L","3N","ABLA-L-3N",0.5215,0.631,0.6205,0.512,0.417,0.384,0.5345,0.5755,0.5965,0.5995,0.71,0.598,0.452,0.4215,0.474,0.579,0.6105,0.727,0.6645,1.076,0.9175,1.192,1.061,1.0165,0.7905,1.1605,1.0915,1.073,1.02,1.1245,1.1105,1.0495,1.146,1.083,1.2425,1.244,1.087,1.183,0.962,0.8865,0.9605,1.044,1.36,1.7475,1.4905,1.472,1.3945,1.813,2.1555,1.7655,1.9865,1.283,1.2685,1.518,1.68,1.556,1.8385,1.7295,2.136,1.425,1.3715,1.4405,1.9615,1.595,1.9115,1.8135,1.4,0.2165,NA,NA,NA,NA,NA,NA,NA,NA,NA,NA,NA,NA,NA,NA,NA,NA,NA,NA,NA,NA,NA,NA,NA,NA,NA,NA,NA,NA,NA,NA,NA,NA,NA,NA,NA,NA,NA,NA,NA,NA,NA,NA,NA,NA,NA,NA,NA,NA,NA,NA,NA,NA,NA,NA,NA,NA,NA,NA,NA,NA,NA
"15","MT","ABLA","L","4C","ABLA-L-4C",0.1315,0.178,0.2295,0.235,0.259,0.2385,0.3085,0.299,0.2855,0.2115,0.412,0.364,0.38,0.4115,0.3535,0.428,0.385,0.4535,0.3215,0.543,0.4635,0.4055,0.447,0.6995,0.6105,0.5265,0.557,0.3935,0.3665,0.4555,0.55,0.466,0.5545,0.345,0.4025,0.517,0.476,0.548,0.466,0.394,0.519,0.55,0.488,0.661,0.794,0.507,0.518,0.758,0.936,0.692,0.874,0.614,0.659,0.698,0.898,0.858,0.892,0.74,1.04,0.866,0.824,1.05,1.146,0.996,0.833,0.83,0.788,0.778,0.745,0.454,0.568,0.631,0.141,NA,NA,NA,NA,NA,NA,NA,NA,NA,NA,NA,NA,NA,NA,NA,NA,NA,NA,NA,NA,NA,NA,NA,NA,NA,NA,NA,NA,NA,NA,NA,NA,NA,NA,NA,NA,NA,NA,NA,NA,NA,NA,NA,NA,NA,NA,NA,NA,NA,NA,NA,NA,NA,NA,NA,NA
"16","MT","ABLA","L","4N","ABLA-L-4N",0.3275,0.4335,0.559,0.57,0.8295,0.7125,0.7855,0.6565,0.7295,0.7875,0.825,0.6615,0.65,0.646,0.5755,0.798,0.7145,0.9255,0.8685,1.428,1.2475,1.0415,1.0455,1.273,0.4435,0.972,1.0835,0.9885,1.089,0.962,0.967,0.908,1.225,0.961,0.989,1.0975,0.888,0.971,0.7185,0.608,0.8665,0.819,0.973,1.0885,1.22,0.9495,1.1765,1.599,1.8255,1.462,1.293,1.1985,0.9915,1.236,1.213,1.15,1.1715,1.2785,1.3575,0.8805,0.781,0.9655,1.6105,1.1595,1.0035,1.0365,0.7235,0.8875,0.93,0.8725,0.897,0.824,0.848,0.811,0.9215,1.0795,1.089,1.2085,0.998,0.9575,1.0155,1.3715,1.229,0.8675,1.0685,2.4975,2.3045,2.2055,2.2955,1.135,1.23,0.917,1.957,0.83,0.816,0.506,1.798,NA,NA,NA,NA,NA,NA,NA,NA,NA,NA,NA,NA,NA,NA,NA,NA,NA,NA,NA,NA,NA,NA,NA,NA,NA,NA,NA,NA,NA,NA,NA,NA
"17","MT","ABLA","L","5C","ABLA-L-5C",0.382,0.4065,1.008,1.175,1.663,1.227,1.4435,1.653,1.963,1.132,1.19,1.0735,1.1325,1.161,1.119,1.085,1.0745,1.307,0.952,1.2325,1.2375,1.058,0.845,1.2005,1.348,1.108,1.2195,1.19,1.167,1.328,1.42,1.447,1.6395,1.0525,1.35,1.45,1.065,1.152,1.0805,1.017,1.2725,1.189,1.1975,1.3725,1.952,1.1865,1.038,1.4355,1.7495,1.4315,1.7615,1.146,1.078,1.225,1.0145,1.1935,1.4285,0.849,1.5425,0.7545,1.0545,0.974,1.003,0.64,0.797,0.703,0.816,0.386,0.876,0.696,0.813,1.025,1.128,0.926,0.622,0.775,1.165,0.76,NA,NA,NA,NA,NA,NA,NA,NA,NA,NA,NA,NA,NA,NA,NA,NA,NA,NA,NA,NA,NA,NA,NA,NA,NA,NA,NA,NA,NA,NA,NA,NA,NA,NA,NA,NA,NA,NA,NA,NA,NA,NA,NA,NA,NA,NA,NA,NA,NA,NA,NA
"18","MT","ABLA","L","5N","ABLA-L-5N",0.323,0.3485,0.5725,0.541,0.782,0.5815,0.719,0.962,1.0095,0.9085,0.9605,0.8335,0.7525,0.789,0.7185,0.871,0.804,1.0685,0.861,1.379,1.136,1.4915,2.219,2.719,1.056,1.775,1.715,1.576,1.332,1.2845,1.765,1.605,1.7215,1.8875,1.7675,2.0345,1.456,1.635,1.2605,1.0075,1.336,1.3985,1.48,1.6265,2.223,1.3945,1.324,1.7845,2.372,1.528,2.065,1.1635,1.412,1.4665,1.4995,1.075,1.249,0.912,1.373,0.809,1.204,1.375,1.314,1.588,0.899,1.274,0.953,0.598,0.807,0.976,0.924,1.009,1.275,0.873,NA,NA,NA,NA,NA,NA,NA,NA,NA,NA,NA,NA,NA,NA,NA,NA,NA,NA,NA,NA,NA,NA,NA,NA,NA,NA,NA,NA,NA,NA,NA,NA,NA,NA,NA,NA,NA,NA,NA,NA,NA,NA,NA,NA,NA,NA,NA,NA,NA,NA,NA,NA,NA,NA,NA
"19","MT","ABLA","L","6C","ABLA-L-6C",0.0475,0.058,0.0785,0.161,0.177,0.1525,0.1475,0.174,0.2025,0.163,0.219,0.2425,0.197,0.284,0.3075,0.29,0.365,0.461,0.578,0.979,0.7005,0.523,0.544,0.9455,1.2045,0.732,0.6875,0.656,0.5725,0.9715,0.786,0.768,1.097,0.754,0.799,1.04,0.86,0.88,0.5995,0.699,1.068,1.1695,1.427,1.2295,1.3325,1.072,0.94,1.2535,1.195,0.8575,1.44,0.944,0.774,1.0865,1.0445,0.9415,1.23,1.225,0.981,0.812,0.8925,0.835,1.674,1.378,1.6055,1.5325,1.284,1.0805,1.1235,1.036,1.8365,1.166,0.8385,0.76,1.1365,1.545,1.405,1.6445,2.0595,2.123,2.199,1.7985,1.981,1.3495,1.5415,2.404,1.545,NA,NA,NA,NA,NA,NA,NA,NA,NA,NA,NA,NA,NA,NA,NA,NA,NA,NA,NA,NA,NA,NA,NA,NA,NA,NA,NA,NA,NA,NA,NA,NA,NA,NA,NA,NA,NA,NA,NA,NA,NA,NA
"20","MT","ABLA","L","6N","ABLA-L-6N",0.323,0.406,0.719,0.671,0.7035,0.5005,0.672,0.48,0.7175,0.739,0.6605,0.643,0.485,0.6615,0.512,0.3985,0.402,0.5755,0.5845,0.7035,0.538,0.767,0.549,0.6455,0.5015,0.4755,0.3695,0.3165,0.422,0.496,0.5535,0.512,0.6425,0.499,0.4775,0.5335,0.334,0.387,0.397,0.433,0.483,0.5135,0.4865,0.6,0.744,0.8025,0.739,0.822,1.0715,0.716,1.175,0.792,0.775,0.8745,1.0675,0.9345,1.0275,1.145,1.019,0.9295,1.1065,1.3475,1.495,1.2545,1.1065,1.082,1.231,0.8485,1.1625,0.938,1.395,1.1705,0.796,0.836,0.9365,0.8695,0.8245,0.568,0.8535,0.935,0.874,0.9805,0.966,1.047,0.9215,0.793,0.872,0.58,1.192,0.8075,0.787,0.748,0.7605,0.719,0.6865,0.718,0.719,0.9525,0.6495,0.708,0.717,0.6585,0.612,0.7995,0.839,0.9165,0.74,0.5815,0.4455,0.545,0.414,0.423,0.6,0.824,0.292,0.43,0.7105,0.251,0.166,0.101,0.1955,0.212,0.0835,0.2955,0.144,0.103,0.349,0.697,1.2055
"21","MT","ABLA","L","7C","ABLA-L-7C",0.533,0.515,0.8515,0.7235,0.84,0.6875,0.943,1.053,1.111,0.921,1.3915,1.0245,1.2025,1.2885,1.4015,1.504,1.4215,1.43,1.2825,1.715,1.4015,1.475,1.4005,1.6015,0.513,1.1625,1.2145,1.085,1.1475,1.4375,1.3865,1.126,1.9305,1.4115,1.8025,2.092,1.6645,1.8725,1.297,0.891,1.391,1.543,1.959,1.867,2.183,1.2705,1.5415,2.189,2.696,1.829,2.5395,1.82,1.805,1.9825,2.066,2.151,2.408,2.488,2.3205,1.469,1.465,1.3905,2.509,2.0275,2.3005,2.175,1.909,1.6915,1.415,1.234,2.4795,2.211,1.809,1.4875,1.4655,1.6905,1.3485,1.507,1.8245,1.9335,1.686,1.371,1.16,1.676,NA,NA,NA,NA,NA,NA,NA,NA,NA,NA,NA,NA,NA,NA,NA,NA,NA,NA,NA,NA,NA,NA,NA,NA,NA,NA,NA,NA,NA,NA,NA,NA,NA,NA,NA,NA,NA,NA,NA,NA,NA,NA,NA,NA,NA
"22","MT","ABLA","L","7N","ABLA-L-7N",0.138,0.156,0.251,0.29,0.439,0.241,0.2875,0.6835,0.6995,0.7495,0.827,0.7945,1.014,0.6895,0.743,0.736,0.968,1.268,1.331,1.4565,1.39,1.604,1.3045,1.701,1.505,1.407,1.5475,1.3825,1.5555,1.5495,1.519,1.246,1.593,1.506,1.414,1.5735,1.221,1.447,1.1885,1.2785,1.5155,1.567,1.7955,1.639,2.0675,1.3635,1.7635,2.255,2.36,2.065,3.036,2.313,2.211,2.4645,2.4095,2.9575,2.5695,2.7775,1.9625,1.609,1.402,1.145,1.4715,1.103,1.3405,1.041,1.127,0.965,1.2835,2.0265,2.3495,1.982,1.435,0.992,1.352,1.448,1.523,1.439,1.354,1.174,1.448,1.71,1.467,2.364,1.31,2.186,1.775,1.279,0.846,1.537,2.556,2.439,NA,NA,NA,NA,NA,NA,NA,NA,NA,NA,NA,NA,NA,NA,NA,NA,NA,NA,NA,NA,NA,NA,NA,NA,NA,NA,NA,NA,NA,NA,NA,NA,NA,NA,NA,NA,NA
"23","MT","ABLA","L","8C","ABLA-L-8C",0.206,0.254,0.632,0.633,0.859,0.676,0.744,0.6295,0.7605,0.6345,0.671,0.4745,0.603,0.6815,0.613,0.6345,0.6345,0.6665,0.73,0.6455,0.618,0.883,0.6545,0.7445,0.549,0.585,0.4765,0.4645,0.606,0.522,0.543,0.5535,0.7215,0.69,0.717,0.7385,0.57,0.38,0.395,0.3945,0.669,0.7525,0.8045,0.767,0.8555,0.8765,0.7905,0.9785,1.1965,0.8515,1.418,1.0175,0.989,1.1435,1.1175,1.1205,1.406,1.377,1.264,1.147,1.15,1.1695,2.0075,1.644,1.9045,1.7615,1.782,1.0855,1.805,1.584,2.201,1.689,1.433,1.332,1.396,1.479,1.572,1.208,1.758,1.425,1.413,1.187,1.138,1.344,1.034,1.088,0.984,0.698,0.786,1.015,1.29,1.149,1.313,0.902,1.058,0.726,1.252,1.2,1.392,1.504,1.167,2.146,0.87,NA,NA,NA,NA,NA,NA,NA,NA,NA,NA,NA,NA,NA,NA,NA,NA,NA,NA,NA,NA,NA,NA,NA,NA,NA,NA
"24","MT","ABLA","L","8N","ABLA-L-8N",0.14,0.182,0.695,0.63,1.0115,0.7975,0.971,0.878,0.6065,0.5945,0.648,0.386,0.3675,0.441,0.2875,0.3925,0.42,0.4165,0.4725,0.6585,0.64,0.709,0.493,0.803,0.2295,0.68,0.5995,0.4005,0.4585,0.6275,0.5385,0.544,0.642,0.5635,0.6835,0.54,0.4395,0.456,0.461,0.4305,0.5895,0.5365,0.5095,0.4905,0.781,0.528,0.578,0.6525,0.8345,0.573,0.957,0.622,0.7505,0.812,1.148,1.0625,1.0215,1.112,1.334,0.9335,1.3095,1.598,1.874,1.537,1.369,1.1895,1.0815,0.9395,1.2815,1.166,1.7175,1.4865,0.9365,0.86,0.772,1.182,0.841,0.705,1.019,0.918,0.857,0.841,0.664,0.571,0.615,0.928,1.316,1.27,1.279,NA,NA,NA,NA,NA,NA,NA,NA,NA,NA,NA,NA,NA,NA,NA,NA,NA,NA,NA,NA,NA,NA,NA,NA,NA,NA,NA,NA,NA,NA,NA,NA,NA,NA,NA,NA,NA,NA,NA,NA
"25","MT","ABLA","L","9C","ABLA-L-9C",0.385,0.374,0.7665,1.155,1.4255,1.163,1.3805,1.6025,1.728,1.508,1.6705,1.195,1.142,1.312,1.021,1.349,1.1055,1.512,1.714,2.417,1.591,1.5135,0.905,1.0105,0.497,0.756,0.5975,0.6295,0.6655,0.729,0.6125,0.6225,0.6805,0.469,0.602,0.57,0.385,0.364,0.5165,0.5265,0.725,0.713,0.799,0.8975,1.023,0.9125,0.82,0.9875,1.218,1.0575,1.5395,0.926,0.978,1.291,1.249,1.1095,1.075,1.175,1.1385,1.213,1.0475,1.0415,1.486,1.2545,1.4255,1.402,1.328,1.3505,1.0935,1.2315,1.489,1.4055,1.4325,1.024,1.021,1.377,1.197,1.089,1.442,1.2065,1.2295,0.7555,0.7415,1.1005,0.848,0.7655,0.6875,0.419,1.1335,0.809,0.7985,0.787,0.919,0.919,0.946,0.683,0.9045,1.155,0.8175,1.1695,1.487,1.378,0.6825,1.4215,1.5815,1.4995,0.8445,0.7785,1.2655,1.4795,1.5355,1.4195,1.032,1.071,0.767,1.261,0.932,0.883,1.323,0.214,0.445,0.366,0.498,0.391,0.996,0.907,NA,NA,NA
"26","MT","ABLA","L","9N","ABLA-L-9N",0.556,0.982,0.922,1.216,1.379,1.409,1.86,1.809,2.524,2.3935,2.1155,1.4355,1.458,1.5635,1.415,1.2455,1.3395,1.304,1.0795,1.104,1.01,0.951,0.8415,1.038,0.5655,0.58,0.5475,0.495,0.7815,0.8685,0.9245,0.7955,0.988,0.813,1.1365,1.0745,0.892,0.922,1.014,1.0165,1.154,1.2065,1.185,1.0455,1.212,1.1305,1.0925,1.332,1.673,1.4405,1.641,1.586,1.1965,1.3575,1.391,1.1575,1.4275,1.166,1.609,1.32,1.4875,1.1615,2.315,1.481,2.1015,1.571,1.7745,1.537,1.5315,1.3555,2.343,2.1015,2.2465,1.549,2.329,1.777,1.604,1.589,1.116,1.201,1.133,1.055,1.031,1.142,1.037,1.455,NA,NA,NA,NA,NA,NA,NA,NA,NA,NA,NA,NA,NA,NA,NA,NA,NA,NA,NA,NA,NA,NA,NA,NA,NA,NA,NA,NA,NA,NA,NA,NA,NA,NA,NA,NA,NA,NA,NA,NA,NA,NA,NA
"27","MT","ABLA","M","10C","ABLA-M-10C",0.4745,0.6125,0.582,0.529,0.5925,0.4445,0.4755,0.497,0.497,0.4435,0.5165,0.5065,0.5495,0.645,0.486,0.528,0.517,0.6745,0.591,0.852,0.6005,0.6535,0.5805,0.5905,0.432,0.559,0.653,0.5455,0.4915,0.5545,0.627,0.576,0.6185,0.546,0.5785,0.569,0.5385,0.656,0.5075,0.4655,0.5705,0.529,0.603,0.6025,0.7295,0.602,0.7185,1.127,1.266,1.064,1.0845,0.7485,0.717,0.9495,0.982,0.98,0.9985,0.9035,1.207,1.0415,1.029,1.2545,1.585,1.3565,1.1845,1.1395,1.02,1.0195,0.9795,1.0205,1.3545,1.1705,1.085,0.972,0.9875,1.005,0.8145,0.905,0.793,0.78,0.709,0.6105,0.6985,0.7085,0.731,0.815,0.5725,0.6055,0.902,0.6625,0.6205,0.6,0.737,0.654,0.633,0.528,0.685,0.7265,0.6415,0.809,0.8525,0.746,0.515,0.7045,0.778,0.798,0.536,0.619,0.649,0.7195,0.649,0.671,0.773,0.936,0.5895,0.575,0.5545,0.4405,0.419,0.3185,0.3365,0.559,0.6235,0.447,0.6035,0.6025,0.368,0.4885,0.6555
"28","MT","ABLA","M","10N","ABLA-M-10N",0.787,1.0485,1.1015,1.055,1.3085,0.9815,1.001,0.9915,0.799,0.7475,0.7455,0.736,0.87,0.617,0.6155,0.749,0.553,0.8615,0.8875,1.194,0.8985,1.1285,0.949,1.0275,1.14,0.8525,0.955,0.9935,0.8015,0.854,0.6545,0.76,0.914,1.068,0.9415,1.057,0.7675,0.9115,0.786,0.535,0.756,0.673,0.79,0.8075,0.942,0.6385,0.6395,0.975,1.1175,0.901,1.1265,0.799,0.7705,0.8995,0.9225,1.0145,1.0065,0.7935,1.1195,0.998,0.7485,1.1395,1.486,1.136,0.725,0.811,0.6545,0.613,0.682,0.658,1.0335,0.938,1.036,0.7715,0.6005,0.995,0.83,0.807,0.523,0.6625,0.568,0.6795,0.9095,0.9215,0.9315,0.799,0.7455,0.8065,0.4715,1.0135,0.768,0.9175,0.787,0.9905,1.0315,0.49,1.0315,1.06,0.5255,NA,NA,NA,NA,NA,NA,NA,NA,NA,NA,NA,NA,NA,NA,NA,NA,NA,NA,NA,NA,NA,NA,NA,NA,NA,NA,NA,NA,NA,NA
"29","MT","ABLA","M","11C","ABLA-M-11C",0.6955,1.0475,1.2975,1.1575,1.3095,0.9075,0.9615,1.025,0.94,0.8235,1.014,0.771,1.0555,1.289,0.9285,1.37,1.0225,1.5715,1.2005,1.8705,1.4125,1.5175,1.197,1.626,1.516,1.4605,1.626,1.0875,0.9735,1.0685,1.204,1.091,1.659,1.5,1.3975,1.3795,1.173,1.4595,0.941,1.0345,1.494,1.2285,1.483,1.3875,1.6495,1.1555,1.188,1.81,1.7325,1.3555,1.64,1.178,1.1485,1.1775,1.2865,1.188,1.341,1.1195,1.3465,0.992,0.8765,1.233,1.4345,1.1055,1.251,1.2085,1.082,1.013,0.9495,1.1955,1.528,1.365,1.1015,1.112,1.0215,0.746,1.011,1.029,0.84,1.051,0.779,0.903,1.009,1.2,1.179,1.305,0.462,0.945,0.735,1.155,0.925,1.095,0.732,0.896,1.063,0.878,0.497,0.591,0.957,0.978,0.628,0.887,0.62,0.831,0.537,0.679,0.728,1.401,0.909,0.313,NA,NA,NA,NA,NA,NA,NA,NA,NA,NA,NA,NA,NA,NA,NA,NA,NA,NA,NA
"30","MT","ABLA","M","11N","ABLA-M-11N",0.9095,1.078,1.4215,1.3065,1.1495,1.012,1.18,1.3365,1.3055,0.851,1.278,0.891,1.0085,1.249,1.133,1.08,1.015,1.457,1.2135,1.556,1.242,1.409,1.242,1.4465,0.471,1.745,1.5695,1.166,1.043,1.2815,1.0945,0.8545,0.9615,0.9505,1.0445,1.0135,0.844,0.9605,0.7185,0.75,0.9295,0.6335,0.6325,0.8725,1.0285,0.7895,0.9075,1.076,1.055,0.833,0.757,0.631,0.6525,0.769,0.8445,0.833,0.7465,0.666,0.8955,0.7935,0.6105,0.8475,0.95,0.7385,0.7915,0.9495,0.5915,0.5705,0.6345,0.74,0.9735,0.7085,0.717,0.633,0.601,0.6635,0.6315,0.6055,0.5505,0.5065,0.4545,0.465,0.4545,0.537,0.6795,0.8685,0.6285,0.6375,0.6395,0.669,0.493,0.511,0.5185,0.511,0.8235,0.8605,0.8505,0.897,0.844,0.998,1.054,0.649,0.362,0.5005,0.48,0.562,0.451,0.425,0.424,0.422,0.333,0.428,0.447,0.485,0.194,0.233,0.27,0.214,0.446,0.31,0.514,0.495,0.754,0.519,0.47,0.701,0.564,0.857,0.549
"31","MT","ABLA","M","12C","ABLA-M-12C",0.75,1.0655,1.205,1.003,1.057,0.7825,0.889,1.005,1.0365,0.984,1.0785,0.867,0.9735,1.1845,1.0885,1.1405,1.0025,1.309,1.089,1.141,0.8675,0.9205,0.8145,1.14,0.707,1.0335,0.843,0.9035,0.894,0.9895,1.007,0.884,1.277,1.034,0.946,1.187,1.0275,1.2375,0.8055,1.036,1.166,1.1125,1.1305,1.1975,1.435,1.188,1.2505,1.6405,1.432,1.1305,1.467,0.9895,1.096,1.382,1.5195,1.678,1.754,1.59,2.0035,1.526,1.7355,2.384,2.4395,2.657,2.911,3.231,2.44,2.317,2.467,2.335,2.894,3.393,2.748,2.269,3.157,3.564,3.449,3.147,3.078,3.134,2.417,3.067,2.945,2.852,2.892,3.643,3.261,2.239,3.718,2.807,2.931,2.44,2.629,2.44,2.048,2.222,1.735,2.55,3.671,NA,NA,NA,NA,NA,NA,NA,NA,NA,NA,NA,NA,NA,NA,NA,NA,NA,NA,NA,NA,NA,NA,NA,NA,NA,NA,NA,NA,NA,NA
"32","MT","ABLA","M","12N","ABLA-M-12N",0.8435,1.6375,1.61,1.18,1.1945,0.6645,1.037,1.462,1.3795,1.017,1.276,1.1895,1.343,1.418,1.561,1.7705,1.6225,2.255,1.9495,1.804,1.15,1.3995,1.143,1.243,0.7115,1.1075,1.1795,0.8755,0.7795,1.0065,1.129,1.1335,1.217,1.1625,1.126,1.186,0.931,1.3025,0.878,0.9575,0.9985,0.8655,0.8725,1.0715,1.088,0.9015,0.915,1.4625,1.477,1.2695,1.2625,0.9395,1.073,1.2015,1.4085,1.574,1.575,1.5355,1.9545,1.4065,1.481,2.01,2.235,1.987,2.309,2.4865,2.1735,2.024,2.058,2.324,2.718,2.5915,2.451,1.978,2.475,2.8465,2.0705,2.7435,3.0875,3.2775,2.414,2.2645,2.5255,2.521,2.6095,2.8395,2.1735,2.421,1.899,2.735,3.5755,2.392,3.525,2.484,3.729,NA,NA,NA,NA,NA,NA,NA,NA,NA,NA,NA,NA,NA,NA,NA,NA,NA,NA,NA,NA,NA,NA,NA,NA,NA,NA,NA,NA,NA,NA,NA,NA,NA,NA
"33","MT","ABLA","M","1C","ABLA-M-1C",0.59,0.6925,0.9295,0.8825,0.8365,0.666,0.7925,0.7865,0.7815,0.7145,0.8495,0.7175,0.809,0.8545,0.842,0.7875,0.779,1.185,0.9005,1.0695,0.9965,1.1125,0.9295,1.1875,0.908,1.0885,0.92,0.866,0.79,0.9055,0.895,0.917,1.17,0.876,1.076,0.9865,0.9335,1.008,0.8725,0.882,0.944,0.839,0.7365,1.055,0.9115,0.7615,0.97,1.3975,1.1805,1.0925,1.351,0.974,0.9425,1.1425,1.435,1.2665,1.2965,1.3605,1.6535,1.343,1.4435,1.521,2.007,1.837,1.4465,1.721,1.5355,1.5795,1.496,1.5525,1.923,1.8335,1.448,1.287,1.5655,1.548,1.534,1.8895,1.692,1.6645,1.305,1.365,1.5775,1.305,1.4985,1.4625,1.677,2.5925,0.812,NA,NA,NA,NA,NA,NA,NA,NA,NA,NA,NA,NA,NA,NA,NA,NA,NA,NA,NA,NA,NA,NA,NA,NA,NA,NA,NA,NA,NA,NA,NA,NA,NA,NA,NA,NA,NA,NA,NA,NA
"34","MT","ABLA","M","1N","ABLA-M-1N",1.074,1.281,1.257,1.107,1.261,0.8455,1.079,1.0895,1.1735,0.9315,1.2775,0.941,1.131,1.2795,1.005,1.301,0.92,1.3145,1.221,1.3425,1.1615,1.311,1.0975,1.468,1.3885,1.32,1.246,0.6865,0.5705,0.9185,0.9405,0.7645,1.117,0.9305,0.7725,0.751,0.5825,0.698,0.4505,0.392,0.3855,0.412,0.5555,0.785,0.772,0.717,0.7615,1.194,1.1415,1.193,1.181,0.782,0.9195,1.035,1.0105,1.233,1.1135,0.997,1.3965,1.204,1.113,1.459,1.721,1.3335,1.0435,1.196,1.1925,1.2325,1.467,1.4105,1.5505,1.239,1.5725,1.443,1.4065,1.498,1.1105,1.413,1.2335,1.4835,1.4055,1.0585,1.0715,0.674,1.0965,1.697,1.13,1.182,1.094,1.445,2.2005,1.2565,0.86,0.608,0.726,0.334,0.589,0.752,1.241,1.265,1.468,0.843,NA,NA,NA,NA,NA,NA,NA,NA,NA,NA,NA,NA,NA,NA,NA,NA,NA,NA,NA,NA,NA,NA,NA,NA,NA,NA,NA
"35","MT","ABLA","M","2C","ABLA-M-2C",0.411,0.398,0.5645,0.5065,0.6485,0.541,0.5645,0.505,0.4945,0.367,0.537,0.531,0.542,0.5025,0.522,0.579,0.605,0.814,0.6085,0.5925,0.567,0.6115,0.6275,0.8625,0.8185,0.689,0.8455,0.702,0.654,0.7505,0.7695,0.849,0.719,0.736,0.809,0.8255,0.6665,0.7705,0.5265,0.546,0.692,0.6205,0.592,0.717,0.774,0.581,0.7,0.98,1.0735,0.942,0.9195,0.6605,0.6215,0.682,1.171,1.22,0.9445,1.13,1.392,1.1565,1.0335,1.361,1.728,1.4445,1.479,1.452,1.512,1.459,1.4975,1.3975,1.8555,2.225,2.08,1.645,1.984,2.0425,1.4075,1.9925,1.8055,1.051,NA,NA,NA,NA,NA,NA,NA,NA,NA,NA,NA,NA,NA,NA,NA,NA,NA,NA,NA,NA,NA,NA,NA,NA,NA,NA,NA,NA,NA,NA,NA,NA,NA,NA,NA,NA,NA,NA,NA,NA,NA,NA,NA,NA,NA,NA,NA,NA,NA
"36","MT","ABLA","M","2N","ABLA-M-2N",0.4385,0.5065,0.539,0.618,0.733,0.5415,0.607,0.7655,0.63,0.5805,0.6465,0.5735,0.651,0.645,0.6685,0.8735,0.661,0.861,0.724,0.9335,0.837,0.804,0.8125,0.8795,0.878,0.7295,0.8005,0.5365,0.5345,0.564,0.6485,0.721,0.691,0.805,0.864,0.941,0.772,0.8055,0.532,0.5925,0.8045,0.677,0.822,0.946,1.0675,0.914,0.8855,1.4275,1.3785,1.1675,1.513,0.8285,0.8735,1.116,1.168,1.2535,0.9395,1.195,1.252,1.267,1.078,1.57,2.0995,1.758,1.52,1.5035,1.4035,1.6435,1.6575,1.591,1.7115,2.52,1.978,2.394,1.386,NA,NA,NA,NA,NA,NA,NA,NA,NA,NA,NA,NA,NA,NA,NA,NA,NA,NA,NA,NA,NA,NA,NA,NA,NA,NA,NA,NA,NA,NA,NA,NA,NA,NA,NA,NA,NA,NA,NA,NA,NA,NA,NA,NA,NA,NA,NA,NA,NA,NA,NA,NA,NA,NA
"37","MT","ABLA","M","3C","ABLA-M-3C",0.111,0.1495,0.219,0.1765,0.211,0.194,0.244,0.2645,0.2465,0.231,0.2565,0.2505,0.236,0.299,0.26,0.265,0.237,0.315,0.2555,0.267,0.246,0.2285,0.2095,0.2215,0.0845,0.1885,0.234,0.206,0.156,0.204,0.203,0.246,0.314,0.3075,0.3435,0.3065,0.2555,0.2975,0.287,0.2555,0.323,0.313,0.2915,0.4325,0.4035,0.3935,0.3315,0.4585,0.463,0.416,0.3385,0.2965,0.3805,0.471,0.5645,0.507,0.5015,0.4075,0.611,0.455,0.583,0.7495,0.8235,0.3765,0.3955,0.5395,0.4645,0.544,0.487,0.5175,0.5535,0.3555,0.379,0.4165,0.3385,0.405,0.3735,0.3945,0.384,0.3165,0.353,0.2965,0.3065,0.391,0.3715,0.397,0.5045,0.575,0.389,0.5545,0.5595,0.6225,0.797,0.6025,0.7235,0.6505,0.604,0.6435,0.484,0.5625,0.589,0.549,0.588,0.647,0.5255,0.625,0.401,0.362,0.4115,0.545,0.523,0.6295,0.813,0.7875,0.3125,0.5475,0.4535,0.4535,0.4635,0.328,0.392,0.353,0.4965,0.417,0.4455,0.443,0.444,0.5205,0.6555
"38","MT","ABLA","M","3N","ABLA-M-3N",0.483,0.388,0.659,0.824,0.635,0.4755,0.745,0.9795,1.008,0.849,0.9105,0.8495,0.9605,0.9885,0.947,1.0555,0.9385,1.0405,0.9985,1.0075,1.0795,1.078,0.939,0.9865,1.3705,1.0205,1.13,0.8875,0.792,0.9385,1.1305,1.089,1.174,1.111,1.1,1.289,0.8745,1.0395,0.7625,0.732,1.0355,1.136,1.223,1.177,1.1365,0.9665,0.9505,1.592,1.597,1.222,1.5655,1.131,1.1715,1.3565,1.5785,1.804,1.54,1.4555,1.544,1.291,1.187,1.4975,1.7875,1.643,1.8425,1.8425,1.176,1.209,1.8185,1.572,1.6365,2.348,1.874,NA,NA,NA,NA,NA,NA,NA,NA,NA,NA,NA,NA,NA,NA,NA,NA,NA,NA,NA,NA,NA,NA,NA,NA,NA,NA,NA,NA,NA,NA,NA,NA,NA,NA,NA,NA,NA,NA,NA,NA,NA,NA,NA,NA,NA,NA,NA,NA,NA,NA,NA,NA,NA,NA,NA,NA
"39","MT","ABLA","M","4C","ABLA-M-4C",0.4595,0.6485,0.755,0.6875,0.946,0.677,0.7845,0.9,1.011,0.7835,0.9045,0.8035,1.124,1.2555,1.275,1.7015,1.3285,1.5975,1.314,1.9795,1.4525,1.3665,1.105,1.518,0.8795,1.34,1.484,1.054,0.882,1.066,1.4775,1.244,1.7555,1.633,1.52,1.614,1.369,1.4425,1.049,1.052,1.238,1.1195,1.1395,1.248,1.4785,1.2295,1.3255,2.18,2.3085,1.497,1.8155,1.208,1.3095,1.571,1.774,1.7205,1.8185,1.8665,1.9915,1.6965,1.7355,1.828,2.247,2.0705,1.855,1.749,1.8805,1.8105,1.8585,1.972,2.1335,2.1335,1.6535,1.639,2.5525,2.291,1.975,2.169,1.887,2.113,1.481,1.89,NA,NA,NA,NA,NA,NA,NA,NA,NA,NA,NA,NA,NA,NA,NA,NA,NA,NA,NA,NA,NA,NA,NA,NA,NA,NA,NA,NA,NA,NA,NA,NA,NA,NA,NA,NA,NA,NA,NA,NA,NA,NA,NA,NA,NA,NA,NA
"40","MT","ABLA","M","4N","ABLA-M-4N",0.2335,0.2325,0.3405,0.2875,0.4195,0.3175,0.3795,0.3675,0.315,0.2835,0.2835,0.283,0.294,0.3265,0.3185,0.386,0.379,0.4555,0.59,0.57,0.475,0.5115,0.4545,0.5035,0.378,0.4985,0.503,0.457,0.395,0.426,0.5205,0.549,0.6505,0.699,0.6825,0.6205,0.564,0.606,0.47,0.418,0.561,0.5185,0.601,0.6135,0.651,0.5545,0.348,0.803,0.8745,0.782,1.046,0.8855,0.9625,1.006,1.102,1.0985,1.1295,1.192,1.402,1.2085,1.161,1.382,1.708,1.449,1.3015,1.371,1.5015,1.6665,1.675,1.8715,2.1445,2.6385,2.413,2.162,2.3945,2.4545,2.4295,2.1135,2.5385,2.3425,1.8415,1.6525,1.858,1.9475,2.0615,2.922,1.3785,2.175,1.46,2.56,2.517,1.968,1.926,1.472,1.77,2.561,1.531,1.249,1.574,2.102,3.242,NA,NA,NA,NA,NA,NA,NA,NA,NA,NA,NA,NA,NA,NA,NA,NA,NA,NA,NA,NA,NA,NA,NA,NA,NA,NA,NA,NA
"41","MT","ABLA","M","5C","ABLA-M-5C",0.866,1.4875,1.3965,1.26,1.556,1.0125,1.2075,1.545,1.567,1.0145,1.328,1.1565,1.337,1.317,1.286,1.745,1.29,1.609,1.7955,2.001,1.565,1.82,1.5745,2.317,1.9345,1.4405,1.862,1.346,0.9345,1.1965,1.5505,1.3465,2.033,1.9935,1.923,2.258,2.212,1.697,1.0215,0.958,1.185,0.9205,1.0385,1.2565,1.1685,0.729,0.813,2.4075,0.734,NA,NA,NA,NA,NA,NA,NA,NA,NA,NA,NA,NA,NA,NA,NA,NA,NA,NA,NA,NA,NA,NA,NA,NA,NA,NA,NA,NA,NA,NA,NA,NA,NA,NA,NA,NA,NA,NA,NA,NA,NA,NA,NA,NA,NA,NA,NA,NA,NA,NA,NA,NA,NA,NA,NA,NA,NA,NA,NA,NA,NA,NA,NA,NA,NA,NA,NA,NA,NA,NA,NA,NA,NA,NA,NA,NA,NA,NA,NA,NA
"42","MT","ABLA","M","5N","ABLA-M-5N",1.1595,1.5505,1.6815,1.822,1.9325,1.3635,1.428,1.583,1.6135,1.1205,1.132,0.8985,1.63,2.136,2.0955,2.025,1.4745,1.6745,1.7745,2.517,2.126,2.414,2.038,2.337,2.378,2.235,2.4665,1.743,1.364,1.763,2.317,1.598,2.3315,1.8735,1.3695,1.4025,2.191,1.986,1.1085,0.5615,1.47,1.5405,0.826,0.686,NA,NA,NA,NA,NA,NA,NA,NA,NA,NA,NA,NA,NA,NA,NA,NA,NA,NA,NA,NA,NA,NA,NA,NA,NA,NA,NA,NA,NA,NA,NA,NA,NA,NA,NA,NA,NA,NA,NA,NA,NA,NA,NA,NA,NA,NA,NA,NA,NA,NA,NA,NA,NA,NA,NA,NA,NA,NA,NA,NA,NA,NA,NA,NA,NA,NA,NA,NA,NA,NA,NA,NA,NA,NA,NA,NA,NA,NA,NA,NA,NA,NA,NA,NA,NA
"43","MT","ABLA","M","6C","ABLA-M-6C",0.6105,0.9855,1.157,1.344,1.3785,0.944,1.048,1.0835,1.2455,0.822,1.134,0.9005,1.0535,1.242,1.0445,1.338,1.0545,1.286,1.11,1.252,0.987,1.0385,1.0335,1.383,1.3595,1.032,1.1675,1.0985,0.8605,0.9125,1.0055,0.8895,1.5215,1.2005,1.03,1.244,1.0065,1.239,0.767,0.7585,1.0125,1.011,1.042,1.2015,1.211,0.919,0.944,1.346,1.361,0.987,1.5325,1.0655,0.939,1.1315,1.0965,1.494,1.2465,1.0885,1.2555,0.881,0.9625,1.2425,1.2865,0.8615,1.028,0.99,0.9405,1.0675,1.335,1.1875,1.235,1.8195,1.3795,0.9505,0.713,0.717,0.825,1.2385,NA,NA,NA,NA,NA,NA,NA,NA,NA,NA,NA,NA,NA,NA,NA,NA,NA,NA,NA,NA,NA,NA,NA,NA,NA,NA,NA,NA,NA,NA,NA,NA,NA,NA,NA,NA,NA,NA,NA,NA,NA,NA,NA,NA,NA,NA,NA,NA,NA,NA,NA
"44","MT","ABLA","M","6N","ABLA-M-6N",0.331,0.564,0.814,0.532,0.532,0.351,0.444,0.866,0.893,0.758,0.773,0.696,0.863,1.091,0.694,0.452,0.349,0.468,0.439,0.823,0.598,0.374,0.477,0.565,0.557,0.66,0.701,0.495,0.638,0.826,0.794,0.994,0.939,0.698,0.784,1.159,0.618,0.744,0.714,0.777,1.068,1.05,1.181,1.078,0.88,0.727,0.822,1.4015,1.61,1.2385,1.522,1.114,0.888,1.489,1.2795,1.3295,1.4885,1.378,1.4705,1.275,1.161,1.6105,1.7075,1.5035,1.5355,1.726,1.3435,1.361,1.5075,1.2305,1.889,1.6565,1.4475,1.2585,1.2015,1.56,1.1825,1.4015,1.145,0.8085,0.755,1.0775,0.8765,1.061,1.1345,0.796,0.3795,0.989,0.3235,1.232,1.139,0.608,0.755,0.8155,1.067,0.497,0.7,0.385,NA,NA,NA,NA,NA,NA,NA,NA,NA,NA,NA,NA,NA,NA,NA,NA,NA,NA,NA,NA,NA,NA,NA,NA,NA,NA,NA,NA,NA,NA,NA
"45","MT","ABLA","M","7C","ABLA-M-7C",0.3385,0.37,0.495,0.447,0.633,0.393,0.4865,0.645,0.5715,0.358,0.518,0.4775,0.5395,0.656,0.5925,0.656,0.6345,0.887,0.728,0.866,0.6115,0.58,0.602,0.7595,0.632,0.7905,0.832,0.779,0.589,0.763,0.8585,0.7595,1.067,0.7825,1.121,0.9615,0.7715,0.769,0.6005,0.6,0.6735,0.7055,0.7695,0.8835,0.8635,0.7115,0.7425,1.083,1.253,1,1.053,0.706,0.844,1.097,1.108,1.1265,1.215,0.9945,1.308,1.051,1.1785,0.955,1.255,1.2145,1.187,1.4025,1.3325,1.425,1.69,1.472,1.8525,1.941,1.5915,1.5605,1.416,1.604,1.295,1.813,1.3905,1.3495,1.2465,1.0865,1.2935,1.2405,1.0585,0.913,0.7935,0.4945,0.907,0.56,0.832,0.843,0.756,0.9625,1.051,0.9095,0.673,0.5325,0.941,0.9,0.4695,0.507,0.614,0.698,0.676,0.695,0.336,0.504,0.57,0.634,0.571,0.507,0.444,0.677,0.381,0.487,0.529,0.571,0.465,0.4,0.378,0.336,0.356,0.334,0.351,0.537,0.493,0.49,0.593
"46","MT","ABLA","M","7N","ABLA-M-7N",0.7495,1.1635,1.1295,1.0855,1.411,1.083,1.2625,1.3075,1.2755,1.1655,1.271,1.279,1.5425,1.6015,1.283,1.3415,1.1315,1.4535,1.281,1.355,1.1215,1.3955,1.294,1.2915,1.1855,1.0815,1.237,1.439,1.1085,1.222,1.436,1.1965,1.118,1.1005,1.1735,1.4475,1.025,1.077,0.8175,0.722,0.826,0.8475,0.8595,1.0185,1.171,0.928,0.8965,1.64,1.661,1.127,1.443,1.1695,0.967,1.145,1.1785,1.3175,1.346,1.4005,1.6525,1.2255,1.1955,1.389,1.7715,1.414,1.4205,1.463,1.1565,1.098,1.0725,0.997,1.1495,1.0885,1.089,0.977,0.666,0.7955,0.6835,0.716,0.674,0.6,0.526,0.5255,0.41,0.524,0.44,0.4795,0.4275,0.4065,0.446,0.3205,0.2475,0.2375,0.1955,0.2065,0.248,0.249,0.2565,0.1845,0.225,0.3365,0.369,0.2325,0.214,0.2735,0.2965,0.262,0.15,0.163,0.172,0.254,0.2065,0.1215,0.1225,0.1545,0.1325,0.1585,0.075,0.1115,0.062,0.0565,0.159,0.164,0.191,0.2685,0.1205,0.2315,0.21,0.244,0.3165
"47","MT","ABLA","M","8C","ABLA-M-8C",0.5845,0.616,0.6955,0.706,0.7795,0.6115,0.685,0.715,0.6415,0.6225,0.7065,0.6225,0.6725,0.7445,0.5655,0.564,0.5225,0.7505,0.6995,0.8395,0.798,0.989,0.929,1.0165,0.9185,0.885,0.9065,0.9165,0.8725,0.8565,0.892,0.8135,1.009,0.9325,0.781,0.7805,0.786,0.959,0.6365,0.5865,0.7585,0.6605,0.722,0.6925,0.7835,0.647,0.5555,0.9175,1.0245,0.808,1.008,0.894,0.5875,0.903,0.9225,0.715,0.676,0.719,1.1425,0.7545,0.6785,0.8145,1.105,0.6575,0.6265,0.572,0.5015,0.5295,0.639,0.6155,0.6575,0.555,0.549,0.443,0.307,0.354,0.351,0.3415,0.343,0.294,0.2575,0.339,0.3295,0.398,0.3445,0.227,0.271,0.347,0.363,0.383,0.339,0.4805,0.3125,0.294,0.426,0.3015,0.4125,0.368,0.2865,0.389,0.474,0.395,0.3955,0.539,0.632,0.605,0.3035,0.3985,0.4395,0.5015,0.407,0.533,0.569,0.673,0.3,0.645,0.6455,0.5645,0.687,0.5635,0.555,0.657,0.612,0.5045,0.627,0.715,0.48,0.549,0.683
"48","MT","ABLA","M","8N","ABLA-M-8N",0.4645,0.636,0.718,0.6025,0.74,0.687,0.539,0.4965,0.4755,0.5065,0.5485,0.391,0.5605,0.5815,0.6425,0.709,0.6855,0.8525,0.913,0.9245,0.849,0.9195,0.708,0.9525,0.855,0.774,0.7305,0.8035,0.658,0.774,0.7915,0.7715,0.9095,0.897,0.78,0.7705,0.6875,0.659,0.418,0.561,0.592,0.5305,0.5715,0.663,0.7175,0.6265,0.6185,1.008,1.1555,0.8615,1.079,0.7695,0.5395,0.7065,0.654,0.8405,0.7805,0.679,0.966,0.8015,0.827,1.0625,1.244,1.1125,1.043,1.0075,0.9615,0.833,1.1395,1.111,0.619,1.1815,1.0995,0.9575,0.594,0.765,0.8855,0.867,0.7535,1,0.421,0.4625,0.6395,0.6575,0.6605,0.575,0.4475,0.4385,0.2635,0.639,0.501,0.56,0.498,0.3195,0.418,0.2555,0.226,0.2395,0.225,0.2065,0.2625,0.1865,0.276,0.3875,0.322,0.577,0.398,0.5055,0.239,NA,NA,NA,NA,NA,NA,NA,NA,NA,NA,NA,NA,NA,NA,NA,NA,NA,NA,NA,NA
"49","MT","ABLA","M","9C","ABLA-M-9C",0.688,0.9205,0.8135,0.898,0.867,0.55,0.7565,0.8005,0.8965,0.7075,1.002,0.788,0.987,1.0205,0.779,1.148,0.9055,1.318,0.99,1.0425,0.6865,0.676,0.6655,0.962,0.4335,0.8345,0.814,0.6335,0.5815,0.6975,0.6975,0.602,0.695,0.5895,0.6835,0.9205,0.7145,0.7535,0.544,0.492,0.8045,0.564,0.6245,0.719,0.8235,0.6675,0.709,0.979,1.027,0.672,0.6425,0.4215,0.4325,0.601,0.5595,0.7065,0.685,0.453,0.7905,0.569,0.675,0.696,0.961,0.652,0.439,0.4815,0.293,0.419,0.493,0.4405,0.556,0.398,0.3655,0.2805,0.25,0.4475,0.4185,0.4195,0.3875,0.3945,0.415,0.352,0.342,0.363,0.3215,0.311,0.3515,0.4105,0.307,0.2235,0.2345,0.347,0.3775,0.3365,0.296,0.329,0.5345,0.326,0.184,0.407,0.451,0.396,0.288,0.309,0.268,0.331,0.247,0.268,0.31,0.555,0.531,0.489,0.667,0.859,0.552,1.131,NA,NA,NA,NA,NA,NA,NA,NA,NA,NA,NA,NA,NA
"50","MT","ABLA","M","9N","ABLA-M-9N",0.884,1.393,1.587,1.67,1.416,1.245,1.348,1.453,1.289,1.036,1.374,1.12,1.213,1.255,0.99,1.032,1.029,1.649,1.562,1.963,1.583,1.839,1.48,1.86,1.921,1.453,1.58,1.408,1.348,1.387,1.219,1.24,1.586,1.6,1.481,1.515,1.284,1.309,0.813,0.888,1.002,0.862,1.002,0.962,0.954,0.809,0.919,1.467,1.829,1.262,1.63,1.042,0.989,0.969,1.016,1.002,1.178,0.833,0.92,0.77,0.74,0.939,1.21,1.022,1.018,1.298,0.628,0.754,0.997,1.016,0.703,1.031,0.884,0.717,0.597,0.538,0.555,0.823,0.646,0.537,0.375,0.513,0.743,0.865,0.891,0.469,0.203,0.507,0.23,0.4,0.587,0.296,0.232,0.442,0.642,0.547,0.903,0.242,NA,NA,NA,NA,NA,NA,NA,NA,NA,NA,NA,NA,NA,NA,NA,NA,NA,NA,NA,NA,NA,NA,NA,NA,NA,NA,NA,NA,NA,NA,NA
