"","Transect","Species","Elev","Tree","Tag","2013","2012","2011","2010","2009","2008","2007","2006","2005","2004","2003","2002","2001","2000","1999","1998","1997","1996","1995","1994","1993","1992","1991","1990","1989","1988","1987","1986","1985","1984","1983","1982","1981","1980","1979","1978","1977","1976","1975","1974","1973","1972","1971","1970","1969","1968","1967","1966","1965","1964","1963","1962","1961","1960","1959","1958","1957","1956","1955","1954","1953","1952","1951","1950","1949","1948","1947","1946","1945","1944","1943","1942","1941","1940","1939","1938","1937","1936","1935","1934","1933","1932","1931","1930","1929","1928","1927","1926","1925","1924","1923","1922","1921","1920","1919","1918","1917","1916","1915","1914","1913","1912","1911","1910"
"53","MT","TSHE","H","01C","TSHE-H-01C",0.9585,1.022,1.168,1.0055,1.2015,1.0585,1.2915,1.843,1.6025,1.002,1.7,1.6605,1.6925,1.986,1.856,3.203,2.5695,2.096,1.827,2.8935,2.7195,2.8265,2.0085,1.5415,0.7415,1.9685,2.342,1.6165,1.5135,1.9645,2.322,2.195,2.0935,2.1115,1.812,2.041,1.523,1.503,1.151,1.5865,2.013,1.9465,2.328,2.5195,2.492,1.231,2.0855,2.7275,2.3245,2.22,1.7735,1.368,1.094,1.2625,1.4705,1.474,1.434,1.202,2.2265,1.7125,0.721,NA,NA,NA,NA,NA,NA,NA,NA,NA,NA,NA,NA,NA,NA,NA,NA,NA,NA,NA,NA,NA,NA,NA,NA,NA,NA,NA,NA,NA,NA,NA,NA,NA,NA,NA,NA,NA,NA,NA,NA,NA,NA,NA
"54","MT","TSHE","H","01N","TSHE-H-01N",1.2,1.4365,1.542,1.2085,1.1325,1.065,1.8665,1.9615,1.771,1.2115,1.8215,1.805,1.9835,2.11,2.4325,3.1025,2.031,2.2685,1.92,2.702,1.9155,2.266,1.3015,1.352,0.7275,1.464,1.557,1.625,0.9715,1.331,1.823,1.5995,1.774,1.1635,1.092,1.4915,1.6545,1.9125,0.919,1.0015,0.9585,1.141,1.5775,1.9,2.9475,1.9905,1.5875,2.0945,1.8955,2.1215,1.8185,1.133,1.4255,1.7645,2.148,1.9175,2.018,1.1235,1.924,1.363,1.8785,2.2455,2.306,1.94,2.2725,1.8545,1.667,1.685,1.6345,1.4215,1.914,2.298,1.9535,1.046,1.637,1.734,1.4725,1.2715,1.352,1.3775,1.028,0.692,0.65,0.904,0.925,0.838,0.441,0.582,0.693,1.463,1.84,NA,NA,NA,NA,NA,NA,NA,NA,NA,NA,NA,NA,NA
"55","MT","TSHE","H","02C","TSHE-H-02C",0.948,0.9855,1.2175,1.2605,1.396,1.241,1.4255,1.804,1.9065,1.456,1.774,1.663,1.4005,1.6975,1.889,2.3015,1.7735,1.9585,1.8335,1.832,1.05,1.94,1.6255,2.1425,0.8735,1.912,1.6955,1.8005,1.539,1.5555,1.6395,1.2945,1.7315,1.3225,1.345,1.764,1.856,2.016,1.461,1.35,1.4655,1.488,1.852,1.768,1.638,1.328,1.366,1.7495,1.686,1.8805,1.614,1.112,1.678,1.6835,1.9225,2.0035,1.565,1.732,1.975,1.46,1.5885,1.4205,1.488,1.551,1.6485,1.739,1.489,1.412,1.068,0.966,0.9405,0.8035,0.5255,0.582,1.057,0.579,0.4605,0.649,0.446,0.51,0.5235,0.6565,0.819,0.8565,0.976,1.104,1.055,0.8065,1.197,0.926,2.832,0.15,NA,NA,NA,NA,NA,NA,NA,NA,NA,NA,NA,NA
"56","MT","TSHE","H","02N","TSHE-H-02N",2.0125,2.911,3.0235,3.4745,2.2405,1.9995,3.3205,3.6265,3.606,3.262,2.229,1.66,1.7865,2.0375,1.7325,1.6905,1.0785,1.2035,1.2955,2.111,1.924,1.869,1.7335,1.861,0.9315,1.7365,1.801,1.812,1.169,1.358,1.5645,1.0635,1.401,1.0265,1.0725,1.523,1.3645,1.406,1.1385,0.9265,1.267,1.118,1.3505,1.155,1.853,0.8615,1.1375,1.2835,0.86,1.495,1.1965,1.0185,1.448,1.188,1.4305,1.575,1.7375,0.8935,1.371,1.0055,1.086,1.014,1.5205,1.149,1.214,1.147,1.241,0.8975,1.017,1.0645,1.4325,1.2665,1.1125,0.805,1.256,1.554,1.1175,0.9665,0.987,1.1225,1.071,0.8875,1.218,1.6315,0.9145,0.969,0.745,0.943,1.164,1.5855,0.7675,0.95,0.546,0.896,0.715,0.799,0.756,1.322,1.297,1.652,2.084,2.686,2.245,3.394
"57","MT","TSHE","H","03C","TSHE-H-03C",0.979,0.9035,1.1145,1.051,1.297,1.179,1.664,2.1005,1.4535,0.934,1.1585,0.955,1.1,1.2215,1.147,1.734,1.2365,1.3225,1.074,1.7775,1.401,1.867,1.365,1.296,0.74,1.5305,1.237,1.068,0.841,1.1005,1.198,0.967,1.279,0.9365,1.041,1.1145,1.303,1.3345,0.8455,0.724,0.928,0.8485,0.786,1.0665,1.4035,0.826,1.0735,1.255,1.2895,1.4945,1.466,0.815,0.879,1.1035,1.2105,1.1355,1.6155,0.9445,1.444,1.083,1.3825,1.3765,1.805,1.351,1.474,1.1645,1.025,0.743,0.8665,0.9035,1.0685,1,0.9735,0.8195,0.833,0.96,1.402,1.5215,0.7265,1.248,1.2225,1.2265,0.908,1.1545,1.0985,1.402,1.148,0.8355,0.9505,1.252,0.377,NA,NA,NA,NA,NA,NA,NA,NA,NA,NA,NA,NA,NA
"58","MT","TSHE","H","03N","TSHE-H-03N",1.5885,2.103,1.904,2.4465,2.6045,2.173,2.6925,3.338,3.5425,2.473,3.68,2.9095,2.7895,3.1305,3.5335,3.9195,3.3195,2.959,2.6195,3.5565,3.3045,3.858,3.5945,3.207,2.267,2.599,2.708,2.5185,1.642,1.995,2.509,2.0255,1.7735,1.368,1.3295,1.0565,0.9225,1.003,0.666,0.576,0.798,0.669,0.534,0.5035,0.7745,0.656,1.883,2.035,NA,NA,NA,NA,NA,NA,NA,NA,NA,NA,NA,NA,NA,NA,NA,NA,NA,NA,NA,NA,NA,NA,NA,NA,NA,NA,NA,NA,NA,NA,NA,NA,NA,NA,NA,NA,NA,NA,NA,NA,NA,NA,NA,NA,NA,NA,NA,NA,NA,NA,NA,NA,NA,NA,NA,NA
"59","MT","TSHE","H","04C","TSHE-H-04C",1.311,1.44,0.984,1.2385,1.339,1.173,2.394,3.5855,4.009,3.909,2.4925,2.296,2.588,2.937,3.4355,4.1945,2.9875,2.8445,2.9095,3.2535,0.7205,3.3125,2.1315,1.988,1.139,3.075,2.899,2.974,1.7585,2.475,3.744,2.3475,3.148,3.2215,2.163,2.732,2.276,2.879,1.99,1.926,2.1585,2.393,2.6885,2.006,1.9325,1.587,1.256,1.8785,1.6665,1.488,1.758,1.2045,0.9715,0.776,0.8025,0.61,0.6005,0.51,0.5645,0.454,0.5075,1.494,0.814,1.224,0.174,0.29,0.074,NA,NA,NA,NA,NA,NA,NA,NA,NA,NA,NA,NA,NA,NA,NA,NA,NA,NA,NA,NA,NA,NA,NA,NA,NA,NA,NA,NA,NA,NA,NA,NA,NA,NA,NA,NA,NA
"60","MT","TSHE","H","04N","TSHE-H-04N",1.6845,1.9905,2.031,1.888,2.0145,1.8595,2.2635,2.878,3.49,2.8255,2.636,2.359,2.652,2.762,2.312,2.3585,1.999,1.851,2.3135,3.12,2.155,2.3585,2.185,1.785,0.5675,1.7655,1.9775,1.798,1.5585,1.754,1.903,1.6915,2.001,1.9305,1.6505,1.831,1.788,2.0945,1.6075,1.322,1.7985,1.724,2.124,2.1795,2.255,1.5305,1.66,2.499,2.045,2.9445,1.894,1.264,1.566,1.429,1.6325,1.83,2.3,1.3795,2.245,1.5605,2.0525,1.805,2.456,2.6025,1.945,1.5065,1.883,1.603,1.283,0.903,1.223,1.669,0.974,0.754,NA,NA,NA,NA,NA,NA,NA,NA,NA,NA,NA,NA,NA,NA,NA,NA,NA,NA,NA,NA,NA,NA,NA,NA,NA,NA,NA,NA,NA,NA
"61","MT","TSHE","H","05C","TSHE-H-05C",0.963,0.9965,1.058,0.766,0.853,0.96,1.311,1.3955,1.078,0.723,1.0015,0.9665,1.047,1.219,1.266,1.2915,1.2505,1.3265,1.407,1.372,0.945,1.35,0.964,1.235,0.655,1.3835,1.2055,1.17,0.8245,1.31,1.3705,1.211,1.6165,1.3235,1.3555,1.5585,1.3875,1.352,1.007,0.931,1.2785,1.2775,1.553,1.4115,1.17,0.855,1.2365,1.6745,1.0665,1.8975,1.3895,0.9335,1.087,1.1435,1.2685,1.222,1.2235,0.865,1.312,1.2035,1.4755,1.422,1.203,1.744,2.0175,0.7535,NA,NA,NA,NA,NA,NA,NA,NA,NA,NA,NA,NA,NA,NA,NA,NA,NA,NA,NA,NA,NA,NA,NA,NA,NA,NA,NA,NA,NA,NA,NA,NA,NA,NA,NA,NA,NA,NA
"62","MT","TSHE","H","05N","TSHE-H-05N",1.0685,1.4535,1.0975,1.341,0.897,0.931,1.5405,1.744,1.607,1.3265,1.0725,0.8865,0.8875,0.8985,1.0685,1.1945,1.0475,1.121,0.7395,1.7145,1.2685,1.534,1.3325,1.1635,0.811,1.3995,1.3845,1.2985,1.062,1.428,2.4655,1.7985,1.942,1.661,1.4265,1.652,1.3115,1.5525,1.0495,0.9195,1.24,1.583,1.637,1.057,1.5205,0.8215,1.375,2.213,2.054,1.8365,1.9675,1.4495,1.2805,1.437,1.663,2.025,0.5385,NA,NA,NA,NA,NA,NA,NA,NA,NA,NA,NA,NA,NA,NA,NA,NA,NA,NA,NA,NA,NA,NA,NA,NA,NA,NA,NA,NA,NA,NA,NA,NA,NA,NA,NA,NA,NA,NA,NA,NA,NA,NA,NA,NA,NA,NA,NA
"63","MT","TSHE","H","06C","TSHE-H-06C",1.0275,0.758,0.8555,0.9595,1.0245,1.014,1.3935,1.708,1.4355,1.0075,1.2845,1.2785,1.2045,1.5335,2.002,2.5315,2.1305,1.7745,1.912,2.733,1.931,1.979,1.3245,1.5995,0.874,2.1715,2.3305,2.231,1.842,2.49,3.308,2.6075,2.4675,2.03,1.16,2.147,1.6215,1.9115,1.2725,1.428,1.7265,1.998,2.2775,2.0175,1.6415,1.1285,1.3085,2.039,1.355,1.843,1.25,1.151,1.5155,1.363,1.589,1.5855,1.5025,0.971,1.838,1.1945,1.613,1.403,1.5165,1.2045,1.4015,1.496,1.4475,1.376,1.6775,2.0435,1.49,2.322,1.624,1.195,1.922,2.714,0.256,NA,NA,NA,NA,NA,NA,NA,NA,NA,NA,NA,NA,NA,NA,NA,NA,NA,NA,NA,NA,NA,NA,NA,NA,NA,NA,NA
"64","MT","TSHE","H","06N","TSHE-H-06N",1.2675,1.533,1.162,1.3815,1.2775,0.9665,1.716,2.1195,1.8875,1.9095,2.061,1.9755,1.85,1.604,1.6865,2.404,1.8595,1.59,1.5325,1.4985,0.945,1.768,1.3295,1.147,0.4965,1.9965,2.173,2.1805,1.511,2.3075,3.241,2.8245,2.1455,1.3975,0.987,1.606,1.299,1.4555,0.8365,1.041,1.088,1.3825,1.571,1.1045,1.762,1.6095,1.2435,1.9275,1.4805,1.4795,1.0885,0.9305,0.884,0.902,0.853,0.7705,1.022,0.577,1.197,1.3655,0.884,1.182,1.375,1.1715,1.2065,1.147,1.0405,1.186,0.951,0.8755,0.876,0.9585,1.018,0.863,0.7165,0.925,0.702,0.7315,0.5925,0.677,0.738,1.107,0.7715,1.285,0.6415,0.992,0.827,0.334,0.209,0.473,0.568,0.397,0.703,0.677,0.667,0.504,1.029,0.443,NA,NA,NA,NA,NA,NA
"65","MT","TSHE","H","07C","TSHE-H-07C",0.2875,0.221,0.347,0.389,0.37,0.4065,0.549,0.4285,0.422,0.393,0.4445,0.381,0.3065,0.233,0.2855,0.252,0.2345,0.3585,0.392,0.8035,0.454,0.5595,0.412,0.6005,0.518,1.098,0.9615,0.993,0.8665,1.247,1.343,1.1425,0.95,0.856,0.914,1.1585,1.162,0.888,0.5705,0.856,1.849,1.8905,1.7535,1.718,1.8895,1.7855,2.1475,2.644,1.845,2.3245,1.8705,1.5775,2.181,2.1255,2.1575,2.446,2.045,1.301,2.3445,1.7165,2.253,2.186,1.6455,1.1935,1.5845,1.043,1.149,1.661,1.545,0.505,2.932,NA,NA,NA,NA,NA,NA,NA,NA,NA,NA,NA,NA,NA,NA,NA,NA,NA,NA,NA,NA,NA,NA,NA,NA,NA,NA,NA,NA,NA,NA,NA,NA,NA
"66","MT","TSHE","H","07N","TSHE-H-07N",2.0065,2.0415,1.5025,1.7925,1.614,1.63,1.9755,2.193,1.8495,1.9425,1.764,1.561,1.685,1.575,1.995,2.294,1.836,1.5245,1.8075,2.0415,0.965,1.94,1.7195,1.9835,1.4295,1.973,1.7005,1.3645,1.079,1.158,1.527,1.5075,1.9,1.4855,1.2245,1.2755,1.265,1.251,0.8535,0.843,1.2035,1.2775,1.367,1.0805,1.2435,1.3,1.0525,1.416,0.758,0.7555,0.8325,0.7385,0.714,0.789,0.9605,0.635,0.8685,0.491,0.651,0.496,0.587,0.522,1.2625,1.144,0.805,0.6995,0.684,0.631,0.8545,0.6075,0.619,0.4345,0.441,0.4885,0.567,0.66,0.3865,0.681,0.188,NA,NA,NA,NA,NA,NA,NA,NA,NA,NA,NA,NA,NA,NA,NA,NA,NA,NA,NA,NA,NA,NA,NA,NA,NA
"67","MT","TSHE","H","08C","TSHE-H-08C",0.8315,0.75,0.803,0.8985,0.6445,0.496,0.8235,0.8975,0.9305,0.8455,1.002,0.8325,0.8195,1.0035,1.2295,1.3765,1.1575,1.4525,1.749,2.2035,1.458,1.5595,1.6695,1.178,0.7115,1.286,1.2605,1.619,1.1045,1.5505,1.6015,0.955,1.398,1.2365,1.018,1.3355,1.06,1.2025,0.9945,1.229,1.4,1.71,1.7835,1.461,1.295,1.106,1.1825,1.7675,1.648,1.823,1.529,1.2225,1.522,1.558,1.786,1.9625,2.254,1.3605,2.121,1.7955,2.1735,2.2645,1.9915,2.2605,2.8595,2.8085,2.3965,2.156,2.106,1.997,2.7105,2.572,2.215,2.1375,1.2195,1.612,1.123,0.266,1.467,0.939,0.824,1.28,1.911,1.798,0.384,NA,NA,NA,NA,NA,NA,NA,NA,NA,NA,NA,NA,NA,NA,NA,NA,NA,NA,NA
"68","MT","TSHE","H","08N","TSHE-H-08N",1.56966666666667,1.43966666666667,1.493,1.65366666666667,1.69766666666667,1.26366666666667,1.66333333333333,2.22833333333333,2.10366666666667,1.80866666666667,2.26366666666667,2.06933333333333,2.28366666666667,2.34633333333333,2.61366666666667,3.99833333333333,3.456,2.83166666666667,2.66266666666667,2.58333333333333,2.34633333333333,2.95466666666667,2.38233333333333,2.419,1.604,2.78633333333333,2.812,2.27033333333333,1.69866666666667,2.22066666666667,2.93633333333333,2.06766666666667,1.933,1.584,0.955666666666667,1.38533333333333,1.22,1.39166666666667,0.948333333333333,0.739,0.852666666666667,0.992,1.26633333333333,1.21466666666667,1.73933333333333,1.48933333333333,0.853,1.05633333333333,0.841666666666667,0.902,0.859333333333333,0.543666666666667,0.792666666666667,0.891333333333333,0.781333333333333,0.717,1.026,0.526,1.37866666666667,1.13566666666667,1.168,1.76566666666667,1.282,1.208,1.42766666666667,1.586,1.498,1.12533333333333,0.867333333333333,0.785,1.12966666666667,1.333,1.43066666666667,0.737,1.06,0.933,1.24766666666667,0.238,0.468,0.669,0.421333333333333,0.484,0.732666666666667,0.539666666666667,0.318666666666667,0.182,0.293,0.369666666666667,0.348,0.284333333333333,0.1455,0.2875,0.258,0.2685,0.306,0.3,0.282,NA,NA,NA,NA,NA,NA,NA
"69","MT","TSHE","H","09C","TSHE-H-09C",0.896,0.7545,0.888,0.928,0.751,0.687,0.8205,0.854,0.8105,0.737,0.948,0.6735,0.5905,0.8775,0.91,1.0535,0.901,0.743,1.328,1.028,1.063,1.0295,0.839,0.956,0.7435,1.191,1.0105,1.163,0.7905,1.2145,1.1095,0.9695,1.1635,0.7495,1.1265,1.2455,1.329,1.201,0.8315,0.727,1.1695,1.128,1.478,1.5945,1.1005,1.3135,1.3145,1.242,0.6195,1.27,1.334,1.115,1.3805,1.263,1.0895,1.1035,1.224,1.0285,1.5095,1.3105,1.269,1.16,0.9275,1.184,1.289,1.073,0.9955,1.163,1.1135,1.1375,1.262,1.231,1.0785,0.9455,0.8485,1.1,1.499,1.1735,0.888,1.0305,0.9595,1.2625,1.0465,1.3055,1.206,1.412,1.4795,0.6425,0.149,0.75,0.696,0.319,0.4595,0.4145,0.3175,0.1885,0.3855,1.0335,NA,NA,NA,NA,NA,NA
"70","MT","TSHE","H","09N","TSHE-H-09N",1.217,1.076,0.7715,1.187,1.087,0.9495,1.488,1.8765,1.792,1.329,1.617,1.2165,1.2145,1.283,1.525,1.515,1.316,0.979,1.4235,1.4445,0.9265,1.0015,0.999,0.5145,0.2945,1.58,1.3485,1.648,1.0925,1.533,2.139,1.759,2.0655,1.148,1.2435,1.697,1.544,1.5965,1.144,1.196,1.855,1.3995,1.632,1.897,1.701,1.0785,1.2175,1.7695,0.8635,1.548,1.669,0.9625,1.1645,1.2705,1.356,1.1105,1.216,0.6735,1.304,1.2115,1.3925,1.152,1.541,1.662,1.8365,2.2195,1.9695,1.105,1.047,NA,NA,NA,NA,NA,NA,NA,NA,NA,NA,NA,NA,NA,NA,NA,NA,NA,NA,NA,NA,NA,NA,NA,NA,NA,NA,NA,NA,NA,NA,NA,NA,NA,NA,NA
"71","MT","TSHE","H","10C","TSHE-H-10C",1.2965,2.1295,1.6875,1.542,1.228,0.9165,1.274,1.4675,1.402,1.1155,1.5795,1.3045,1.2185,1.541,1.955,2.2105,1.4865,1.351,1.3375,1.7875,1.653,1.843,1.5815,2.0155,0.7645,1.4435,1.502,1.4595,0.952,1.2665,1.7955,1.3365,1.7855,1.2275,0.9535,1.2525,1.1285,1.0375,0.6895,0.757,1.0675,1.0285,1.3995,1.388,0.898,0.9015,1.0565,1.3135,1.072,1.128,1.1215,0.868,1.0235,1.1055,1.0375,1.275,1.286,0.9685,1.796,1.3645,2.069,1.8405,1.7105,0.528,1.035,0.841,0.508,1.772,1.563,1.518,1.678,1.821,1.278,0.945,1.044,0.799,0.369,0.747,1.177,0.617,0.475,1.047,1.163,0.943,0.756,0.732,0.892,0.609,0.781,1.811,0.199,NA,NA,NA,NA,NA,NA,NA,NA,NA,NA,NA,NA,NA
"72","MT","TSHE","H","10N","TSHE-H-10N",0.182,0.32,0.516,0.88,1.2755,1.342,2.006,1.7965,2.224,2.2485,2.1285,2.312,2.801,2.518,2.521,3.571,2.962,3.1925,3.162,3.059,1.4765,2.5505,2.9375,2.758,1.063,2.5,2.381,2.4015,1.76,2.189,2.897,2.216,2.06,1.135,0.872,1.2325,0.9235,1.1185,0.7645,0.7795,0.9435,0.8635,1.2375,1.079,1.129,0.989,1.013,1.365,0.7815,0.8475,0.8045,0.751,0.7075,0.777,0.7335,0.709,0.8555,0.523,0.878,0.625,1.02,1.4795,1.6495,1.266,1.034,1.289,1.306,1.176,0.692,0.628,0.918,1.3,1.396,1.056,1.808,2.337,NA,NA,NA,NA,NA,NA,NA,NA,NA,NA,NA,NA,NA,NA,NA,NA,NA,NA,NA,NA,NA,NA,NA,NA,NA,NA,NA,NA
"73","MT","TSHE","H","11C","TSHE-H-11C",0.911,0.914,1.3465,1.2865,0.976,0.9055,1.1485,1.6295,1.411,1.1695,1.6685,1.6445,1.3595,1.4805,1.9875,2.4755,1.6505,1.576,1.1005,1.8145,1.1895,1.223,0.9305,0.9195,0.338,1.596,1.4975,1.587,0.9385,1.4345,1.7185,1.1635,1.9275,0.955,1.14,1.763,1.563,1.6895,1.1165,1.115,1.4445,1.509,1.784,1.552,2.412,0.973,1.989,1.968,1.755,2.009,2.01,1.248,1.27,1.291,1.545,1.036,1.096,0.632,1.801,1.327,1.69,1.687,1.873,1.373,1.415,1.686,1.574,1.802,1.651,1.012,1.425,1.079,0.995,0.739,0.993,1.076,1.365,0.845,1.358,1.26,1.162,1.373,1.331,1.132,0.941,1.605,2.311,1.478,1.493,0.999,0.971,0.705,1.209,0.925,0.953,1.051,2.587,3.755,NA,NA,NA,NA,NA,NA
"74","MT","TSHE","H","11N","TSHE-H-11N",1.179,1.6795,1.7665,1.777,1.2155,0.9155,1.3865,1.5755,1.418,1.2825,1.4145,1.248,1.176,1.251,1.3835,2.177,1.355,1.561,1.7405,2.025,1.412,1.801,1.1255,1.773,1.112,2.1125,2.066,1.5,1.3865,1.2755,1.46,1.044,1.508,0.893,0.818,1.7105,1.4735,1.3425,0.7615,0.902,1.094,0.833,0.8125,0.9225,1.0445,0.937,0.7855,1.525,1.441,1.0345,1.178,0.8635,1.1,1.215,1.0275,1.045,1.433,1.015,1.55,1.2155,1.2515,1.2775,1.358,1.1025,0.989,0.9375,0.991,1.4655,1.4195,1.3515,1.875,1.4345,0.859,0.637,0.495,0.5535,0.654,0.75,1.416,1.093,0.543,0.738,0.427,0.82,0.818,0.814,1.242,1.229,1.169,2.153,0.226,NA,NA,NA,NA,NA,NA,NA,NA,NA,NA,NA,NA,NA
"75","MT","TSHE","H","12C","TSHE-H-12C",1.012,1.253,1.5285,1.481,1.0045,1.1105,1.5415,1.733,1.818,1.384,1.7515,1.5395,1.4005,1.392,1.2835,1.502,1.0205,1.3525,1.646,2.363,1.281,1.4375,1.114,0.943,0.3575,1.5965,1.681,1.5585,1.379,1.226,1.432,1.3395,1.3255,1.2835,1.2915,1.694,2.013,1.7485,1.3195,1.245,1.5345,1.103,1.3935,1.4205,1.0485,1.2205,1.473,1.74,0.9885,1.5715,1.15,1.185,1.308,1.1425,1.394,1.4445,1.211,0.946,1.3565,1.0095,1.495,1.3115,1.5125,0.9815,1.1285,1.0905,1.0545,1.046,1.2535,1.0675,1.007,1.077,0.9785,0.773,0.6645,0.9385,0.5555,0.586,0.4015,0.7785,0.669,0.7175,0.849,0.882,1.2295,1.2845,1.4335,NA,NA,NA,NA,NA,NA,NA,NA,NA,NA,NA,NA,NA,NA,NA,NA,NA
"76","MT","TSHE","H","12N","TSHE-H-12N",1.48,1.655,1.4205,1.8955,1.7405,1.517,1.954,2.334,2.588,2.2975,2.235,2.2965,2.0945,2.1235,2.296,2.404,2.4825,2.8235,3.5065,3.2615,1.509,2.436,1.9135,2.152,1.776,2.475,2.4445,2.034,1.5055,2.005,1.811,1.698,1.9385,1.504,1.5655,1.4585,1.3945,1.339,1.0265,1.1155,1.556,1.065,1.569,1.2065,1.3795,1.4345,1.288,1.681,1.9215,1.527,1.5565,0.7925,0.974,1.188,1.437,1.589,1.5665,0.967,1.556,1.9315,1.476,1.523,1.1915,1.5615,1.4465,1.4675,0.698,0.828,1.577,0.0365,NA,NA,NA,NA,NA,NA,NA,NA,NA,NA,NA,NA,NA,NA,NA,NA,NA,NA,NA,NA,NA,NA,NA,NA,NA,NA,NA,NA,NA,NA,NA,NA,NA,NA
"77","MT","TSHE","H","13C","TSHE-H-13C",0.8905,1.111,1.014,1.005,1.0425,0.963,1.6435,1.737,1.5155,1.262,2.0655,1.338,1.6665,1.6905,2.01,2.359,1.9,1.5855,1.4935,1.4775,1.069,2.002,1.9085,1.1685,0.6855,1.424,1.1145,1.012,0.743,1.2705,1.343,1.0305,1.1035,0.82,1.339,1.5805,1.553,0.9125,0.6205,0.93,1.0405,1.089,1.2705,0.914,0.9365,0.801,1.173,1.2535,0.954,1.0945,0.8905,0.8305,0.8215,0.799,0.7265,0.75,1.086,0.6065,1.286,0.9075,0.9555,1.104,1.2045,0.866,0.887,0.866,0.964,0.875,0.775,1.218,1.147,0.906,1.224,1.444,1.517,NA,NA,NA,NA,NA,NA,NA,NA,NA,NA,NA,NA,NA,NA,NA,NA,NA,NA,NA,NA,NA,NA,NA,NA,NA,NA,NA,NA,NA
"78","MT","TSHE","H","13N","TSHE-H-13N",1.31,1.303,1.2065,1.255,1.116,0.8935,1.6235,1.9205,1.5605,1.1495,1.505,1.52,1.4675,1.667,1.924,2.2795,1.4905,1.379,2.0835,2.3355,1.9945,2.364,1.377,0.731,0.421,2.5425,2.491,2.0185,1.8245,2.1605,2.8005,2.387,2.3165,1.829,1.463,1.8055,1.73,1.767,1.273,0.9865,1.0285,0.961,1.388,1.3885,1.134,0.944,1.028,1.1585,1.025,1.2035,1.131,0.8985,0.9305,1.0175,1.1445,1.1785,1.1685,0.503,1.344,1.341,1.3065,2.368,1.809,1.325,1.674,2.626,3.011,1.509,1.377,1.491,NA,NA,NA,NA,NA,NA,NA,NA,NA,NA,NA,NA,NA,NA,NA,NA,NA,NA,NA,NA,NA,NA,NA,NA,NA,NA,NA,NA,NA,NA,NA,NA,NA,NA
"1","MT","TSHE","L","01C","TSHE-L-01C",1.104,0.9565,1.0075,1.102,0.756,0.5835,1.0465,1.4325,1.476,1.0515,1.6965,2.1765,2.0425,2.1005,1.4395,1.534,1.259,1.823,1.5195,1.2795,1.0575,1.279,0.5185,0.151,0.086,1.171,1.282,1.0795,0.5525,1.2115,1.416,1.3535,1.277,1.331,1.9135,1.3915,1.1975,1.5285,0.9055,1.024,0.788,0.6795,0.9495,1.3415,1.4455,1.086,1.0645,0.909,0.655,0.753,0.4325,1.0865,1.1085,0.831,0.8275,0.431,0.343,0.6085,1.042,0.932,1.0435,0.7355,0.568,0.712,1.112,1.142,1.3785,0.9615,0.7445,0.4095,0.4155,1.2775,1.206,1.4435,1.493,0.753,0.291,0.4665,0.3955,0.7125,0.513,0.566,0.556,0.526,0.621,0.653,0.401,0.2955,0.348,0.5965,0.394,0.459,0.65,0.4275,0.5195,0.4625,0.5465,0.445,0.5095,0.559,0.6195,0.661,0.524,0.6205
"2","MT","TSHE","L","01N","TSHE-L-01N",0.057,0.19,0.137,0.168,0.136,0.157,0.21,0.23,0.264,0.192,0.227,0.237,0.196,0.185,0.175,0.144,0.186,0.145,0.134,0.164,0.175,0.185,0.165,0.093,0.103,0.107,0.082,0.048,0.005,0.179,0.187,0.138,0.15,0.077,0.108,0.188,0.145,0.156,0.082,0.093,0.11,0.083,0.088,0.069,0.073,0.063,0.052,0.065,0.045,0.05,0.062,0.08,0.078,0.021,0.088,0.017,0.083,0.083,0.094,0.125,0.125,0.114,0.104,0.063,0.104,0.083,0.104,0.052,0.046,0.094,0.026,0.059,0.049,0.063,0.032,0.093,0.016,0.135,0.098,0.089,0.073,0.077,0.015,0.135,0.113,0.092,0.155,0.031,0.144,0.165,0.278,0.247,0.267,0.226,0.256,0.296,0.46,0.508,0.541,0.553,0.659,0.919,0.715,1
"3","MT","TSHE","L","02C","TSHE-L-02C",0.413,0.296,0.339,0.232,0.338,0.401,0.508,0.296,0.221,0.23,0.304,0.482,0.493,0.695,0.433,0.274,0.2,0.297,0.232,0.178,0.126,0.149,0.1,0.052,0.074,0.607,0.316,0.443,0.369,0.634,0.877,0.568,0.832,0.495,0.99,0.803,0.888,0.55,0.349,0.455,0.455,0.476,0.635,1.164,0.667,0.508,0.359,0.327,0.222,0.275,0.116,0.296,0.455,0.413,0.328,0.264,0.184,0.239,0.434,0.338,0.655,0.57,0.507,0.327,1.003,0.986,1.23,1.153,0.965,0.556,0.576,2.254,0.985,1.167,0.858,0.391,0.148,0.423,0.275,0.836,0.592,0.603,0.624,0.36,0.688,0.772,0.37,0.328,0.106,0.423,0.349,0.486,0.602,0.296,0.475,0.285,0.476,0.518,0.476,0.464,0.509,0.451,0.359,0.675
"4","MT","TSHE","L","02N","TSHE-L-02N",0.8275,0.6715,0.6275,0.7845,0.545,0.477,0.927,1.106,1.1095,0.7555,0.8745,0.811,1.245,1.9115,1.2305,1.084,0.574,0.684,1.115,0.9265,0.8495,0.6125,0.2795,0.125,0.145,0.7865,0.483,0.709,0.452,0.903,0.8155,0.7395,0.804,0.5565,1.024,0.9695,1.0255,1.0685,0.9685,0.8925,0.69,0.5505,0.66,1.08,1.0465,1.0685,0.663,0.682,0.6615,0.681,0.7145,0.589,0.4725,0.536,0.6255,0.365,0.364,0.4705,0.6475,0.623,0.742,0.486,0.4195,0.2175,0.5985,0.5245,0.6025,0.5575,0.486,0.4065,0.666,0.8755,0.6385,0.6845,0.704,0.5145,0.3905,0.559,0.5505,0.697,1.1335,0.69,0.578,0.4505,0.697,0.7835,0.6315,0.422,0.49,0.6675,0.604,0.6505,0.7785,0.6815,0.7745,0.6935,1.047,1.0755,0.8665,0.859,0.809,0.966,0.7685,1.136
"5","MT","TSHE","L","03C","TSHE-L-03C",1.613,1.4625,1.162,1.0035,0.891,0.808,1.4245,1.9745,1.4715,0.9415,1.509,1.619,1.96,2.2075,1.8155,2.094,0.963,0.7975,0.9975,1.214,0.869,1.2325,0.5815,0.1475,0.0875,1.632,1.3845,0.932,0.643,1.15,1.3285,0.964,1.017,0.689,1.155,1.4765,1.299,1.092,0.889,0.7905,0.63,0.6185,0.937,1.511,1.578,1.077,0.977,1.1035,0.677,1.0495,0.631,0.796,1.3775,1.2675,1.321,1.328,0.785,0.896,1.592,1.2885,2.0385,0.7135,0.549,0.626,1.5815,2.042,1.369,1.22,0.919,0.712,0.7435,0.8855,0.839,1.3965,1.311,0.6745,0.272,0.7145,0.5145,1.2565,1.7005,1.3045,1.23,0.5715,0.285,0.274,0.179,0.39,0.356,0.398,0.545,0.398,0.535,0.45,0.742,1.044,1.207,NA,NA,NA,NA,NA,NA,NA
"6","MT","TSHE","L","03N","TSHE-L-03N",1.1105,0.951,1.147,1.4045,1.441,1.4965,1.569,2.566,3.1995,1.247,1.6815,1.1065,1.038,1.762,1.9905,2.166,1.633,1.2475,1.633,1.2085,0.909,2.2515,0.456,0.124,0.2225,0.8335,0.9135,0.7035,0.5235,0.9865,1.426,0.951,1.008,0.556,0.976,1.3565,1.2445,1.449,0.894,0.9235,0.8245,0.6245,1.172,1.782,1.935,1.3755,0.9945,1.275,0.878,0.973,0.5345,1.077,0.998,1.2495,1.1475,0.6715,0.6145,0.61,0.772,0.817,1.202,0.891,0.5975,0.41,1.004,0.881,1.1125,1.081,1.082,0.631,0.436,1.109,0.5845,0.633,1.0525,0.7715,0.3465,0.483,0.4475,0.7,0.7745,0.743,0.589,0.5255,0.642,0.6165,0.48,0.367,0.424,0.6525,0.471,0.4935,0.8315,0.6175,0.728,0.506,1.1365,1.3995,1.083,0.9125,1.3195,1.4445,1.546,1.077
"7","MT","TSHE","L","04C","TSHE-L-04C",1.027,1.269,0.928,0.611,0.565,0.667,1.017,1.63,1.606,1.107,1.298,0.92,0.989,0.856,0.832,0.834,0.542,0.626,0.566,0.337,0.315,0.611,0.686,0.201,0.012,0.611,0.528,0.718,0.464,0.907,1.055,0.737,0.967,0.567,0.883,1.229,1.518,2.055,0.88,0.694,0.968,0.927,1.282,1.523,2.472,1.396,1.587,1.352,0.99,1.3,0.716,0.781,1.193,0.986,1.555,0.905,0.842,0.926,1.329,1.414,2.177,1.078,0.888,0.993,2.029,1.564,1.989,1.431,1.91,1.793,1.994,2.053,1.266,1.388,2.005,2.653,1.072,1.347,0.978,1.881,1.486,1.327,1.087,0.796,1.393,1.81,0.806,0.647,0.374,0.436,0.332,0.313,0.251,0.168,0.231,0.168,0.294,0.357,0.189,0.293,0.359,0.306,0.248,0.322
"8","MT","TSHE","L","04N","TSHE-L-04N",0.12,1.506,1.206,1.312,1.246,1.674,1.164,1.227,1.227,1.375,1.185,1.313,1.249,1.721,2.172,2.2,2.578,1.733,1.501,1.932,2.518,1.991,0.673,0.208,0.112,1.168,1.096,0.866,0.802,1.414,1.984,1.625,1.496,0.63,1.156,1.742,1.487,1.222,0.922,0.985,1.089,1.096,1.399,1.106,0.796,1.372,1.22,1.696,0.879,1.09,0.499,0.352,0.558,0.794,1.068,0.864,0.67,0.575,1.142,1.268,1.648,1.498,0.822,0.485,0.904,1.034,1.246,1.289,0.99,0.716,1.348,1.174,0.985,1.068,0.67,0.795,0.397,0.501,0.793,0.873,0.79,0.977,0.915,0.499,0.747,0.662,0.518,0.331,0.31,0.352,0.352,0.476,0.617,0.59,0.706,0.681,0.757,1.259,1.023,0.602,0.653,0.735,0.841,0.615
"9","MT","TSHE","L","05C","TSHE-L-05C",0.279,0.2495,0.3015,0.319,0.3015,0.2935,0.331,0.4105,0.4125,0.406,0.444,0.3935,0.472,0.5135,0.6465,0.6395,0.4545,0.43,0.4905,0.555,0.485,0.418,0.275,0.168,0.085,0.4415,0.428,0.4385,0.3425,0.711,0.625,0.5305,0.7155,0.511,0.93,1.1465,0.906,0.8255,0.498,0.6145,0.5645,0.4785,0.757,0.819,0.9995,0.6655,0.6665,0.6345,0.6215,0.5835,0.4345,0.6985,0.651,0.884,1.089,0.5995,0.5205,0.6335,0.8065,0.7405,1.16,0.685,0.348,0.38,1.053,0.9165,1.1875,0.9455,1.2695,0.7865,0.7755,1.653,1.053,1.247,1.2285,0.9845,0.536,0.858,0.671,1.7375,1,0.9735,1.119,0.75,1.1895,1.147,0.4735,0.5235,0.311,0.75,0.6235,0.608,0.633,0.712,0.7445,0.664,1.014,0.9385,0.839,0.9605,0.9805,0.802,0.381,0.888
"10","MT","TSHE","L","05N","TSHE-L-05N",0.655,0.359,0.383,0.595,0.376,0.508,0.571,0.658,0.897,0.727,1.029,0.812,0.987,1.256,1.227,2.112,0.887,1.372,1.481,1.107,0.859,0.719,0.466,0.276,0.042,0.466,0.374,0.599,0.508,0.698,0.649,0.641,0.655,0.545,0.555,0.635,0.487,0.508,0.402,0.438,0.429,0.275,0.355,0.463,0.45,0.311,0.345,0.423,0.317,0.444,0.317,0.311,0.386,0.359,0.275,0.339,0.296,0.212,0.423,0.254,0.233,0.253,0.211,0.233,0.212,0.339,0.381,0.337,0.36,0.397,0.211,0.556,0.423,0.439,0.787,0.317,0.211,0.386,0.434,0.786,0.654,0.928,0.886,1.331,0.925,0.442,0.196,0.184,0.275,0.385,0.522,0.676,0.634,0.507,0.783,0.635,0.889,0.846,0.972,0.825,0.783,0.781,0.679,0.846
"11","MT","TSHE","L","06C","TSHE-L-06C",1.0835,1.003,0.609,0.683,0.523,0.605,0.806,0.7115,0.8035,0.6885,0.8155,0.7415,0.826,1.2565,1.2725,1.2165,0.6875,0.834,0.7795,1.094,0.407,1.08,0.716,0.502,0.131,1.695,1.3305,1.516,1.1295,2.052,2.754,2.386,1.632,1.264,1.7125,2.363,1.815,1.48,1.0685,1.192,1.2375,0.776,1.102,1.513,1.7535,1.5125,1.534,1.33,1.0015,0.991,0.9805,0.962,1.08,0.898,1.249,0.54,0.362,0.3985,0.459,0.4575,0.687,0.4375,0.477,0.232,0.595,0.5835,0.6875,0.821,0.728,0.5135,0.6625,1.034,0.7075,1.2265,0.632,0.588,0.399,0.692,0.58,0.9065,0.9525,0.8535,0.7965,0.787,0.9875,1.171,0.7805,0.4855,0.6025,1.056,0.71,0.9095,1.046,0.7075,0.95,0.543,1.0945,1.245,0.949,0.788,1.0515,0.9655,0.797,1
"12","MT","TSHE","L","06N","TSHE-L-06N",1.0745,0.8655,0.759,0.676,0.759,1.0845,1.8565,1.5075,1.4525,1.199,1.1085,0.825,0.972,1.0695,0.911,1.131,0.7805,0.8175,1.0445,0.9105,0.538,1.0795,0.6365,0.4615,0.043,1.073,0.928,0.7065,0.4535,0.768,0.9085,1.0105,0.948,0.6675,1.0305,1.1505,1.1395,0.906,0.729,0.7195,0.5635,0.627,0.877,1.1525,1.131,1.039,0.777,0.7665,0.877,0.5925,0.629,0.5975,0.6095,0.563,0.5625,0.33,0.3095,0.423,0.484,0.4335,0.631,0.3895,0.4835,0.466,0.4365,0.3115,0.332,0.332,0.3845,0.385,0.4265,0.4675,0.342,0.478,0.4985,0.408,0.2105,0.3865,0.4385,0.451,0.4085,0.429,0.376,0.4085,0.398,0.5135,0.4715,0.346,0.4305,0.4295,0.4095,0.398,0.566,0.4725,0.5035,0.513,0.492,0.734,0.482,0.5005,0.5295,0.7395,0.567,0.8355
"13","MT","TSHE","L","07C","TSHE-L-07C",1.378,0.838,0.7685,0.8195,0.855,1.1235,1.709,1.9415,1.717,0.6705,1.1235,0.8595,1.1815,1.1675,1.241,1.4605,0.6715,0.6485,0.349,0.2635,0.238,0.1685,0.16,0.11,0.3725,0.932,0.7465,0.783,0.5415,0.936,0.9715,0.7925,0.9185,0.607,1.093,2.076,1.9,1.149,0.666,0.676,0.512,0.555,0.77,0.919,1.269,0.6765,0.677,0.587,0.6555,0.719,0.666,0.55,0.4865,0.5025,0.386,0.2495,0.2795,0.349,0.46,0.4595,0.697,0.449,0.2685,0.14,0.649,0.614,0.624,0.534,0.444,0.381,0.4655,0.497,0.4385,0.4645,0.5545,0.3275,0.185,0.4075,0.3645,0.6235,0.597,0.5175,0.422,0.364,0.4475,0.4625,0.325,0.205,0.2375,0.336,0.328,0.401,0.3755,0.2975,0.301,0.271,0.4335,0.4315,0.3915,0.3925,0.472,0.488,0.4445,0.5605
"14","MT","TSHE","L","07N","TSHE-L-07N",0.419,0.346,0.4275,0.5345,0.3855,0.4615,0.8145,1.216,0.9515,0.4565,0.3825,0.3465,0.475,0.792,0.7045,0.517,0.3795,0.416,0.889,0.713,0.6615,0.4195,0.24,0.1155,0.012,0.714,0.5965,0.643,0.4125,0.6655,0.697,0.6655,0.698,0.4145,0.6675,1.1045,0.857,0.7885,0.626,0.673,0.5495,0.351,0.4145,0.528,0.516,0.4125,0.517,0.459,0.3545,0.471,0.307,0.49,0.558,0.505,0.6525,0.365,0.277,0.4285,0.612,0.648,0.8055,0.35,0.165,0.048,0.4865,0.539,0.529,0.4935,0.313,0.287,0.2025,1.053,0.734,0.7555,0.7385,0.435,0.3245,0.4025,0.303,0.5575,0.39,0.359,0.4575,0.483,0.571,0.6305,0.303,0.225,0.22,0.513,0.401,0.5155,0.6775,0.485,0.4415,0.317,0.587,0.7205,0.647,0.6405,0.6555,0.7125,0.485,0.691
"15","MT","TSHE","L","08C","TSHE-L-08C",0.592,0.478,0.662,0.824,0.773,0.693,1.09,1.0355,0.7595,0.6485,0.8475,0.907,0.9655,1.1025,1.045,1.382,0.792,0.9045,1.5695,1.406,1.235,1.302,0.7305,0.249,0.162,1.0495,0.964,0.778,0.4635,0.8695,1.0155,0.943,0.935,0.6245,0.9125,1.216,0.8975,0.9235,0.74,0.5485,0.448,0.4975,0.7525,0.7535,0.931,0.6305,0.4865,0.5475,0.621,0.657,0.5695,0.625,0.4495,0.671,0.9675,0.5075,0.465,0.487,0.504,0.5835,0.6315,0.5585,0.506,0.3535,0.845,0.9475,0.953,0.9325,0.7475,0.474,0.813,0.9725,0.7985,0.722,0.847,0.4265,0.2895,0.4475,0.359,0.688,0.805,0.871,0.5335,0.6555,1.0565,0.993,0.528,0.288,0.329,0.623,0.507,0.6785,0.7545,0.588,0.5645,0.4355,0.9445,1.345,1.101,1.169,0.8875,0.967,0.6405,0.814
"16","MT","TSHE","L","08N","TSHE-L-08N",0.517,0.392,0.4755,0.4805,0.6485,0.5385,0.848,0.9135,0.9605,0.812,0.9455,0.781,0.6755,0.85,0.799,1.1145,0.6435,0.7545,0.923,0.769,0.5185,0.4925,0.2445,0.05,0.182,0.8905,0.752,0.7145,0.4615,0.639,0.6345,0.545,0.7405,0.5195,0.709,0.785,0.7055,0.5995,0.5305,0.48,0.365,0.3235,0.4305,0.663,0.643,0.529,0.491,0.3805,0.313,0.3505,0.2875,0.351,0.387,0.393,0.3515,0.278,0.1945,0.246,0.408,0.3705,0.7395,0.5245,0.2835,0.172,0.428,0.4385,0.5105,0.538,0.5485,0.4045,0.3315,0.651,0.4795,0.389,0.5475,0.422,0.232,0.338,0.2585,0.596,0.592,0.6175,0.624,0.592,0.755,0.834,0.5865,0.375,0.423,0.534,0.4655,0.624,0.7515,0.566,0.4815,0.311,0.454,0.3855,0.5005,0.5985,0.535,0.546,0.4985,0.6815
"17","MT","TSHE","L","09C","TSHE-L-09C",0.9855,0.622,0.596,0.821,0.724,0.5925,0.9895,1.294,1.0415,0.7955,0.8225,0.7955,0.8065,0.9985,1.1655,1.1735,0.6415,0.6185,0.7985,0.883,0.5705,0.575,0.279,0.2775,0.0245,0.6255,0.4285,0.4075,0.327,0.62,0.555,0.4815,0.6395,0.37,0.6025,0.7975,0.74,0.7925,0.7185,0.802,0.684,0.722,1.1375,1.2595,1.1775,1.067,1.134,0.933,0.669,0.692,0.487,0.641,0.6505,0.7445,0.635,0.617,0.549,0.673,1.0305,1.1025,1.2625,1.0125,0.7785,0.8785,1.231,1.128,0.9565,0.885,1.0835,0.7,0.994,0.9155,1.062,0.8655,1.176,0.7325,0.5465,0.636,0.5075,0.759,0.927,1.148,0.9395,0.8765,1.149,1.5935,1.2145,0.6895,0.659,0.773,0.6815,0.574,0.86,0.67,0.853,0.6705,0.949,1.1415,0.885,0.7325,0.7495,0.777,0.8095,0.9895
"18","MT","TSHE","L","09N","TSHE-L-09N",1.208,1.311,1.015,1.0895,0.9425,0.4165,0.7105,0.9505,1.133,1.246,1.0465,0.852,1.084,2.035,1.8665,1.6735,0.6795,0.6605,1.2745,1.481,1.8215,2.7025,1.126,0.588,0.3565,2.186,1.8495,1.8065,0.994,1.4265,1.3375,1.295,1.4705,1.022,1.2725,1.659,1.8415,1.9365,1.3355,1.531,1.825,1.3085,1.754,2.245,2.2745,1.348,1.222,1.3405,1.401,1.9045,1.9215,1.301,1.3185,1.1425,1.022,0.5525,0.5515,0.621,0.7605,0.8265,1.238,0.99,0.8175,0.6215,1.3075,1.2075,1.564,1.663,1.639,0.9135,1.8955,2.078,1.843,1.789,2.5315,1.5135,0.717,1.105,0.9885,1.1955,1.6875,1.661,0.885,0.889,1.7185,2.265,1.1305,0.8715,1.0075,1.268,1.087,NA,NA,NA,NA,NA,NA,NA,NA,NA,NA,NA,NA,NA
"19","MT","TSHE","L","10C","TSHE-L-10C",1.0685,0.6705,0.776,0.759,0.6035,0.6505,0.7825,0.93,0.7675,0.593,0.831,0.817,0.6865,1.054,1.0605,1.059,0.604,0.6995,0.87,1.3015,1.029,1.1405,0.8525,0.495,0.2245,1.4375,1.4095,1.5285,0.6655,1.5345,1.9525,1.5395,1.6675,1.3275,1.5405,1.893,1.7845,1.8595,1.5925,1.4925,1.25,0.9715,1.449,1.7945,1.7065,1.7485,1.55,1.4555,1.2295,1.967,1.289,1.3575,1.7565,1.6685,1.6695,0.7785,0.681,0.735,1.5845,1.6445,2.3965,1.5475,1.277,0.6335,1.34,1.542,1.6515,1.564,1.6925,1.3075,0.948,1.8605,1.6385,1.7415,2.022,1.8,1.0705,1.553,1.4175,1.873,1.905,1.6065,1.8155,1.931,1.891,2.349,1.956,1.2485,0.8095,1.8865,1.865,1.3085,1.883,1.466,1.833,1.432,1.322,1.6165,2.064,1.5165,1.3985,1.3535,1.365,1.714
"20","MT","TSHE","L","10N","TSHE-L-10N",1.3635,1.155,1.067,1.2365,1.325,0.8335,1.182,1.3885,1.67,1.335,1.422,1.172,1.18,1.44,1.503,1.682,1.1375,1.4435,1.919,2.331,2.6895,1.891,0.869,0.726,0.441,1.6445,1.427,1.5795,0.854,1.4545,1.6105,1.3025,1.5675,1.3075,1.807,2.212,1.682,1.742,1.2835,1.2855,1.282,1.2185,1.377,1.6255,1.8765,1.353,1.4475,1.9,1.7445,1.9005,1.3725,1.184,1.3085,1.2425,1.4065,0.9845,0.9625,1.4325,2.1925,2.2175,2.8455,2.2395,1.835,2.1505,2.068,2.1165,2.189,2.0945,2.5865,2.4245,2.4655,2.5665,2.462,2.617,3.0645,3.1105,2.352,1.554,1.679,1.827,1.891,1.979,1.791,1.571,0.91,NA,NA,NA,NA,NA,NA,NA,NA,NA,NA,NA,NA,NA,NA,NA,NA,NA,NA,NA
"21","MT","TSHE","L","11C","TSHE-L-11C",0.596,0.416,0.4155,0.272,0.243,0.3595,0.4285,0.399,0.551,0.594,0.6525,0.516,0.5715,0.507,0.619,0.7105,0.5795,0.524,0.6775,1.207,0.9965,1.024,0.6225,0.3815,0.0845,0.887,0.7975,0.768,0.3815,0.8175,0.948,0.9065,0.923,0.4765,0.6415,0.731,0.639,0.6965,0.4965,0.55,0.366,0.5005,0.775,0.684,0.9185,0.8075,0.785,0.872,0.5365,0.7775,0.5005,0.38,0.34,0.3325,0.358,0.222,0.384,0.314,0.511,0.98,1.454,0.588,0.829,0.086,0.587,0.727,0.992,0.907,0.735,0.533,0.572,0.939,0.592,0.633,0.602,0.401,0.254,0.444,0.529,0.592,0.476,0.719,0.55,0.465,0.77,0.513,0.377,0.261,0.362,0.57,0.327,0.296,0.444,0.265,0.57,0.423,0.662,0.602,0.661,0.662,0.731,0.724,0.447,0.564
"22","MT","TSHE","L","11N","TSHE-L-11N",1.7015,1.5715,0.833,0.762,0.6295,0.3795,0.415,0.8085,1.423,0.739,1.3285,1.138,1.002,1.4555,1.194,1.6545,0.8665,0.7355,1.063,0.861,0.63,0.604,0.153,0.139,0.1245,0.7445,0.688,0.5845,0.3495,0.668,0.732,0.758,0.9215,0.485,0.8925,1.005,1.1415,1.1745,0.793,0.8515,0.7145,0.6725,0.8635,0.953,1.0805,0.6155,0.777,0.5515,0.534,0.5655,0.3825,0.457,0.53,0.435,0.465,0.34,0.3555,0.4295,0.5965,0.3995,0.6295,0.431,0.273,0.097,0.428,0.6295,0.609,0.626,0.716,0.393,0.2255,0.6085,0.5525,0.4555,0.6825,0.4525,0.279,0.348,0.237,0.5895,0.4155,0.432,0.453,0.3475,0.563,0.484,0.369,0.258,0.1425,0.427,0.4525,0.379,0.506,0.459,0.511,0.3635,0.791,0.7975,0.602,0.644,0.66,0.673,0.5365,0.698
"23","MT","TSHE","L","12C","TSHE-L-12C",0.067,0.2665,0.272,0.3335,0.238,0.246,0.333,0.357,0.3995,0.325,0.23,0.198,0.217,0.2275,0.2405,0.217,0.256,0.2515,0.253,0.214,0.304,0.264,0.3065,0.323,0.0625,0.254,0.201,0.2275,0.1955,0.343,0.317,0.3595,0.486,0.481,0.6735,0.478,0.4115,0.412,0.3725,0.3305,0.317,0.397,0.418,0.344,0.365,0.328,0.3335,0.307,0.291,0.304,0.267,0.3385,0.301,0.349,0.291,0.2285,0.2375,0.21,0.29,0.261,0.3835,0.2905,0.251,0.164,0.299,0.2325,0.3545,0.46,0.3225,0.2485,0.2165,0.5755,0.4545,0.3905,0.3465,0.2335,0.1745,0.243,0.2585,0.38,0.3595,0.3645,0.322,0.2535,0.338,0.306,0.2125,0.1415,0.1335,0.2165,0.2555,0.3055,0.3695,0.2905,0.3275,0.222,0.5135,0.4925,0.607,0.4595,0.454,0.5225,0.5325,0.6545
"24","MT","TSHE","L","12N","TSHE-L-12N",0.47,0.438,0.18,0.4865,0.7345,0.7785,1.0575,1.0785,1.132,1.026,1.1735,0.9505,0.972,1.1105,1.058,1.4525,1.0855,1.142,1.2475,1.2155,1.373,1.0285,0.5485,0.2755,0.1035,0.9235,0.8355,0.909,0.645,0.9725,0.909,0.8565,0.867,0.6235,0.7295,0.8665,1.1205,0.8565,0.6555,0.6425,0.58,0.57,0.765,1.018,0.9485,0.7905,0.5685,0.5785,0.485,0.43,0.368,0.302,0.3275,0.3675,0.3805,0.2255,0.295,0.3565,0.47,0.5135,0.595,0.4825,0.353,0.1905,0.387,0.401,0.362,0.436,0.5705,0.396,0.6045,0.761,0.68,0.7245,0.492,0.3255,0.3585,0.3265,0.205,0.2005,0.1965,0.0825,0.1245,0.1035,0.1285,0.146,0.0965,0.068,0.07,0.099,0.085,0.0835,0.062,0.0915,0.0785,0.085,0.1175,0.1955,0.1845,0.2015,0.218,0.1795,0.185,0.239
"25","MT","TSHE","L","13C","TSHE-L-13C",0.5355,0.254,0.3325,0.406,0.4825,0.4355,0.5635,0.7065,0.5565,0.7295,0.9065,0.653,0.696,0.631,0.734,0.6385,0.511,0.6875,0.7385,0.9795,0.8475,0.698,0.4925,0.2085,0.184,0.679,0.4905,0.571,0.434,0.9715,0.858,0.7455,1.277,0.704,1.0075,1.1135,1.0915,1.1045,0.742,0.768,0.697,0.6625,0.951,1.0255,0.7825,0.855,0.7805,0.6005,0.476,0.59,0.674,0.7365,0.505,0.606,0.623,0.456,0.464,0.5365,0.7915,0.8125,1.004,0.648,0.524,0.3265,0.7995,0.7305,1.024,0.8595,0.8265,0.625,0.643,1.0605,0.8545,0.7975,0.8555,0.7345,0.4545,0.579,0.4575,0.7015,0.7955,0.8085,0.717,0.6405,0.856,0.8805,0.862,0.5875,0.6645,0.898,0.7535,0.698,0.711,0.559,0.4675,0.5015,0.771,0.809,0.638,0.551,0.569,0.5685,0.531,0.777
"26","MT","TSHE","L","13N","TSHE-L-13N",1.224,0.843,0.6705,0.6305,0.6365,0.427,0.6515,0.81,0.7535,0.8355,1.427,1.4225,0.916,0.896,0.546,0.6385,0.3535,0.484,0.521,0.3305,0.22,0.3605,0.349,0.1685,0.0815,0.478,0.401,0.4895,0.4745,0.5765,0.6625,0.731,1.0655,0.83,0.715,0.808,0.7615,0.8235,0.7025,0.5725,0.338,0.3035,0.308,0.3895,0.333,0.344,0.382,0.3395,0.342,0.3425,0.331,0.5185,0.3845,0.369,0.3105,0.267,0.195,0.152,0.311,0.4165,0.649,0.409,0.282,0.2545,0.387,0.4165,0.5585,0.3715,0.3675,0.3425,0.3595,0.312,0.252,0.269,0.2295,0.1925,0.1505,0.3035,0.2865,0.2675,0.2875,0.319,0.299,0.284,0.269,0.3745,0.2185,0.15,0.187,0.282,0.253,0.2445,0.437,0.311,0.3815,0.3345,0.2635,0.2285,0.529,0.5795,0.6085,0.5555,0.476,0.5045
"27","MT","TSHE","M","01C","TSHE-M-01C",0.6425,0.569,0.505,0.57,0.6105,0.527,0.7805,1.2985,1.5305,1.8455,1.349,1.4225,1.4045,1.43,1.797,1.5805,0.8585,1.28,0.9805,3.2095,2.3365,2.769,1.9195,1.721,1.1805,2.48,2.2035,1.8815,1.64,1.875,3.3055,2.7055,3.1595,2.7685,2.033,2.04,1.6885,1.4755,1.602,1.423,1.561,1.3275,2,1.8095,1.459,1.6615,1.6,1.806,1.686,1.5095,1.2605,0.7335,1.4515,1.3435,1.654,1.845,1.321,0.7405,1.4395,0.9635,1.419,1.1835,1.5455,1.8265,1.7545,1.652,1.2775,1.449,1.705,1.521,2.062,1.772,1.339,0.605,0.691,1.026,0.605,0.67,0.561,0.417,0.524,0.651,0.631,0.632,0.558,0.576,0.538,0.473,0.576,0.597,0.908,0.66,1.019,0.769,1.137,0.762,1.448,1.939,1.333,NA,NA,NA,NA,NA
"28","MT","TSHE","M","01N","TSHE-M-01N",1.223,1.44,1.2485,1.0115,0.762,0.7565,0.9335,0.736,0.7125,0.6565,1.023,1.233,1.473,1.489,1.7865,1.884,1.2655,1.1945,0.991,1.646,1.338,1.497,0.8385,1.3215,0.8915,1.9655,2.6075,1.9795,1.183,1.319,2.232,1.415,1.8565,1.468,1.315,1.723,1.607,2.147,1.447,1.531,1.731,1.717,1.5225,1.342,1.587,1.0745,1.849,2.1965,1.6125,2.0005,1.7185,0.921,1.5195,1.4875,1.3245,2.222,2.027,1.904,2.692,1.75,1.752,1.537,1.914,1.894,2.375,3.202,2.791,0.872,NA,NA,NA,NA,NA,NA,NA,NA,NA,NA,NA,NA,NA,NA,NA,NA,NA,NA,NA,NA,NA,NA,NA,NA,NA,NA,NA,NA,NA,NA,NA,NA,NA,NA,NA,NA
"29","MT","TSHE","M","02C","TSHE-M-02C",0.622,0.376,0.583,0.7185,0.6405,0.7595,1.128,1.3815,1.3265,1.203,1.4595,1.279,1.0995,1.1845,1.083,1.172,0.868,0.8135,0.762,1.0875,0.9515,1.078,0.8775,1.152,0.59,1.1095,1.0655,1.1065,0.833,1.253,1.503,1.4045,1.7505,1.533,1.446,1.832,1.685,1.525,1.244,1.2305,1.316,1.109,1.8235,1.7535,1.633,1.287,1.0825,1.3135,1.159,0.9695,1.019,0.8465,0.9855,0.9495,0.9645,0.935,1.137,0.867,1.2205,1.08,1.5655,1.451,1.5265,1.347,1.4135,1.855,1.263,0.6485,1.27,1.007,1.634,2.676,2.483,2.044,2.131,1.984,0.76,0.696,0.611,0.779,0.99,1.43,1.344,1.516,0.951,1.013,1.302,0.688,0.703,1.952,1.124,0.777,1.179,1.21,1.423,0.89,0.642,NA,NA,NA,NA,NA,NA,NA
"30","MT","TSHE","M","02N","TSHE-M-02N",1.045,0.7375,0.6005,0.725,0.8085,0.6175,0.9305,1.2225,1.0035,1.027,1.4055,1.131,1.095,1.5885,1.615,1.9515,1.3905,1.3585,1.274,1.3905,0.7595,0.901,0.523,0.9845,0.357,0.8105,0.7735,0.7425,0.6375,0.762,1.0125,0.913,1.0695,0.9875,1.284,1.167,1.3195,1.2055,0.7905,0.7755,1.0405,0.991,0.9595,1.0665,1.101,0.8705,0.904,1.262,1.226,1.096,0.9275,0.932,1.3625,1.2585,0.9845,1.5275,1.581,1.563,1.843,1.6495,1.6755,1.4975,1.5595,1.398,1.325,0.938,0.9125,1.0175,1.143,1.088,1.207,1.1485,0.98,0.9065,0.9835,0.726,0.3545,0.5245,0.403,0.5445,0.4315,0.603,0.5415,0.5295,0.8275,1.367,0.9085,0.8995,1.337,1.1035,1.152,0.66,1.01,0.7375,0.858,0.7335,1.1215,1.0905,1.171,1.3005,1.0385,1.168,1.32,1.723
"31","MT","TSHE","M","03C","TSHE-M-03C",0.809,0.5695,0.5225,0.612,0.5425,0.511,0.871,0.833,0.66,0.3955,0.596,0.643,0.6325,0.713,0.678,0.8435,0.6235,0.9995,1.005,1.453,0.9105,0.9735,0.7175,0.7485,0.2745,0.8835,0.765,0.919,0.7365,0.792,0.9555,0.971,1.2855,1.0865,1.4345,1.2545,1.633,1.737,0.9375,0.9055,0.927,0.938,1.1815,1.5835,1.405,1.331,1.342,1.399,1.8225,1.696,0.99,1.044,1.327,1.3885,1.3605,1.403,1.2735,1.191,1.7315,1.5855,1.985,1.703,1.999,1.6295,1.8625,1.788,1.8515,1.8505,1.724,1.3525,1.563,1.4965,1.35,1.522,1.74,1.6405,1.0845,1.48,1.214,1.3565,1.3675,1.3415,1.2595,1.1785,1.2725,1.558,1.3065,1.054,1.2065,1.341,1.3595,1.353,2.111,1.358,2.508,1.975,3.064,2.996,2.604,3.015,3.219,2.385,2.11,2.504
"32","MT","TSHE","M","03N","TSHE-M-03N",1.1045,0.9385,1.01,1.0925,1.2855,1.34,1.14,0.8245,1.0665,0.897,0.94,1.0195,1.6895,1.894,0.989,1.553,0.823,0.8675,1.751,1.9955,2.1295,1.96,0.758,0.804,0.089,1.5635,1.8025,1.5155,1.0575,1.3245,1.8025,1.5955,2.0915,1.3055,1.67,2.7525,2.217,2.6865,1.077,1.2675,1.542,1.9495,1.894,1.6515,2.1915,1.1735,1.2215,2.0215,1.349,1.452,0.734,0.8635,0.956,1.223,1.5035,1.5795,1.3445,1.16,1.8485,1.8225,1.839,2.13,1.733,0.587,1.439,1.786,2.155,2.444,1.948,2.08,1.91,2.325,2.215,1.999,2.342,1.912,1.923,1.114,1.563,1.469,1.101,NA,NA,NA,NA,NA,NA,NA,NA,NA,NA,NA,NA,NA,NA,NA,NA,NA,NA,NA,NA,NA,NA,NA
"33","MT","TSHE","M","04C","TSHE-M-04C",0.614,0.451,0.607,0.535,0.684,0.807,1.061,1.037,1.177,0.896,1.213,0.949,0.744,0.903,0.923,1.104,0.553,0.837,0.612,1.17,0.873,1.114,0.593,1.1,0.592,0.959,0.789,1.086,0.952,1.012,1.151,1.23,1.193,0.896,0.865,1.308,1.099,1.261,0.818,0.753,0.923,0.832,1.191,1.22,0.719,0.642,0.832,0.981,0.852,1.121,1.007,0.995,0.825,0.91,0.974,0.91,0.783,0.74,1.268,0.971,1.248,0.953,0.903,1.163,1.31,0.887,1.046,0.98,0.943,0.712,0.956,0.669,0.544,0.586,0.566,0.43,0.367,0.333,0.246,0.862,0.334,1.12,1.096,0.952,0.872,0.863,0.897,0.655,0.909,1.042,1.146,0.849,1.462,1.249,1.857,1.264,1.734,1.714,1.567,1.37,1.316,1.592,0.081,NA
"34","MT","TSHE","M","04N","TSHE-M-04N",0.5595,0.4655,0.353,0.7055,0.7795,0.9875,1.1875,1.258,1.4065,1.285,1.631,1.4025,1.683,1.9495,2.075,1.971,1.3455,1.6125,1.94,1.968,1.8275,1.938,1.1715,0.966,0.3275,1.8165,1.839,1.707,1.084,1.7345,1.8915,1.8555,2.171,1.5365,1.924,1.9855,1.7375,1.5905,1.221,1.282,1.677,1.2635,1.505,1.532,1.3285,1.468,1.599,1.611,1.481,1.799,1.507,1.1435,1.2425,1.3245,1.507,1.497,1.2965,1.0325,1.4595,1.155,1.782,1.0065,0.0975,NA,NA,NA,NA,NA,NA,NA,NA,NA,NA,NA,NA,NA,NA,NA,NA,NA,NA,NA,NA,NA,NA,NA,NA,NA,NA,NA,NA,NA,NA,NA,NA,NA,NA,NA,NA,NA,NA,NA,NA,NA
"35","MT","TSHE","M","05C","TSHE-M-05C",0.165,0.161,0.2335,0.2925,0.259,0.363,0.417,0.451,0.4505,0.502,0.682,0.698,0.747,0.8525,0.9225,1.125,0.9135,0.863,0.8865,1.0155,0.8345,0.963,0.6865,0.8675,0.6795,0.8425,0.771,0.803,0.575,0.764,0.9575,1.0435,1.1815,0.8715,0.932,1.5175,0.9965,1.267,0.762,0.8005,1.069,0.985,1.068,0.986,0.894,0.7915,0.9755,1.1555,0.7265,1.099,0.929,0.7545,1.1315,1.199,1.3835,1.4305,1.0095,0.985,1.6245,1.1685,1.4675,1.427,1.5005,1.162,1.3625,1.184,1.3595,1.3365,1.506,1.4295,0.938,1.3835,1.1195,1.1035,1.2715,1.6075,1.123,1.102,1.016,1.3105,1.1265,0.8635,1.213,1.464,1.523,1.63,1.347,1.6535,1.3945,0.9565,1.088,0.6955,1.1115,1.097,1.622,1.983,2.752,0.9465,0.9465,NA,NA,NA,NA,NA
"36","MT","TSHE","M","05N","TSHE-M-05N",1.752,1.0785,1.1305,1.1125,1.027,1.027,1.546,1.6235,1.3625,1.3345,1.3695,1.2055,1.1955,1.0505,1.5285,1.988,1.7385,1.4725,1.542,1.574,1.401,1.5705,1.638,1.435,0.97,1.4095,1.269,1.4,1.1235,1.5425,1.648,2.1715,2.2545,2.023,1.887,2.062,1.645,1.7715,1.345,1.505,1.616,1.654,1.691,1.6525,1.895,1.594,1.492,1.8065,1.4285,1.0815,1.1965,0.8995,1.09,1.082,1.159,1.16,1.1165,1.055,1.4485,1.082,1.362,1.2075,1.1075,1.242,1.251,1.3025,1.4195,1.799,1.2435,1.735,2.313,1.396,0.845,0.6985,0.5175,0.711,0.9605,0.9175,0.4575,1.5305,0.544,NA,NA,NA,NA,NA,NA,NA,NA,NA,NA,NA,NA,NA,NA,NA,NA,NA,NA,NA,NA,NA,NA,NA
"37","MT","TSHE","M","06C","TSHE-M-06C",0.984,0.603,0.6165,0.8015,0.8505,0.851,1.3165,1.852,1.1705,1.4155,1.502,1.479,1.46,1.6475,1.958,2.431,1.7285,1.876,1.3455,2.3555,2.126,2.2505,2.1035,1.2645,0.481,1.9705,1.632,1.719,1.342,2.0095,2.2375,2.0215,2.6695,1.677,1.8525,1.594,1.6095,1.5215,1.266,1.5525,1.8525,1.8245,2.352,2.384,2.253,1.5595,1.859,2.502,2.3875,2.1175,2.098,1.21,1.3535,1.4335,1.558,1.8485,1.737,0.9675,2.2575,2.4785,2.099,3.707,2.9015,1.0505,1.449,1.416,1.052,1.247,1.13,1.108,1.12,0.999,0.521,0.181,NA,NA,NA,NA,NA,NA,NA,NA,NA,NA,NA,NA,NA,NA,NA,NA,NA,NA,NA,NA,NA,NA,NA,NA,NA,NA,NA,NA,NA,NA
"38","MT","TSHE","M","06N","TSHE-M-06N",1.159,1.068,0.7665,1.253,1.068,0.9305,1.247,1.4105,1.04,0.9875,1.328,1.112,1.214,1.4425,1.6495,2.364,2.11,2.105,2.0705,2.7365,2.647,3.3075,2.643,2.048,0.949,1.9485,2.0425,1.891,1.272,1.8485,2.8715,2.0665,2.307,1.92,1.6855,1.8535,1.6075,1.849,1.25,1.3355,1.6505,1.497,1.7865,1.679,1.714,1.4025,1.4955,2.4535,1.9445,1.491,2.059,1.0975,1.156,1.234,1.1305,1.056,1.153,0.855,1.4585,1.009,1.02,1.763,1.235,1.647,1.631,1.676,NA,NA,NA,NA,NA,NA,NA,NA,NA,NA,NA,NA,NA,NA,NA,NA,NA,NA,NA,NA,NA,NA,NA,NA,NA,NA,NA,NA,NA,NA,NA,NA,NA,NA,NA,NA,NA,NA
"39","MT","TSHE","M","07C","TSHE-M-07C",1.1335,1.0215,1.0525,1.0365,0.9215,0.9365,0.982,1.074,0.6835,0.471,1.2415,1.3495,1.282,1.398,1.4845,1.9795,1.54,1.299,1.346,1.7135,1.3495,1.2165,1.2685,0.975,0.5515,1.414,1.2235,1.0755,0.854,1.2015,1.3595,1.2525,1.6215,1.2535,1.093,1.3315,1.192,1.3915,0.8285,0.9355,1.366,1.1065,1.223,1.3475,1.3595,1.1465,1.0325,1.38,0.9935,1.16,1.2,0.9345,1.151,1.2215,1.248,0.7145,0.905,0.6945,1.671,1.3405,1.681,1.0455,1.46,1.5635,1.674,1.581,1.256,1.2805,1.1175,0.9135,1.2385,1.1245,0.8415,0.7415,0.8675,1.3465,0.874,1.1675,1.321,1.677,0.9275,0.9335,0.732,1.2805,1.3165,1.609,1.1255,0.984,1.967,3.316,0.42,NA,NA,NA,NA,NA,NA,NA,NA,NA,NA,NA,NA,NA
"40","MT","TSHE","M","07N","TSHE-M-07N",1.483,1.8005,1.2125,1.3925,1.2365,1.278,1.5485,1.65,1.5555,1.5055,1.5625,1.5425,1.41,1.6175,1.6545,1.998,1.5755,1.192,1.413,1.343,1.067,1.144,0.7855,0.44,0.4285,1.7135,1.669,1.6665,1.1375,1.626,2.1405,1.786,1.93,1.8215,1.443,1.592,1.507,2.109,1.772,1.767,1.8575,2.024,2.2835,2.145,1.696,1.785,1.5805,1.9825,1.54,1.7645,1.6455,1.052,1.2825,1.357,1.1285,1.08,0.944,0.9005,1.7855,1.5665,1.9115,1.234,1.309,1.668,1.9335,1.7845,1.4595,1.992,1.6545,2.1175,1.953,NA,NA,NA,NA,NA,NA,NA,NA,NA,NA,NA,NA,NA,NA,NA,NA,NA,NA,NA,NA,NA,NA,NA,NA,NA,NA,NA,NA,NA,NA,NA,NA,NA
"41","MT","TSHE","M","08C","TSHE-M-08C",0.4205,0.325,0.715,0.706,0.8285,1.0415,1.1505,1.1035,1.25,1.171,1.2565,1.1255,1.258,1.334,1.6915,1.611,1.359,0.9715,1.242,1.2395,1.0895,1.1555,0.8045,0.3855,0.2805,0.987,1.1785,0.862,0.7315,0.9915,1.0985,0.9775,1.0055,1.0505,0.935,0.9065,0.879,0.98,0.6955,0.7185,0.952,0.8645,1.175,1.31,0.9435,0.925,0.7585,0.9765,0.888,0.7145,0.775,0.5265,0.6285,0.7055,0.6565,0.576,0.7775,0.793,0.869,0.7945,1.0895,0.787,0.8785,1.154,1.2895,1.166,0.951,1.0575,0.879,0.999,1.2135,1.1065,0.725,0.6355,1.614,NA,NA,NA,NA,NA,NA,NA,NA,NA,NA,NA,NA,NA,NA,NA,NA,NA,NA,NA,NA,NA,NA,NA,NA,NA,NA,NA,NA,NA
"42","MT","TSHE","M","08N","TSHE-M-08N",1.215,0.8035,0.592,1.004,0.896,0.928,1.234,1.384,1.415,1.0985,1.414,1.242,1.2315,1.3545,1.281,2.0025,1.679,1.372,1.5395,2.1085,1.3845,1.9675,1.703,0.909,0.3585,1.3105,1.3325,1.1495,0.951,1.2875,1.502,1.2485,1.7965,1.1465,1.32,1.623,1.393,1.626,1.3225,1.112,1.416,1.2755,1.306,1.4115,0.9385,1.0865,1.2745,1.52,1.0305,1.0865,1.3495,0.7945,1.091,1.1905,1.026,0.617,0.6715,0.6725,1.2215,0.8545,0.8415,0.602,0.799,1.129,0.81,0.505,0.3765,0.313,0.4005,0.3685,1.053,1.3605,0.9385,0.848,0.8175,0.943,0.8835,0.7615,0.8565,0.953,0.5935,0.631,0.765,0.825,0.867,1.277,0.8205,0.631,0.804,0.9305,0.901,NA,NA,NA,NA,NA,NA,NA,NA,NA,NA,NA,NA,NA
"43","MT","TSHE","M","09C","TSHE-M-09C",0.774,0.6445,0.5915,0.671,0.65,0.613,1.226,1.374,1.5395,1.696,1.671,1.6895,1.479,1.5445,1.647,1.711,0.7815,0.7335,0.9565,0.875,0.9025,0.8455,0.699,0.5965,0.2345,1.324,1.425,1.119,0.6485,1.039,1.2765,0.9315,1.3065,0.7535,1.102,1.573,1.507,1.7185,1.242,1.385,1.277,1.259,2.0385,1.8475,1.474,1.202,1.0455,1.074,0.92,1.095,0.773,0.9445,1.073,0.9995,1.25,0.886,0.6145,0.611,0.8565,0.755,1.3205,1.0785,1.0435,0.938,1.468,2.0055,2.0065,2.076,1.735,1.0045,1.012,1.1775,1.02,1.0105,1.252,1.3765,0.7815,0.9785,0.9515,1.24,1.078,1.3065,1.2635,1.3495,1.809,1.7865,1.465,1.2085,1.335,1.621,1.97,1.19,1.4775,0.9205,1.2365,0.8765,1.487,1.9205,2.4925,1.723,1.5905,1.485,1.1615,1.0795
"44","MT","TSHE","M","09N","TSHE-M-09N",1,0.8425,0.9245,0.8655,0.839,0.6995,1.172,1.758,1.678,1.169,1.4535,1.13,1.0715,1.103,1.231,1.4215,1.171,1.401,1.521,1.332,1.3,1.2625,1.0295,0.5685,0.3875,1.122,0.9325,0.9975,0.6375,1.0215,1.105,1.1025,1.079,0.735,0.862,1.412,0.9265,1.2565,0.9765,1.0995,1.0425,1.1715,1.047,0.869,0.9925,1.13,0.825,1.2715,1.222,1.2805,1.1535,1.108,1.087,1.0785,1.1555,0.84,0.9715,0.9635,1.268,1.2665,1.6065,1.449,0.776,1.109,1.069,0.99,1.071,1.077,1.179,1.118,1.205,1.861,NA,NA,NA,NA,NA,NA,NA,NA,NA,NA,NA,NA,NA,NA,NA,NA,NA,NA,NA,NA,NA,NA,NA,NA,NA,NA,NA,NA,NA,NA,NA,NA
"45","MT","TSHE","M","10C","TSHE-M-10C",0.807,0.456,0.3925,0.558,0.5995,0.5575,0.916,1.0485,0.79,0.5515,0.9805,0.797,0.7125,0.8585,0.795,0.8965,0.697,0.5645,0.643,0.6475,0.516,0.382,0.25,0.1205,0.116,0.907,0.8675,1.13,0.8235,1.077,1.267,1.0225,1.3485,0.633,0.908,1.2375,1.0435,1.089,0.962,0.938,1.0525,0.7445,1.617,1.539,1.14,1.4505,1.321,1.5845,1.449,1.25,1.2915,1.038,1.233,1.2135,1.167,0.8575,0.767,0.7005,1.3065,0.9765,1.2485,1.2065,1.5395,1.436,1.75,1.27,1.257,1.0715,1.24,1.266,1.862,1.644,1.402,1.236,1.524,1.473,0.8815,0.6395,0.517,0.63,0.489,0.673,0.7375,0.712,1.717,0.224,NA,NA,NA,NA,NA,NA,NA,NA,NA,NA,NA,NA,NA,NA,NA,NA,NA,NA
"46","MT","TSHE","M","10N","TSHE-M-10N",0.402,0.5605,0.6965,0.591,0.6015,0.7915,0.8655,0.977,0.8835,0.792,0.803,0.695,0.843,0.832,0.873,0.905,0.956,0.8505,0.756,0.695,0.75,0.855,0.9065,0.538,0.388,1.177,0.7775,0.858,0.685,1.195,1.184,1.074,1.3465,1.092,1.1515,1.178,1.267,1.4445,1.0935,0.934,1.3035,1.2115,1.458,1.3755,1.3435,1.243,0.9415,1.381,1.3165,1.1475,1.4945,0.9615,0.829,0.9315,0.902,0.716,0.8405,0.721,1.048,1.06,0.924,0.9315,0.9085,1.2325,0.6995,0.6235,0.5955,0.7045,0.774,0.728,0.881,0.924,0.9375,0.8125,0.765,0.7055,0.8745,0.8025,0.645,0.743,0.68,0.867,0.549,0.9,1.0145,2.0975,1.7975,NA,NA,NA,NA,NA,NA,NA,NA,NA,NA,NA,NA,NA,NA,NA,NA,NA
"47","MT","TSHE","M","11C","TSHE-M-11C",1.6,1.09,0.982,0.956,1.032,0.7165,1.228,1.2875,1.0125,0.779,1.0725,0.967,0.962,1.2145,0.879,1.405,1.251,0.993,0.942,1.195,0.996,1.152,0.907,0.555,0.4155,1.1715,0.992,1.296,0.9445,1.338,1.6715,1.408,1.845,1.0255,1.4045,1.7595,1.3115,1.5005,0.9805,1.1865,1.3995,1.09,1.663,1.987,1.7165,1.1555,1.1525,1.2715,1.447,1.7225,1.4475,1.1335,1.3385,1.274,1.466,1.074,1.069,0.7175,1.5135,1.356,1.6485,1.186,1.361,1.0075,1.357,1.639,1.7075,1.599,1.605,1.3695,1.3685,0.9645,0.9425,1.1325,1.485,1.212,0.7295,0.781,0.9045,0.97,1.1945,1.389,1.062,1.7475,2.548,1.044,0.83,0.394,0.994,0.953,0.755,0.796,0.738,NA,NA,NA,NA,NA,NA,NA,NA,NA,NA,NA
"48","MT","TSHE","M","11N","TSHE-M-11N",1.033,0.722,0.848,0.982,1.0915,1.1955,1.786,2.411,1.965,1.7495,1.798,1.601,1.6655,1.719,1.8185,2.629,2.209,1.928,2.155,2.1225,2.444,1.9945,1.4675,1.0945,0.5665,1.9765,1.8905,1.9545,1.03,1.378,2.1025,1.774,2.215,2.062,1.6135,2.3625,1.8555,1.9485,1.643,1.449,1.4255,1.5275,1.901,1.7385,1.504,1.132,1.259,1.3945,1.2055,1.267,1.1585,1.118,1.197,0.9565,0.9115,0.855,0.8295,1.027,1.321,1.3725,1.281,1.2855,1.155,1.192,1.19,1.178,1.0955,1.059,1.1745,1.128,1.19,1.064,0.619,0.68,0.715,0.602,0.229,0.287,0.57,0.735,0.732,0.797,1.202,1.202,1.564,1.859,1.341,1.603,1.386,0.45,NA,NA,NA,NA,NA,NA,NA,NA,NA,NA,NA,NA,NA,NA
"49","MT","TSHE","M","12C","TSHE-M-12C",1.23,1.094,1.0515,1.165,0.954,1.0275,1.472,1.56,1.5265,1.265,1.4345,1.383,1.614,1.729,2.0285,2.3765,2.131,1.5565,1.9945,2.0405,2.0315,1.63,1.3595,1.7645,0.5985,2.098,1.964,1.915,1.293,1.7015,2.361,1.9405,2.128,1.6925,1.631,2.384,1.4955,2.069,1.789,1.5795,1.855,1.7195,2.0055,1.833,1.6315,1.2895,1.5165,1.8835,1.725,1.8935,1.7405,1.173,1.554,1.625,1.5035,1.309,1.532,1.0795,1.866,1.529,1.7755,2.0815,2.1925,1.9075,1.818,1.375,1.1965,1.5395,1.6315,1.5185,1.7635,1.6085,1.509,1.346,1.343,1.128,0.9575,0.8385,1.3105,0.859,0.822,1.053,0.785,1.07,0.976,1.157,1.222,1.071,0.697,1.054,1.303,0.989,0.46,NA,NA,NA,NA,NA,NA,NA,NA,NA,NA,NA
"50","MT","TSHE","M","12N","TSHE-M-12N",0.88,0.9895,0.74,0.7545,0.6775,0.7915,1.0845,1.096,0.9975,1.0695,1.4665,1.6955,1.7245,1.8165,1.9045,2.4915,1.922,1.6795,1.7705,1.952,1.704,1.7325,1.6535,0.927,0.4925,1.731,1.337,1.473,1.1395,1.5245,2.289,1.835,1.935,1.64,1.589,2.3875,2.177,2.68,2.3285,1.988,2.201,2.169,2.3865,2.473,2.3075,1.5655,1.4255,1.755,1.585,1.7635,1.63,1.089,1.5245,1.242,1.1745,0.992,1.0645,0.9845,1.9475,1.181,1.5315,1.4785,1.4185,1.5405,1.293,1.281,1.3025,1.3995,1.545,1.4045,1.5145,1.4255,1.2785,0.908,1.033,1.324,0.8565,1.969,1.052,1.215,1.105,1.396,1.394,1.44,1.169,0.633,0.517,0.544,0.195,1.467,2.548,0.895,1.582,0.35,NA,NA,NA,NA,NA,NA,NA,NA,NA,NA
"51","MT","TSHE","M","13C","TSHE-M-13C",1.297,1.288,0.993,1.0955,0.7745,0.693,1.072,1.2305,1.043,0.7695,0.978,1.09,1.191,1.634,2.0745,2.7305,1.4675,1.5505,1.6935,2.406,2.151,1.835,1.2545,0.877,0.5655,2.288,2.0365,1.6,1.105,1.725,2.6475,1.925,2.2865,1.752,1.714,2.043,2.3885,2.515,1.7015,1.501,1.8245,1.7445,1.968,1.8035,2.097,1.9355,1.691,2.195,2.0095,1.554,1.491,1.277,1.6095,1.5535,1.488,1.4525,1.517,1.2785,1.9755,1.891,2.299,1.758,1.583,1.445,1.7115,1.595,1.712,1.6875,1.7815,1.572,1.842,1.6645,1.444,1.4525,1.928,1.6705,1.3565,1.103,1.025,1.467,1.2615,1.7895,1.745,1.578,1.7715,2.036,1.5365,1.023,1.636,1.926,2.0455,1.6055,1.61,1.31,1.399,1.346,1.862,2.154,2.36,1.582,1.684,1.64,1.334,0.909
"52","MT","TSHE","M","13N","TSHE-M-13N",1.1235,1.0655,1.3215,1.248,0.9395,0.769,1.1315,1.5015,1.4265,1.085,1.3825,1.3525,1.6185,1.712,1.3325,1.389,1.2005,1.3205,1.4485,1.497,1.508,1.638,1.5335,1.2495,0.629,1.712,1.5405,1.4735,0.986,1.591,1.82,1.6095,1.8115,1.4785,1.4375,1.973,1.6405,1.7755,1.272,1.154,1.2515,1.222,1.7275,2.0485,1.717,1.7095,1.7825,1.7435,1.429,2.3495,1.5945,1.1715,1.6725,1.75,1.6695,1.7445,1.548,1.2015,2.421,1.88,2,1.9305,2.0635,1.7705,1.8475,1.953,1.5085,1.911,2.695,3.342,2.451,1.604,1.684,1.572,1.838,1.549,1.467,1.191,0.756,0.858,0.771,0.897,0.876,0.879,0.972,0.813,1.228,1.473,1.404,1.071,1.362,0.923,1.039,1.248,2.775,2.562,NA,NA,NA,NA,NA,NA,NA,NA
