"","Transect","Species","Elev","Tree","Tag","2013","2012","2011","2010","2009","2008","2007","2006","2005","2004","2003","2002","2001","2000","1999","1998","1997","1996","1995","1994","1993","1992","1991","1990","1989","1988","1987","1986","1985","1984","1983","1982","1981","1980","1979","1978","1977","1976","1975","1974","1973","1972","1971","1970","1969","1968","1967","1966","1965","1964","1963","1962","1961","1960","1959","1958","1957","1956","1955","1954","1953","1952","1951","1950","1949","1948","1947","1946","1945","1944","1943","1942","1941","1940","1939","1938","1937","1936","1935","1934","1933","1932","1931","1930","1929","1928","1927","1926","1925","1924","1923","1922","1921","1920","1919","1918","1917","1916","1915","1914","1913","1912","1911","1910","1909","1908","1907","1906","1905","1904","1903","1902","1901","1900","1899","1898","1897","1896","1895","1894","1893","1892","1891","1890","1889","1888","1887","1886","1885","1884","1883","1882","1881","1880","1879","1878","1877","1876","1875"
"61","CO","ABLA","H","01H","ABLA-H-01H",0.2725,1.0805,1.259,0.924,0.905,0.995,0.798,0.714,0.9455,0.735,0.6595,0.8475,1.186,0.9665,1.04,1.302,1.175,1.167,0.9715,0.8785,0.898,1.117,1.101,1.059,1.1075,1.176,1.284,1.1875,1.083,1.1385,1.172,1.1655,1.0795,0.9855,1.1015,0.835,1.103,1.0865,0.759,1.005,1.1065,0.8775,1.067,1.7245,1.7915,1.8825,1.7385,1.1745,1.867,1.7795,1.718,1.5725,1.74,1.3385,1.18,1.169,1.278,1.2325,1.575,1.5235,1.3685,1.3415,1.2035,1.237,1.6725,1.505,1.2455,1.1505,1.327,1.24,1.08,0.932,1.262,1.0955,1.04,1.043,1.1845,1.084,1.11,1.2215,1.318,0.9995,1.175,0.9175,1.058,0.9945,1.1695,1.132,1.2165,0.677,0.5545,0.6635,0.726,0.8945,1.0185,0.476,0.515,0.943,0.982,0.755,0.959,0.829,0.651,0.978,0.9725,1.0515,0.861,0.697,0.7835,1.119,1.248,0.966,0.964,0.725,0.649,0.605,0.505,0.677,0.92,0.96,0.88,1.276,0.994,1.278,1.274,0.324,NA,NA,NA,NA,NA,NA,NA,NA,NA,NA,NA,NA,NA
"62","CO","ABLA","H","01L","ABLA-H-01L",0.106,0.8895,0.909,0.98,1.0565,0.9205,0.86,0.59,0.633,0.676,0.7385,0.802,0.79,0.6845,0.7255,0.6805,0.6335,0.795,0.848,0.7785,0.802,0.9855,0.99,0.771,0.8625,0.933,0.945,1.0715,1.0385,1.079,0.9455,1.0745,0.989,0.948,1.055,0.939,0.7265,1.2155,1.0665,1.171,0.8975,0.9395,1.1815,1.486,1.5885,1.4655,1.402,1.8705,1.735,1.8015,1.505,1.6635,1.5205,1.663,1.45,1.638,1.363,1.451,1.437,1.434,1.5035,1.3805,1.2365,1.304,1.837,1.827,1.512,1.2905,1.3995,1.174,1.2525,1.4255,1.4315,1.3035,1.266,1.3915,1.258,1.1665,1.081,0.853,0.918,0.8385,1.019,0.9365,0.8515,0.835,0.8455,0.891,0.78,0.7475,0.5965,0.627,0.61,0.665,0.7185,0.58,0.638,0.607,0.69,0.7265,0.7335,0.726,0.71,0.964,1.031,1.154,1.067,1.0245,1.1565,1.1835,1.3035,1.011,1.046,1.059,1.121,1.025,0.501,NA,NA,NA,NA,NA,NA,NA,NA,NA,NA,NA,NA,NA,NA,NA,NA,NA,NA,NA,NA,NA,NA
"63","CO","ABLA","H","02H","ABLA-H-02H",0.1575,1.035,1.1635,1.004,1.2755,1.0135,0.908,0.8335,0.8325,0.8115,0.951,1.1665,1.407,1.196,1.3205,1.349,1.2615,1.2605,0.967,0.999,1.111,1.1685,1.094,1.1975,1.0345,1.131,1.151,1.0775,0.9815,1.0015,1.224,1.309,1.025,0.6975,1.0595,0.9205,0.836,0.9045,0.729,0.7355,0.729,0.656,0.821,1.6235,1.737,1.437,1.429,1.3825,1.9545,1.826,1.5245,1.433,1.241,1.441,1.4935,1.676,1.8715,1.7485,1.824,1.8575,1.6055,1.2045,1.084,1.432,2.133,2.2955,1.9815,1.7115,1.9405,1.5845,1.295,1.327,1.5445,1.499,1.1475,1.9505,2.017,1.6265,1.517,1.363,1.1875,0.801,1.4025,1.3395,0.715,0.7095,1.0035,1.289,1.0215,0.991,1.056,0.596,0.392,0.524,0.422,0.362,0.348,0.359,0.288,0.212,NA,NA,NA,NA,NA,NA,NA,NA,NA,NA,NA,NA,NA,NA,NA,NA,NA,NA,NA,NA,NA,NA,NA,NA,NA,NA,NA,NA,NA,NA,NA,NA,NA,NA,NA,NA,NA,NA,NA
"64","CO","ABLA","H","02L","ABLA-H-02L",0.1175,1.075,1.3205,1.152,1.526,1.475,1.2615,1.2975,1.474,1.1015,0.7665,1.314,1.632,1.302,0.9365,1.061,0.836,1.1955,1.0145,0.6415,0.827,0.983,0.8055,0.7455,0.892,0.946,0.9325,0.889,1.025,1.025,0.9205,0.722,0.7555,0.7505,0.975,0.7655,0.78,0.8985,1.007,0.9615,1.2655,0.778,0.773,1.62,2.0135,1.1085,0.8695,0.962,0.677,0.8965,1.266,1.355,1.2255,1.2085,1.117,1.088,1.2595,1.206,1.324,1.3685,1.413,1.267,0.8755,1.587,1.476,1.629,1.495,1.454,1.503,1.446,0.6,NA,NA,NA,NA,NA,NA,NA,NA,NA,NA,NA,NA,NA,NA,NA,NA,NA,NA,NA,NA,NA,NA,NA,NA,NA,NA,NA,NA,NA,NA,NA,NA,NA,NA,NA,NA,NA,NA,NA,NA,NA,NA,NA,NA,NA,NA,NA,NA,NA,NA,NA,NA,NA,NA,NA,NA,NA,NA,NA,NA,NA,NA,NA,NA,NA,NA,NA,NA
"65","CO","ABLA","H","03H","ABLA-H-03H",0.0925,0.9285,1.0485,0.783,0.977,0.8535,1.0205,0.861,0.958,0.8195,0.663,0.938,1.119,1.0985,1.1085,1.118,0.948,1.0355,0.9395,0.8735,0.7715,0.9075,0.887,0.871,0.9445,1.099,1.0775,0.972,0.94,0.9085,0.981,1.193,0.844,0.6965,1.1825,0.959,0.981,0.906,0.871,1.0715,1.1195,0.879,0.9285,1.1535,1.267,1.082,0.977,1.217,1.229,1.3725,1.2305,1.263,1.2625,1.2805,1.1755,1.1135,1.19,1.145,1.1665,1.432,1.2435,1.097,1.171,1.108,1.181,1.6095,1.647,1.299,1.12,1.139,1.016,0.9635,1.269,1.4775,1.4785,1.519,1.273,1.384,1.227,1.017,1.095,1.458,1.6055,1.464,1.6695,1.4885,1.474,1.157,1.57,2.224,2.453,0.5115,NA,NA,NA,NA,NA,NA,NA,NA,NA,NA,NA,NA,NA,NA,NA,NA,NA,NA,NA,NA,NA,NA,NA,NA,NA,NA,NA,NA,NA,NA,NA,NA,NA,NA,NA,NA,NA,NA,NA,NA,NA,NA,NA,NA,NA,NA,NA
"66","CO","ABLA","H","03L","ABLA-H-03L",0.286,0.592,0.7185,0.644,0.7035,0.6265,0.5275,0.596,0.501,0.4985,0.4955,0.684,0.8125,1.039,0.989,0.8275,0.7005,0.942,0.9045,0.8275,0.722,0.918,0.8045,0.7525,0.709,0.8265,0.821,0.821,0.794,0.786,0.941,0.9275,0.8705,0.802,0.952,1.0075,0.987,0.9775,0.914,0.883,0.8555,0.767,0.985,0.916,1.0395,1.169,1.4915,1.3745,1.6275,1.652,1.8445,1.9635,1.848,1.72,1.377,1.7005,1.8175,1.6905,2.004,2.003,1.713,1.6355,1.383,1.7725,2.1935,2.2395,2.411,0.686,NA,NA,NA,NA,NA,NA,NA,NA,NA,NA,NA,NA,NA,NA,NA,NA,NA,NA,NA,NA,NA,NA,NA,NA,NA,NA,NA,NA,NA,NA,NA,NA,NA,NA,NA,NA,NA,NA,NA,NA,NA,NA,NA,NA,NA,NA,NA,NA,NA,NA,NA,NA,NA,NA,NA,NA,NA,NA,NA,NA,NA,NA,NA,NA,NA,NA,NA,NA,NA,NA,NA
"67","CO","ABLA","H","04H","ABLA-H-04H",0.131,0.443,0.6755,0.4965,0.655,0.687,0.6665,0.5605,0.5715,0.455,0.402,0.423,0.7295,0.74,0.6865,0.6965,0.5495,0.6445,0.6865,0.6455,0.5705,0.486,0.55,0.6195,0.4785,0.7275,0.697,0.786,0.7085,0.6945,0.7075,0.5905,0.4855,0.5165,0.517,0.516,0.5165,0.4215,0.526,0.4005,0.474,0.4315,0.4835,0.704,0.649,0.649,0.6375,0.7395,0.853,0.7895,0.6945,0.53,0.6055,0.543,0.606,0.606,0.7415,0.511,0.676,0.603,0.5815,0.6225,0.581,0.6385,0.7145,0.768,0.6925,0.6195,0.619,0.5885,0.4835,0.5995,0.62,0.5465,0.4945,0.631,0.631,0.578,0.6105,0.4115,0.59,0.4945,0.5985,0.598,0.545,0.4945,0.5125,0.5035,0.4395,0.4175,0.4395,0.428,0.5225,0.428,0.393,0.34,0.4415,0.378,0.4095,0.473,0.555,0.4905,0.429,0.463,0.5255,0.514,0.5205,0.449,0.488,0.457,0.407,0.358,0.4575,0.448,0.3585,0.5005,0.3835,0.3665,0.521,0.433,0.3685,0.5315,0.4815,0.4165,0.497,0.385,0.3445,0.374,0.4225,0.3595,0.301,0.3535,0.344,0.3115,0.332,0.5395,0.4185,0.2865,0.3485
"68","CO","ABLA","H","04L","ABLA-H-04L",0.153,0.6865,0.989,0.9035,0.995,1.04,0.993,0.9105,1.0215,0.9285,0.739,0.904,1.2915,1.0595,0.949,0.9985,0.9855,1.1425,1.238,0.987,0.87,1.091,1.083,1.1665,1.0605,1.4185,1.416,1.5865,1.1635,1.1755,1.083,1.1585,0.9475,1.0515,1.26,0.9965,1.0795,0.9845,1.2455,1.193,1.2245,0.978,0.6695,1.2315,1.775,1.2975,0.973,1.2355,1.4855,1.5025,1.343,1.2365,1.0905,1.0875,0.8775,0.868,1.171,1.1305,1.442,1.328,1.0975,0.9615,1.011,1.0015,1.1785,1.302,1.083,0.7625,0.9925,0.9195,0.7015,0.786,0.994,0.9295,0.8205,0.8225,0.771,0.903,0.9335,1.1795,1.41,1.317,1.4045,1.1915,1.1145,1.0535,1.321,1.3535,1.4325,1.366,1.343,1.2225,1.243,1.2765,1.2145,1.224,1.112,1.2685,1.3,1.3575,1.302,1.307,0.9815,1.181,1.211,1.0875,0.7255,0.864,1.371,0.824,1.028,0.556,NA,NA,NA,NA,NA,NA,NA,NA,NA,NA,NA,NA,NA,NA,NA,NA,NA,NA,NA,NA,NA,NA,NA,NA,NA,NA,NA
"69","CO","ABLA","H","05H","ABLA-H-05H",0.152,0.853,0.854,0.714,0.883,0.749,0.749,0.664,0.7585,0.494,0.524,0.5895,0.966,0.8645,1.0205,1.1355,0.8945,0.8935,0.799,0.8925,1.0285,1.0245,0.929,0.9155,1.175,1.0675,1.268,1.3115,0.872,0.9765,1.1085,1.099,0.8725,0.8205,1.0715,1.1565,1.1695,1.368,1.245,1.2085,0.9045,1.0835,1.3205,1.821,2.1905,1.6855,1.737,2.073,2.5255,2.6625,2.3995,1.844,1.642,1.556,1.3635,1.748,1.389,1.544,2.0605,1.99,1.883,1.3455,2.282,1.7985,1.5935,1.402,1.495,1.425,1.531,1.1995,1.048,1.2355,1.5455,1.498,1.5915,1.3515,1.162,1.322,1.4255,1.49,1.191,0.9815,1.1375,1.0295,0.935,1.084,1.2985,1.287,1.3765,0.925,0.875,0.998,1.037,0.987,1.1,1.319,1.282,1.029,1.072,1.603,NA,NA,NA,NA,NA,NA,NA,NA,NA,NA,NA,NA,NA,NA,NA,NA,NA,NA,NA,NA,NA,NA,NA,NA,NA,NA,NA,NA,NA,NA,NA,NA,NA,NA,NA,NA,NA,NA,NA
"70","CO","ABLA","H","05L","ABLA-H-05L",0.258,1.974,1.817,1.4855,1.824,1.981,1.89,1.655,1.819,1.506,1.3755,2.2535,2.7935,2.661,2.358,2.255,1.752,2.2925,2.158,1.9435,1.8915,2.1135,2.156,1.56,1.8645,2.079,1.875,2.424,1.867,2.0055,1.957,2.0565,2.0065,1.458,1.681,1.611,2.044,1.611,1.486,1.6255,1.5325,1.593,1.1895,2.131,3.184,2.5255,1.742,2.1635,2.3915,2.301,2.0695,1.493,1.346,0.961,1.2505,1.605,1.194,0.8515,0.8065,0.637,0.943,1.0945,1.1415,1.225,1.046,0.4815,0.517,0.534,0.385,0.343,0.501,0.626,0.852,0.628,0.402,0.334,0.45,0.485,0.81,0.595,0.372,1.532,0.412,NA,NA,NA,NA,NA,NA,NA,NA,NA,NA,NA,NA,NA,NA,NA,NA,NA,NA,NA,NA,NA,NA,NA,NA,NA,NA,NA,NA,NA,NA,NA,NA,NA,NA,NA,NA,NA,NA,NA,NA,NA,NA,NA,NA,NA,NA,NA,NA,NA,NA,NA,NA,NA,NA,NA,NA
"71","CO","ABLA","H","06H","ABLA-H-06H",0.127,0.754,0.871666666666667,0.775666666666667,1.082,0.756,0.769333333333333,0.610333333333333,0.8,0.667666666666667,0.715333333333333,0.496666666666667,0.940666666666667,0.897666666666667,0.912333333333333,1.01966666666667,0.903,0.991666666666667,0.765333333333333,0.762666666666667,0.800333333333333,1.02766666666667,0.953666666666667,0.833,0.96,0.997333333333333,0.97,1.01933333333333,0.956666666666667,0.894333333333333,0.949333333333333,1.03866666666667,0.996666666666667,0.887666666666667,0.926666666666667,1.07233333333333,1.025,1.16366666666667,1.02366666666667,1.02366666666667,0.883666666666667,1.099,1.071,1.48833333333333,1.84066666666667,1.709,1.76633333333333,2.50633333333333,1.323,1.512,1.62,1.592,1.505,1.56766666666667,1.46666666666667,1.39333333333333,1.28333333333333,1.383,1.511,1.572,1.59133333333333,1.51933333333333,1.21533333333333,1.32766666666667,1.43733333333333,1.28433333333333,1.18066666666667,1.11566666666667,1.19866666666667,1.05566666666667,1.14066666666667,1.35166666666667,1.46,1.19933333333333,1.18633333333333,1.31666666666667,1.30566666666667,1.28333333333333,1.40133333333333,1.32566666666667,1.12133333333333,1.06366666666667,1.25033333333333,1.16633333333333,1.22866666666667,1.319,1.36266666666667,1.38666666666667,1.51566666666667,1.203,1.193,1.037,1.088,1.326,1.2145,0.836,0.8465,1.287,1.184,1.356,1.628,1.7065,1.6805,1.5855,1.6855,1.767,2.124,1.839,1.6915,1.5695,1.4125,1.4145,1.47,1.385,1.576,1.2665,1.4065,1.139,1.565,0.916,0.611,1.183,1.165,1.273,1.378,1.39,1.784,2.044,NA,NA,NA,NA,NA,NA,NA,NA,NA,NA,NA
"72","CO","ABLA","H","06L","ABLA-H-06L",0.1725,1.31,1.027,1.2745,1.261,0.8285,0.7045,0.651,0.7545,0.589,0.7745,0.769,0.7295,0.717,0.5785,0.6255,0.5935,0.681,0.598,0.6945,0.687,0.8795,0.8235,0.6455,0.87,0.8535,0.78,0.7295,0.7635,0.7325,0.7335,0.885,0.707,0.434,0.696,0.6875,0.6075,0.6965,0.3575,0.4915,0.3945,0.4175,0.507,0.832,1.148,1.2325,1.5835,1.717,1.1125,1.009,0.9375,0.9085,0.8165,0.9045,0.8905,0.819,0.6465,0.7625,1.052,0.99,0.895,0.5655,1.0525,1.0655,1.1185,1.1315,1.143,0.967,0.94,0.834,0.9155,1.0205,0.9825,1.3035,1.2635,0.9645,0.952,0.984,1.147,1.1825,1.132,0.9475,1.1585,1.309,1.2635,1.348,0.9595,1.148,1.1815,1.0475,0.8545,0.8335,0.78,0.621,0.7225,0.6275,0.715,0.5915,0.7265,0.871,1.115,1.158,1.134,1.1245,0.627,0.884,0.9695,0.862,0.884,1.0915,1.193,0.8725,1.0915,1.263,1.1485,1.445,1.316,1.074,1.2165,1.2895,0.805,0.828,1.0035,0.8795,0.789,0.977,0.796,0.946,1.1165,0.729,0.941,0.8135,0.8595,0.535,0.674,0.5855,0.5775,0.5395,0.434
"73","CO","ABLA","H","07H","ABLA-H-07H",0.1215,0.8965,0.896,0.828,0.9935,1.0175,0.936,0.8075,0.9885,0.7555,0.772,0.738,0.9795,0.931,0.76,0.8155,0.634,0.786,0.8745,0.9975,0.9135,0.9225,0.8285,0.92,1.0475,0.9655,0.927,0.757,0.7225,0.6395,0.8135,0.6895,0.574,0.493,0.697,0.708,0.873,0.9615,0.818,0.966,1.0225,1.0755,1.201,1.7375,2.424,2.54,2.6265,2.42,1.608,1.727,2.0225,1.908,1.7245,1.868,1.9915,2.151,1.4335,1.5995,1.654,1.655,1.814,1.782,1.811,1.6215,1.773,1.622,1.6415,1.5045,1.581,1.3575,1.3435,1.5025,1.237,1.278,1.197,0.92,1.022,1.134,1.076,1.438,1.281,0.797,1.434,1.1795,1.112,1.0805,1.1915,1.379,1.493,1.188,1.012,1.215,1.133,1.283,1.464,1.1625,0.686,0.5485,0.886,0.8985,1.4905,1.4985,1.2615,1.291,0.9945,1.455,1.16,1.211,1.0885,1.4855,1.38,1.6545,1.5125,1.5685,1.534,1.333,0.927,1.047,1.544,1.09,NA,NA,NA,NA,NA,NA,NA,NA,NA,NA,NA,NA,NA,NA,NA,NA,NA,NA,NA
"74","CO","ABLA","H","07L","ABLA-H-07L",0.169,0.8055,0.715,0.611,0.7485,0.634,0.768,0.7045,0.9105,0.899,0.9355,0.989,1.1785,1.0745,0.916,0.9325,0.7075,0.9155,1.008,0.8935,0.803,0.877,0.9025,0.801,0.6995,0.7005,0.6695,0.6855,0.68,0.785,0.7155,0.763,0.5855,0.4905,0.5835,0.539,0.6735,0.661,0.645,0.609,0.6505,0.5895,0.838,1.1285,1.15,0.9935,1.0045,1.079,1.026,1.2575,1.2015,1.272,1.1795,1.287,1.295,1.2975,1.0615,1.2625,1.8875,2.0615,1.897,1.2425,1.9035,1.9665,2.1,2.104,2.188,2.213,2.1095,2.012,1.9735,2.0465,2.177,2.4525,2.295,2.006,1.694,1.8705,2.1635,2.3415,2.3505,2.327,2.3085,2.117,1.9585,2.136,2.1255,1.9335,2.2195,2.0715,1.665,1.5775,1.6355,1.419,1.5225,1.721,1.3195,1.233,1.6495,1.3555,1.8845,1.878,1.9225,1.6175,1.2885,1.6585,1.4315,1.404,1.434,2.1185,1.861,2.31,2.1395,2.167,1.6165,1.4685,1.3285,1.4395,1.1665,1.3005,0.9235,1.1895,0.7885,0.915,0.866,0.96,2.043,0.298,NA,NA,NA,NA,NA,NA,NA,NA,NA,NA,NA
"75","CO","ABLA","H","08H","ABLA-H-08H",0.1145,1.135,1.085,0.9795,1.1585,0.969,0.999,0.8405,0.9145,0.8025,0.6445,0.7495,0.7495,1.042,0.913,1.0615,0.956,1.028,0.979,0.9525,0.616,1.033,0.8025,0.729,1.1085,0.9685,0.9255,0.904,0.799,0.83,0.894,0.7155,0.5695,0.528,0.5595,0.538,0.5375,0.6215,0.4735,0.4195,0.356,0.376,0.47,0.573,0.5825,0.5605,0.674,0.9605,0.6575,0.591,0.738,0.8525,0.7185,0.886,0.94,1.09,0.6935,0.6925,0.9765,0.866,1.196,0.9375,0.843,1.002,1.1715,1.0525,0.8425,0.79,0.948,0.8705,0.8095,1.315,1.2775,1.1235,1.385,1.2895,1.1205,0.9995,0.88,0.709,0.5395,0.453,0.631,0.6645,0.675,0.752,0.854,0.8835,0.7765,0.8165,0.748,0.7985,0.798,0.5845,0.5525,0.3975,0.645,0.682,1.025,0.915,0.4855,0.479,0.481,0.389,0.326,0.378,0.528,0.492,0.839,0.701,0.718,0.589,0.695,0.527,0.339,0.549,0.591,0.656,1.053,0.935,0.633,0.888,0.928,0.58,0.599,0.619,0.623,0.845,NA,NA,NA,NA,NA,NA,NA,NA,NA,NA,NA
"76","CO","ABLA","H","08L","ABLA-H-08L",0.0895,1.2475,1.152,1.3475,1.5825,1.316,1.3965,1.186,1.1195,1.02,1.0935,1.3015,1.2645,0.973,0.9605,0.8825,0.9385,0.8755,0.712,0.9525,1.0085,1.128,1.0875,1.11,1.2425,1.219,0.991,0.9465,1.03,1.0905,1.065,1.284,1.236,1.104,1.3965,1.3085,0.791,1.3965,0.8265,1.626,1.4905,1.5785,1.4755,1.6625,2.1585,2.0395,2.3005,1.754,1.763,2.323,2.385,1.905,1.89,2.0425,1.955,1.9465,1.4045,1.419,1.789,1.7095,1.618,1.135,1.3725,1.697,1.8245,1.2055,0.204,NA,NA,NA,NA,NA,NA,NA,NA,NA,NA,NA,NA,NA,NA,NA,NA,NA,NA,NA,NA,NA,NA,NA,NA,NA,NA,NA,NA,NA,NA,NA,NA,NA,NA,NA,NA,NA,NA,NA,NA,NA,NA,NA,NA,NA,NA,NA,NA,NA,NA,NA,NA,NA,NA,NA,NA,NA,NA,NA,NA,NA,NA,NA,NA,NA,NA,NA,NA,NA,NA,NA,NA
"77","CO","ABLA","H","09H","ABLA-H-09H",0.1935,1.337,1.229,1.2755,1.5245,1.5025,1.458,1.4325,1.4045,1.2255,1.056,1.076,1.289,1.2145,1.141,1.257,1.2155,1.2715,1.0845,1.1275,1.1565,1.349,1.3365,1.271,1.229,1.3,1.3395,1.327,1.3585,1.348,1.3055,1.462,1.127,0.8365,1.287,1.2625,1.513,1.468,1.4055,1.399,1.357,1.395,1.419,1.929,2.372,2.098,2.4435,2.548,1.72,1.728,1.761,1.464,1.572,1.6435,1.378,1.186,1.0775,0.962,1.2325,1.2855,1.2335,1.134,1.219,1.262,1.499,1.6695,1.6935,1.2935,1.4485,1.49,1.357,1.267,1.447,1.639,1.396,1.46,1.4945,1.577,1.57,1.5725,1.3645,1.1235,1.397,1.2395,1.2395,1.47,1.5675,1.618,1.8125,1.485,1.4215,1.2865,1.3185,1.4655,1.6955,1.4955,1.28,1.458,1.8005,1.6295,2.029,2.2175,2.2975,2.0105,1.2315,2.199,2.225,1.853,1.8685,2.1365,2.0485,2.2945,2.517,2.159,1.451,2.122,1.852,1.6565,1.912,2.2125,1.744,3.876,1.43,1.04,1.33,1.036,0.82,0.536,0.611,0.633,1.045,1.501,1.371,1.617,1.776,4.476,NA,NA,NA
"78","CO","ABLA","H","09L","ABLA-H-09L",0.291,1.1675,1.254,1.127,2.063,1.8545,1.758,1.581,1.721,1.3275,1.115,1.6655,1.883,1.804,1.602,1.841,1.505,1.8335,1.528,1.6085,1.782,1.8535,1.602,1.432,1.4265,1.5335,1.8405,1.5005,1.392,1.2195,1.29,1.3725,1.0885,0.93,1.11,1.278,1.2065,1.243,1.0545,1.2045,1.0795,1.051,1.082,1.3345,1.623,1.3975,1.574,1.6505,1.3135,1.505,1.503,1.43,1.3575,1.4245,1.2155,1.296,1.1745,1.0385,1.23,1.209,1.262,1.103,1.135,1.1935,1.316,1.4185,1.3365,1.1935,1.148,1.152,1.123,1.3775,1.3825,1.344,1.229,1.087,1.2175,1.2705,1.303,1.082,1.0295,0.967,1.0275,1.06,0.932,0.962,0.714,0.8335,0.751,0.8315,0.763,0.891,0.888,0.8145,1.0215,0.916,0.9435,1.0175,1.2035,1.155,1.152,1.0445,0.893,0.897,0.749,0.754,0.832,0.6575,0.7925,0.8425,0.934,0.6655,0.528,0.669,0.65,0.861,0.846,0.565,0.858,0.696,0.528,0.761,0.824,0.655,0.485,0.527,0.485,0.632,0.779,0.527,0.57,0.612,0.781,0.527,0.527,0.674,0.606,0.64,0.575
"79","CO","ABLA","H","10H","ABLA-H-10H",0.2475,0.7755,0.934,0.8615,1.055,1.001,1.129,0.857,0.756,0.6645,0.8415,0.9785,1.1835,1.1975,0.976,1.0565,1.0155,1.053,1.085,1.106,1.198,1.2365,1.1725,1.168,1.189,1.3525,1.263,1.256,1.1575,1.118,0.961,1.026,0.931,0.7185,1.0035,1.1155,1.004,1.077,0.857,0.7615,0.7455,0.731,0.8275,1.226,1.574,1.6055,1.671,1.778,1.4485,1.5735,1.506,1.336,1.495,1.4735,1.5265,1.4215,1.2025,1.3205,1.344,1.136,1.0595,1.1245,1.211,1.221,1.338,1.2175,0.9435,0.6685,1.2295,0.9115,0.823,0.995,1.037,1.3165,1.285,1.5335,1.385,1.6285,1.7875,1.3095,1.7105,1.126,1.5085,1.429,1.02,1.1645,1.3955,1.9905,1.8455,1.9215,1.969,2.364,NA,NA,NA,NA,NA,NA,NA,NA,NA,NA,NA,NA,NA,NA,NA,NA,NA,NA,NA,NA,NA,NA,NA,NA,NA,NA,NA,NA,NA,NA,NA,NA,NA,NA,NA,NA,NA,NA,NA,NA,NA,NA,NA,NA,NA,NA,NA
"80","CO","ABLA","H","10L","ABLA-H-10L",0.099,1.284,1.225,1.242,1.5515,1.3045,1.2305,1.231,1.325,1.1685,1.3175,1.49,2.279,2.2565,1.7275,1.8025,1.553,2.012,1.546,1.4135,1.492,1.7815,1.815,1.6815,1.5755,2.0065,1.9025,2.1345,1.9485,1.342,1.376,1.7705,1.4775,1.083,1.2435,1.559,1.845,1.935,1.646,1.7545,1.2625,1.9305,1.6035,1.7865,1.607,1.581,1.8755,2.2605,1.8555,2.487,2.546,2.2675,2.1615,2.231,2.3565,2.0205,1.787,1.8385,1.997,2.092,1.8705,1.353,1.7125,1.986,1.933,2.0445,2.055,1.9875,1.4565,1.4195,1.767,1.365,1.0305,2,1.376,1.7295,1.611,1.581,1.1715,1.5085,1.427,1.199,2.0965,1.3965,1.1515,0.7735,0.8565,0.194,1.1665,NA,NA,NA,NA,NA,NA,NA,NA,NA,NA,NA,NA,NA,NA,NA,NA,NA,NA,NA,NA,NA,NA,NA,NA,NA,NA,NA,NA,NA,NA,NA,NA,NA,NA,NA,NA,NA,NA,NA,NA,NA,NA,NA,NA,NA,NA,NA,NA,NA,NA
"81","CO","ABLA","H","11H","ABLA-H-11H",0.108,0.531,0.482,0.467,0.749,0.575,0.529,0.4135,0.46,0.461,0.461,0.471,0.6755,0.7195,0.5455,0.4545,0.2885,0.45,0.4295,0.463,0.4035,0.3735,0.3995,0.566,0.6465,0.843,0.889,0.7965,0.664,0.4845,0.5545,0.638,0.5265,0.432,0.557,0.515,0.715,0.848,0.6065,0.781,0.601,0.506,0.517,0.824,1.173,1.0145,1.3635,2.5635,1.192,1.264,1.434,1.477,1.352,1.312,1.322,1.544,1.244,1.443,1.5185,1.602,1.309,1.2585,1.044,1.121,1.127,1.2425,1.188,0.9355,0.905,0.862,0.7945,0.899,0.948,0.905,0.915,0.953,0.792,0.9325,0.9255,1.2075,1.1385,0.6625,0.833,0.773,0.759,0.7185,0.651,0.8905,1.0115,0.8335,0.978,1.159,1.243,0.75,0.823,0.402,0.362,0.3205,0.2815,0.274,0.4975,0.442,0.4005,0.631,0.853,1.272,1.3935,1.3065,1.4415,1.056,1.3905,1.3695,1.485,1.228,1.7765,2.0165,3.1665,2.4455,NA,NA,NA,NA,NA,NA,NA,NA,NA,NA,NA,NA,NA,NA,NA,NA,NA,NA,NA,NA,NA
"82","CO","ABLA","H","11L","ABLA-H-11L",0.1115,1.315,1.3545,1.218,1.3435,1.371,1.284,1.2015,1.318,1.192,1.331,1.4025,1.901,1.4425,1.283,1.361,1.297,1.3725,1.546,1.314,1.4545,1.3605,1.379,1.421,1.608,1.5325,1.467,1.5,1.522,1.476,1.232,1.2425,1.158,1.008,1.2675,1.245,1.1265,1.186,1.0935,1.1085,1.002,0.9375,1.056,1.557,1.8855,1.829,1.7115,1.743,1.4905,1.7985,1.6195,1.5035,1.4535,1.4965,1.557,1.4405,1.296,1.4595,1.444,1.4955,1.5565,1.4355,1.2695,1.2755,1.518,1.621,1.249,1.295,1.3125,1.3505,1.1155,1.0765,1.408,1.041,0.964,1.344,1.048,1.0095,1.241,0.859,0.995,0.85,1.2285,0.9375,0.813,0.8095,1.06,1.196,0.5695,0.489,0.6305,0.516,0.4095,0.3765,0.3055,0.2735,0.2225,0.181,0.1815,0.1975,0.268,0.206,0.247,0.24,0.262,0.383,0.519,0.5555,0.577,1.248,0.799,NA,NA,NA,NA,NA,NA,NA,NA,NA,NA,NA,NA,NA,NA,NA,NA,NA,NA,NA,NA,NA,NA,NA,NA,NA,NA,NA,NA
"83","CO","ABLA","H","12H","ABLA-H-12H",0.0945,0.894,0.909,0.7365,1.2095,1.322,1.2165,1.1595,1.0105,0.627,0.5665,0.663,1.004,1.155,1.0085,0.937,0.6685,0.6595,0.6455,0.697,0.749,0.688,0.662,0.6115,0.804,0.921,0.9625,0.8895,0.7015,0.924,0.832,0.837,0.775,0.837,0.879,0.846,0.9615,0.993,0.7945,0.742,0.5635,0.7095,0.7805,1.061,1.2735,1.3085,1.518,1.658,1.324,1.3215,1.067,1.056,0.9145,0.914,1.1135,1.0925,1.1535,1.0575,1.222,0.9905,1.0625,0.9595,0.9505,1.0555,1.372,1.55,1.4155,1.181,1.1925,1.087,1.0025,1.162,1.3385,1.3165,1.161,1.3195,1.2125,1.2635,0.95,1.136,1.41,0.8205,1.1265,0.9485,0.6845,0.8535,1.2315,1.4675,1.072,1.0405,0.8645,1.097,0.9705,1.034,1.0425,1.253,1.1845,0.862,1.159,1.0785,1.2445,1.6845,1.449,0.8895,1.109,1.4205,1.4085,1.5325,5.745,NA,NA,NA,NA,NA,NA,NA,NA,NA,NA,NA,NA,NA,NA,NA,NA,NA,NA,NA,NA,NA,NA,NA,NA,NA,NA,NA,NA,NA,NA
"84","CO","ABLA","H","12L","ABLA-H-12L",0.4755,1.9545,2.041,1.5745,2.548,2.369,1.923,1.7145,1.9235,1.664,1.828,1.8775,2.276,1.751,1.822,1.791,1.296,1.53,1.6785,1.3835,1.415,1.691,1.788,1.826,1.8085,2.1225,2.232,2.194,2.1255,1.81,2.0025,1.946,1.7575,1.4925,1.5755,1.2835,1.373,1.2355,1.0975,1.17,1.095,1.2005,1.5465,2.017,2.1805,1.948,1.7895,2.3355,1.709,1.7985,1.9405,2.14,1.977,2.169,2.0395,2.054,1.514,1.5375,1.542,1.202,0.73,1.279,0.896,0.7935,0.6925,0.7805,0.756,0.6515,0.689,0.561,0.4775,0.5825,0.5835,0.594,0.5915,0.5315,0.49,0.6135,0.693,0.538,0.4355,0.4355,0.425,0.4665,0.4255,0.405,0.396,0.407,0.407,0.438,0.318,0.27,0.4255,0.3125,0.282,0.261,0.2395,0.3235,0.3025,0.3945,0.4485,0.5415,0.3115,0.219,0.1875,0.251,0.335,0.386,0.716,0.8605,0.975,0.8055,0.7475,0.6935,0.4665,0.526,0.4575,0.383,0.474,0.445,0.351,0.424,0.528,0.414,0.4145,0.5605,0.5295,0.5605,0.611,0.5285,0.5535,0.5085,0.5835,0.5265,0.4965,0.5065,0.4545,0.376,0.3785
"85","CO","ABLA","H","13H","ABLA-H-13H",0.215,1.414,1.557,1.4805,1.785,1.461,1.2655,1.2805,1.309,0.871,0.7595,0.968,1.662,1.5325,1.3925,1.741,1.1815,1.4235,1.3285,1.2305,1.244,1.748,1.8925,1.7755,1.3595,1.7785,1.813,1.668,1.2835,1.38,1.4775,1.247,1.4585,1.247,1.458,1.318,1.4575,1.547,1.515,1.6735,1.717,1.782,1.4045,2.3745,3.09,2.7035,2.6665,3.0705,3.217,3.57,3.1125,2.543,2.5225,2.003,1.2515,1.4005,1.1705,0.937,1.069,1.134,1.3975,1.083,0.7065,0.8425,0.833,0.9125,0.959,1.0245,0.9695,0.8115,1.002,1.419,1.6165,1.285,1.2675,1.109,1.063,1.32,1.507,0.544,0.777,0.71,0.778,0.833,1.023,0.612,0.618,0.733,1.036,0.613,0.423,0.423,0.367,0.266,NA,NA,NA,NA,NA,NA,NA,NA,NA,NA,NA,NA,NA,NA,NA,NA,NA,NA,NA,NA,NA,NA,NA,NA,NA,NA,NA,NA,NA,NA,NA,NA,NA,NA,NA,NA,NA,NA,NA,NA,NA,NA,NA,NA,NA
"86","CO","ABLA","H","13L","ABLA-H-13L",0.6625,1.3395,1.657,1.286,1.836,2.001,1.8675,1.702,1.5145,1.0665,1.151,1.616,2.132,2.1415,2.035,1.845,1.379,1.4935,1.431,1.4525,1.569,1.511,1.3635,1.382,1.4765,1.7155,1.851,1.897,1.53,1.536,1.649,1.4305,1.208,1.1935,1.388,1.437,1.183,0.9385,0.8495,0.686,0.679,0.71,0.881,1.306,1.3615,1.351,2.0815,2.3985,1.847,1.9735,1.81,1.8685,1.7165,1.9475,1.7835,1.5155,1.4865,1.269,1.7565,1.7555,1.9,1.862,1.8065,1.9775,1.957,1.8215,1.933,1.772,2.068,1.609,1.404,1.5875,1.7105,1.6265,1.615,1.768,1.279,1.221,1.3845,1.2435,1.222,1.065,1.3665,0.9815,0.938,0.879,0.8555,0.7595,0.6505,0.4285,0.4395,0.6385,0.7,0.8025,0.9,0.734,0.776,0.84,0.8675,0.94,1.4655,1.347,1.297,0.85,0.559,0.6,0.408,0.28,0.48,0.88,0.819,0.757,0.694,0.527,0.417,0.398,0.416,0.516,0.712,1.106,0.991,0.629,0.926,0.63,0.938,NA,NA,NA,NA,NA,NA,NA,NA,NA,NA,NA,NA,NA,NA
"87","CO","ABLA","H","14H","ABLA-H-14H",0.153,0.346,0.446,0.497,0.6005,0.5635,0.5985,0.4755,0.507,0.392,0.4355,0.5265,0.8975,0.8925,0.7885,0.8095,0.6215,0.706,0.6435,0.675,0.6015,0.791,0.8115,0.7385,1.066,0.94,0.94,1.0875,0.9715,0.676,0.781,0.7815,0.676,0.6865,0.942,0.8565,0.7925,0.9515,0.93,0.835,1.14,0.992,0.8435,1.3105,1.99,1.5975,1.334,2.2825,1.826,1.58,1.538,1.78,1.3355,1.5145,1.558,1.6735,1.3005,1.446,1.536,1.386,1.318,1.338,1.313,1.461,1.6525,1.6705,1.411,1.5895,1.6285,1.411,1.09,1.4035,1.441,1.346,1.348,1.4605,1.143,1.43,1.4705,1.575,1.619,1.378,1.391,1.146,1.4105,1.4995,1.386,1.1995,1.405,1.2525,1.048,1.516,1.259,0.9285,0.985,1.1495,0.912,0.469,0.5025,0.83,1.2365,1.175,0.917,1.5485,0.587,0.764,NA,NA,NA,NA,NA,NA,NA,NA,NA,NA,NA,NA,NA,NA,NA,NA,NA,NA,NA,NA,NA,NA,NA,NA,NA,NA,NA,NA,NA,NA,NA,NA,NA
"88","CO","ABLA","H","14L","ABLA-H-14L",0.108,1.0445,0.8545,0.97,1.104,1.0105,1.001,0.78,0.982,0.6555,0.877,1.152,1.1085,0.981,0.8015,0.7155,0.612,0.802,0.8125,0.5395,0.549,0.625,0.537,0.632,0.781,0.751,0.6625,0.6005,0.389,0.3365,0.5235,0.5425,0.51,0.444,0.545,0.46,0.481,0.6165,0.4845,0.4635,0.404,0.562,0.5715,0.9445,1.266,1.162,1.0235,1.3155,1.2685,1.262,1.5325,1.361,1.6565,1.657,1.8015,1.5955,0.974,1.158,1.144,1.5645,1.867,1.2935,1.1975,1.1895,1.354,1.4565,1.637,1.637,1.5645,1.432,1.364,1.5195,1.436,1.4575,2.06,1.468,1.648,1.753,1.257,1.187,1.0145,0.6075,0.6575,0.6225,0.9075,1.0445,1.1075,0.7835,0.8975,0.816,0.7345,0.7685,0.791,0.86,1.3755,1.125,0.7795,1.3705,0.751,NA,NA,NA,NA,NA,NA,NA,NA,NA,NA,NA,NA,NA,NA,NA,NA,NA,NA,NA,NA,NA,NA,NA,NA,NA,NA,NA,NA,NA,NA,NA,NA,NA,NA,NA,NA,NA,NA,NA,NA
"89","CO","ABLA","H","15H","ABLA-H-15H",0.149,0.7485,0.8225,0.7635,0.807,0.7455,0.889,0.7125,0.6845,0.5965,0.7135,1.0325,1.148,0.9405,0.835,0.965,0.846,0.859,0.913,0.911,0.9035,0.947,0.946,1.049,0.908,1.13,1.0875,0.8835,0.778,0.8235,0.7985,0.8585,0.746,0.616,0.745,0.785,0.9,0.78,0.713,0.785,0.747,0.6135,0.618,0.8395,0.9415,0.6915,0.8485,1.389,1.257,1.5455,1.5575,1.1355,1.293,1.674,1.1615,1.2965,1.051,1.0535,1.243,1.4035,1.6275,1.3365,1.338,1.3165,1.475,1.598,1.44,1.2235,1.237,1.1205,1.109,1.097,1.276,1.3715,1.182,1.128,1.114,1.086,1.2015,1.141,1.177,1.0085,0.939,0.907,0.951,1.034,1.37,1.198,0.8585,0.8085,0.8295,0.665,0.5585,0.4745,0.6525,0.5965,0.5785,0.6025,0.794,0.897,0.7955,0.9055,0.364,0.141,0.118,0.079,0.118,0.112,0.184,0.329,0.296,0.683,1.123,0.682,0.619,1.21,NA,NA,NA,NA,NA,NA,NA,NA,NA,NA,NA,NA,NA,NA,NA,NA,NA,NA,NA,NA,NA,NA,NA
"90","CO","ABLA","H","15L","ABLA-H-15L",0.4935,2.5295,2.1655,2.1795,2.653,3.2765,3.5315,3.227,2.6765,2.739,2.2955,3.4485,3.8235,3.596,3.337,3.5715,3.066,3.0685,2.604,2.9685,2.856,3.252,3.258,3.1185,2.5905,2.331,2.3665,2.37,2.264,2.609,1.5935,2.216,2.2305,1.788,2.0995,1.798,2.59,1.852,2.3335,1.4,1.158,1.348,NA,NA,NA,NA,NA,NA,NA,NA,NA,NA,NA,NA,NA,NA,NA,NA,NA,NA,NA,NA,NA,NA,NA,NA,NA,NA,NA,NA,NA,NA,NA,NA,NA,NA,NA,NA,NA,NA,NA,NA,NA,NA,NA,NA,NA,NA,NA,NA,NA,NA,NA,NA,NA,NA,NA,NA,NA,NA,NA,NA,NA,NA,NA,NA,NA,NA,NA,NA,NA,NA,NA,NA,NA,NA,NA,NA,NA,NA,NA,NA,NA,NA,NA,NA,NA,NA,NA,NA,NA,NA,NA,NA,NA,NA,NA,NA,NA
"1","CO","ABLA","L","01H","ABLA-L-01H",0.1235,0.342,0.719,1.011,1.146,1.194,1.1695,1.0025,1.3025,0.8925,0.844,0.6585,1.1865,1.2295,1.4155,1.878,1.63,1.719,2.0645,1.825,2.192,2.6675,2.012,2.2225,2.308,3.141,2.495,2.386,2.199,2.5045,2.648,2.5515,2.751,3.011,3.4905,3.461,2.5585,3.5815,3.559,3.1775,3.4295,3.451,3.6115,4.4245,4.9755,4.418,4.7675,5.012,4.7725,3.471,3.8715,3.463,2.927,2.831,2.545,2.212,2.424,1.803,2.285,2.6275,2.466,2.241,1.8285,1.6495,1.641,1.996,2.05,0.9195,1.7325,1.572,2.4095,2.4995,4.4905,NA,NA,NA,NA,NA,NA,NA,NA,NA,NA,NA,NA,NA,NA,NA,NA,NA,NA,NA,NA,NA,NA,NA,NA,NA,NA,NA,NA,NA,NA,NA,NA,NA,NA,NA,NA,NA,NA,NA,NA,NA,NA,NA,NA,NA,NA,NA,NA,NA,NA,NA,NA,NA,NA,NA,NA,NA,NA,NA,NA,NA,NA,NA,NA,NA,NA
"2","CO","ABLA","L","01L","ABLA-L-01L",1.714,3.0445,3.3225,3.131,3.4395,3.354,3.38,4.2685,3.8685,3.7695,3.4885,3.9895,3.883,4.149,4.2875,3.815,3.447,3.918,4.385,3.9855,4.41,4.8445,5.0665,4.5765,3.8785,4.9825,3.5605,3.6925,3.3975,2.7615,3.2385,2.8825,3.766,2.029,4.219,1.061,NA,NA,NA,NA,NA,NA,NA,NA,NA,NA,NA,NA,NA,NA,NA,NA,NA,NA,NA,NA,NA,NA,NA,NA,NA,NA,NA,NA,NA,NA,NA,NA,NA,NA,NA,NA,NA,NA,NA,NA,NA,NA,NA,NA,NA,NA,NA,NA,NA,NA,NA,NA,NA,NA,NA,NA,NA,NA,NA,NA,NA,NA,NA,NA,NA,NA,NA,NA,NA,NA,NA,NA,NA,NA,NA,NA,NA,NA,NA,NA,NA,NA,NA,NA,NA,NA,NA,NA,NA,NA,NA,NA,NA,NA,NA,NA,NA,NA,NA,NA,NA,NA,NA
"3","CO","ABLA","L","02H","ABLA-L-02H",0.262,1.6575,1.9445,1.8305,2.285,2.642,2.2835,1.7235,2.2105,1.511,1.1905,0.693,1.883,2.039,2.5625,3.0265,2.7925,2.0475,2.4225,2.2585,2.681,2.631,2.552,2.4915,2.7265,3.3175,2.93,2.714,1.9545,1.7855,1.7345,1.708,1.869,1.575,2.7585,2.7155,2.1485,2.9255,3.252,3.1475,2.645,2.8905,3.138,4.1235,4.3785,4.078,3.764,4.382,3.9135,3.425,3.3835,2.793,2.0665,2.249,2.225,2.2035,1.786,1.858,3.1715,4.06,3.9595,2.9155,1.7435,1.6405,1.6095,1.982,6.0305,NA,NA,NA,NA,NA,NA,NA,NA,NA,NA,NA,NA,NA,NA,NA,NA,NA,NA,NA,NA,NA,NA,NA,NA,NA,NA,NA,NA,NA,NA,NA,NA,NA,NA,NA,NA,NA,NA,NA,NA,NA,NA,NA,NA,NA,NA,NA,NA,NA,NA,NA,NA,NA,NA,NA,NA,NA,NA,NA,NA,NA,NA,NA,NA,NA,NA,NA,NA,NA,NA,NA,NA
"4","CO","ABLA","L","02L","ABLA-L-02L",0.4435,1.141,1.4175,1.388,2.5035,2.6385,2.5535,1.9495,2.234,1.772,1.1415,1.622,1.9275,2.3965,2.6945,2.91,2.3535,2.555,2.551,2.229,2.662,2.937,2.953,3.19,3.061,3.369,3.135,2.3105,1.7635,1.787,1.989,1.788,1.682,1.512,1.639,1.5,1.4485,2.002,2.1615,1.937,1.585,1.854,2.002,2.487,2.8665,2.097,2.2475,1.966,2.038,1.7205,1.6215,1.865,1.475,1.3275,1.537,1.2635,1.2835,1.156,1.5575,1.6105,1.264,1.031,1.153,1.0585,1.2265,1.5545,1.6935,1.3115,1.3925,1.2585,1.375,1.3525,1.4395,1.1925,1.296,1.211,1.239,0.9295,1.0865,0.981,1.1345,1.2515,1.3305,1.217,1.1135,0.9845,1.076,1.2935,1.29,2.77,1.353,1.56,1.87,1.481,0.082,2.032,1.539,1.897,1.791,1.978,1.847,2.169,2.367,2.152,1.565,1.901,2.34,2.736,0.322,NA,NA,NA,NA,NA,NA,NA,NA,NA,NA,NA,NA,NA,NA,NA,NA,NA,NA,NA,NA,NA,NA,NA,NA,NA,NA,NA,NA,NA,NA
"5","CO","ABLA","L","03H","ABLA-L-03H",0.087,0.4715,0.635,0.597,0.808,0.902,0.944,0.7975,0.85,0.704,0.802,0.591,1.0385,1.0815,1.2195,1.5375,1.297,1.274,1.321,1.2865,1.005,1.3135,1.44,1.7285,1.4215,1.8985,1.665,1.718,1.4855,1.3925,1.5815,1.767,1.9285,1.2925,1.399,1.5935,1.6335,1.361,1.392,1.383,1.13,1.4265,1.714,2.1215,2.329,1.925,2.0975,2.0225,2.2025,2.385,2.1545,2.0985,1.9105,1.6475,2.14,1.929,1.8365,1.547,1.955,2.064,1.6775,1.627,1.7495,1.684,2.265,2.2165,2.0145,2.2605,1.9785,2.3155,1.9555,2.771,0.3455,NA,NA,NA,NA,NA,NA,NA,NA,NA,NA,NA,NA,NA,NA,NA,NA,NA,NA,NA,NA,NA,NA,NA,NA,NA,NA,NA,NA,NA,NA,NA,NA,NA,NA,NA,NA,NA,NA,NA,NA,NA,NA,NA,NA,NA,NA,NA,NA,NA,NA,NA,NA,NA,NA,NA,NA,NA,NA,NA,NA,NA,NA,NA,NA,NA,NA
"6","CO","ABLA","L","03L","ABLA-L-03L",0.1155,0.516,0.622,0.654,1.0635,1.3375,1.212,1.088,1.0415,0.786,0.791,0.8405,0.9965,1.098,1.1305,1.008,0.835,0.877,1.462,1.073,1.4195,1.4275,1.3815,1.558,1.7155,1.9995,2.0285,2.3045,1.896,1.8425,2.043,1.8805,1.746,1.6385,1.756,1.8035,1.9345,2.247,2.3395,2.0555,1.7,1.7455,1.751,2.5915,3.2545,2.3765,2.4095,2.113,1.8575,1.9665,1.6125,1.168,0.989,0.864,0.885,0.9595,0.919,0.786,1.1345,1.088,0.993,1.015,0.972,1.035,1.0995,1.2565,0.9725,0.897,1.0875,0.8935,0.9365,0.9695,1.2,1.056,0.9015,0.911,0.8875,0.8135,0.9165,0.823,0.9635,1.0785,1.079,0.879,0.8805,0.7425,0.8175,0.9005,1.119,0.952,1.1505,0.9475,1.0915,1.0705,1.117,1.0435,1.1295,1.1875,1.1305,1.36,1.6485,1.703,1.995,1.278,1.781,1.685,2.109,1.3965,0.8795,1.5335,0.8745,1.142,1.351,1.304,1.37,3.116,NA,NA,NA,NA,NA,NA,NA,NA,NA,NA,NA,NA,NA,NA,NA,NA,NA,NA,NA,NA,NA,NA,NA
"7","CO","ABLA","L","04H","ABLA-L-04H",0.0915,0.3815,0.5285,0.5285,0.704,0.787,0.791,0.755,0.9835,0.9025,0.8375,1.1215,1.6185,1.5695,1.561,1.8845,2.359,1.959,1.3295,1.85,1.9585,2.0935,2.2865,2.43,2.6605,2.785,2.5715,2.448,2.1345,1.977,1.9335,2.208,1.9385,1.632,1.946,1.624,1.4415,1.78,1.7435,2.0345,1.7405,1.8665,1.514,2.335,2.599,2.1935,2.314,2.2545,1.803,1.6445,1.5925,1.9025,1.95,1.9685,2.1945,1.5735,1.394,1.457,2.039,1.966,1.849,1.598,1.5545,1.5695,1.647,1.738,1.9,2.001,2.103,1.633,1.7445,1.956,2.3905,2.284,1.985,2.364,2.2215,2.138,1.5775,2.026,2.761,1.573,1.882,2.15,0.659,NA,NA,NA,NA,NA,NA,NA,NA,NA,NA,NA,NA,NA,NA,NA,NA,NA,NA,NA,NA,NA,NA,NA,NA,NA,NA,NA,NA,NA,NA,NA,NA,NA,NA,NA,NA,NA,NA,NA,NA,NA,NA,NA,NA,NA,NA,NA,NA,NA,NA,NA,NA,NA,NA
"8","CO","ABLA","L","04L","ABLA-L-04L",0.2585,0.7,0.9245,1.06,1.175,1.0945,1.0085,1.0775,1.172,0.992,1.001,1.13,1.257,1.341,1.2575,1.474,1.3485,1.3285,1.547,1.5325,1.743,1.427,1.579,1.772,2.311,1.8905,1.8385,1.791,1.557,1.419,1.552,1.9485,1.464,1.4785,2.0565,2.166,2.0065,2.4195,3.0585,2.8785,2.033,1.997,1.57,1.8645,1.9745,1.7025,1.909,2.1005,2.0895,1.8925,1.828,1.6245,1.723,1.654,1.875,1.941,1.9365,2.0045,2.531,2.3245,1.917,1.88,2.147,2.17,2.108,2.654,2.8365,2.926,2.939,2.6675,2.381,2.346,2.616,2.762,2.228,2.693,2.4085,2.187,2.853,2.7395,2.758,2.991,2.5075,2.282,2.3065,2.072,2.143,3.1055,2.3645,2.363,2.721,2.43,2.682,2.342,2.869,2.7,2.916,2.929,2.918,2.958,3.746,3.999,3.978,3.848,2.829,2.929,2.534,2.244,1.372,1.996,1.783,1.054,NA,NA,NA,NA,NA,NA,NA,NA,NA,NA,NA,NA,NA,NA,NA,NA,NA,NA,NA,NA,NA,NA,NA,NA,NA,NA,NA
"9","CO","ABLA","L","05H","ABLA-L-05H",0.0825,1.0215,1.184,1.115,1.423,1.568,1.4575,1.375,1.407,1.199,1.0355,1.2115,1.7545,1.882,1.4385,1.428,1.2485,1.1945,1.3025,1.1375,1.363,1.1795,1.36,1.3735,1.6295,1.4475,1.128,1.4,1.393,1.372,1.3935,1.4905,1.1995,1.13,1.3105,1.268,1.0735,1.329,1.4345,1.202,1.2845,1.2,0.8685,1.0315,1.1045,0.876,0.894,1.02,0.937,0.8235,0.7795,0.9265,0.8635,0.93,0.737,0.9075,0.8645,0.8645,0.8635,0.747,0.7885,0.715,0.7465,0.7675,0.79,0.8005,0.9815,0.9065,0.917,1.0495,0.8835,1.1045,1.1555,1.1005,1.0085,1.08,0.914,0.673,0.746,0.8725,0.8295,1.0225,0.8145,0.7885,0.651,0.5775,0.5145,0.6305,0.589,0.631,0.652,0.631,0.7255,0.692,0.7525,0.7725,0.8495,0.7985,1.024,1.11,1.292,1.0815,1.063,0.8815,0.808,0.8865,0.9185,0.8385,0.871,0.6775,0.811,0.783,0.953,0.799,0.7075,1.1225,1.0955,1.064,0.9045,1.2285,0.9695,1.2055,0.216,NA,NA,NA,NA,NA,NA,NA,NA,NA,NA,NA,NA,NA,NA,NA,NA
"10","CO","ABLA","L","05L","ABLA-L-05L",0.1395,0.905,1.1835,1.4285,1.735,1.6975,1.555,1.433,1.232,0.8705,1.046,1.2585,1.254,1.2005,1.094,0.8095,0.693,0.7555,0.8385,0.7545,0.8165,0.7555,0.7765,0.7025,0.88,0.7995,0.759,0.7655,0.682,0.7555,0.8745,0.74,0.6305,0.6405,0.6855,0.697,0.612,0.686,0.7485,0.59,0.58,0.4955,0.4015,0.5385,0.7105,0.5005,0.6115,0.712,0.85,0.764,0.805,0.7205,0.6715,0.682,0.5795,0.7065,0.661,0.595,0.625,0.7085,0.6905,0.721,0.5745,0.6485,0.6575,0.7095,0.7225,0.5955,0.676,0.5865,0.4855,0.577,0.942,0.8265,0.598,0.662,0.5365,0.558,0.745,0.664,0.811,0.7255,0.6545,0.5565,0.568,0.4345,0.4165,0.425,0.451,0.55,0.567,0.5655,0.723,0.7915,0.783,0.6905,0.7535,0.9305,0.908,0.8965,1.0165,0.8115,0.9655,1.0355,0.8775,1.0745,1.147,0.9605,0.747,0.819,0.824,0.817,1.083,0.7905,0.6115,0.852,0.5895,0.431,0.621,0.632,0.4535,0.5055,0.7165,0.61,0.505,0.4055,0.2,0.202,0.555,0.627,0.83,0.9435,1.042,0.8675,0.9005,0.8175,0.73,0.5915,0.708
"11","CO","ABLA","L","06H","ABLA-L-06H",1.034,2.6265,2.653,3.2725,3.823,3.253,2.866,2.129,2.3385,1.911,1.5635,1.5525,2.2225,3.038,3.143,2.9715,2.393,2.3285,2.3245,1.775,2.433,2.3525,1.844,1.7825,2.549,2.9795,2.494,2.585,2.47,2.606,2.7455,1.9355,1.587,1.319,1.6625,1.773,0.8875,1.991,2.482,2.131,1.9955,1.977,2.217,2.737,3.5475,2.311,2.2015,2.775,3.282,2.2455,1.6725,2.1485,1.4455,1.9125,1.3045,2.02,1.584,1.265,1.8675,1.535,1.8505,2.12,1.904,2.358,2.853,3.109,3.314,2.067,2.647,2.678,2.968,3.143,3.296,2.49,2.295,3.065,3.034,2.301,2.511,1.561,2.43,2.789,2.599,3.159,2.419,2.515,2.627,3.159,2.49,2.013,2.407,2.147,2.001,1.397,2.498,1.805,1.982,2.168,2.084,2.13,2.009,1.738,1.97,1.847,1.218,0.839,0.797,0.565,0.375,0.373,2.256,1.198,NA,NA,NA,NA,NA,NA,NA,NA,NA,NA,NA,NA,NA,NA,NA,NA,NA,NA,NA,NA,NA,NA,NA,NA,NA,NA,NA
"12","CO","ABLA","L","06L","ABLA-L-06L",0.8405,1.7335,2.331,2.464,2.6095,2.865,2.802,2.598,2.3765,2.1455,2.012,1.3805,2.51,3.3985,3.9575,3.8175,2.967,3.3315,2.8325,1.7245,2.337,1.956,1.8175,1.5645,1.829,2.162,2.1625,2.3485,2.158,2.4065,2.297,2.2255,1.5975,1.3975,2.2745,2.212,1.059,2.1795,3.039,2.627,2.964,2.3265,2.3485,2.3905,4.025,2.449,2.395,3.007,3.8385,3.7095,3.9165,3.1275,2.5735,1.988,1.0205,1.928,1.824,1.4175,1.5845,1.1315,1.293,1.648,1.0725,1.2665,1.744,1.762,1.398,1.06,1.548,1.8095,2.0645,1.901,1.976,1.999,1.4185,2.686,3.013,3.75,4.1965,1.497,1.5315,1.7715,1.1265,1.692,1.749,1.344,2.5195,1.198,2.45,1.905,2.211,1.875,2.328,1.598,1.583,1.416,1.536,1.436,1.517,1.673,1.705,1.851,1.665,1.305,1.21,1.318,1.603,1.474,1.469,1.392,1.428,0.904,1.279,0.874,1.042,1.601,1.205,1.378,NA,NA,NA,NA,NA,NA,NA,NA,NA,NA,NA,NA,NA,NA,NA,NA,NA,NA,NA,NA,NA
"13","CO","ABLA","L","07H","ABLA-L-07H",0.585,1.879,2.037,1.92,2.588,2.6425,2.4105,1.997,2.2905,1.977,1.8495,1.4775,2.5545,2.377,3.2475,3.27,3.132,2.677,3.193,2.9305,3.2035,3.4125,3.394,3.8275,3.536,4.096,3.8135,3.87,3.1525,3.216,3.317,3.1605,3.3695,2.4685,3.289,3.283,3.2435,3.0945,3.47,3.4665,2.62,2.941,2.23,3.522,4.2865,2.964,2.7295,3.254,3.491,0.7815,NA,NA,NA,NA,NA,NA,NA,NA,NA,NA,NA,NA,NA,NA,NA,NA,NA,NA,NA,NA,NA,NA,NA,NA,NA,NA,NA,NA,NA,NA,NA,NA,NA,NA,NA,NA,NA,NA,NA,NA,NA,NA,NA,NA,NA,NA,NA,NA,NA,NA,NA,NA,NA,NA,NA,NA,NA,NA,NA,NA,NA,NA,NA,NA,NA,NA,NA,NA,NA,NA,NA,NA,NA,NA,NA,NA,NA,NA,NA,NA,NA,NA,NA,NA,NA,NA,NA,NA,NA
"14","CO","ABLA","L","07L","ABLA-L-07L",0.4785,1.526,1.768,1.4645,1.817,2.2715,1.9505,1.6005,1.7895,1.253,1.0885,1.7825,1.8635,2.185,1.9025,2.152,2.0085,2.053,2.5635,1.786,2.0705,2.2785,2.2345,2.207,2.1355,2.995,2.4135,3.085,2.212,2.2905,2.668,2.409,2.774,1.921,2.6085,2.08,2.2735,1.9455,1.7525,1.8795,1.604,1.192,1.404,2.5255,3.342,2.559,3.2025,2.1035,1.988,2.299,2.28,2.5105,1.991,2.3445,1.2225,0.51,0.715,0.716,0.735,0.872,0.826,0.645,0.629,0.429,NA,NA,NA,NA,NA,NA,NA,NA,NA,NA,NA,NA,NA,NA,NA,NA,NA,NA,NA,NA,NA,NA,NA,NA,NA,NA,NA,NA,NA,NA,NA,NA,NA,NA,NA,NA,NA,NA,NA,NA,NA,NA,NA,NA,NA,NA,NA,NA,NA,NA,NA,NA,NA,NA,NA,NA,NA,NA,NA,NA,NA,NA,NA,NA,NA,NA,NA,NA,NA,NA,NA,NA,NA,NA,NA
"15","CO","ABLA","L","08H","ABLA-L-08H",0.1595,0.665,0.8065,0.933,1.2475,1.5705,1.7405,1.3805,1.5415,1.4535,1.2305,1.274,2.126,2.906,2.6885,3.131,2.666,2.4225,2.728,2.961,3.3675,3.675,3.793,3.5675,3.6505,4.1985,3.098,2.7275,1.9385,1.913,1.741,1.8695,1.702,1.401,1.5535,1.3385,1.583,1.67,1.6945,2.6415,1.5685,2.483,3.8935,2.1845,4.202,2.52,3.347,7.167,NA,NA,NA,NA,NA,NA,NA,NA,NA,NA,NA,NA,NA,NA,NA,NA,NA,NA,NA,NA,NA,NA,NA,NA,NA,NA,NA,NA,NA,NA,NA,NA,NA,NA,NA,NA,NA,NA,NA,NA,NA,NA,NA,NA,NA,NA,NA,NA,NA,NA,NA,NA,NA,NA,NA,NA,NA,NA,NA,NA,NA,NA,NA,NA,NA,NA,NA,NA,NA,NA,NA,NA,NA,NA,NA,NA,NA,NA,NA,NA,NA,NA,NA,NA,NA,NA,NA,NA,NA,NA,NA
"16","CO","ABLA","L","08L","ABLA-L-08L",0.462,1.4505,1.824,1.948,2.8505,3.063,2.786,2.468,2.897,2.086,2.094,3.144,3.125,4.032,3.9075,3.491,3.4375,2.9375,3.003,2.6655,3.1185,1.4595,2.412,3.0535,3.0375,2.519,1.223,1.329,2.361,2.3455,2.2875,2.614,2.188,1.865,2.114,1.9915,2.0955,1.699,1.929,1.9755,1.2575,1.5735,2.231,2.6545,2.373,1.821,2.039,1.672,1.5305,1.4525,2.3045,NA,NA,NA,NA,NA,NA,NA,NA,NA,NA,NA,NA,NA,NA,NA,NA,NA,NA,NA,NA,NA,NA,NA,NA,NA,NA,NA,NA,NA,NA,NA,NA,NA,NA,NA,NA,NA,NA,NA,NA,NA,NA,NA,NA,NA,NA,NA,NA,NA,NA,NA,NA,NA,NA,NA,NA,NA,NA,NA,NA,NA,NA,NA,NA,NA,NA,NA,NA,NA,NA,NA,NA,NA,NA,NA,NA,NA,NA,NA,NA,NA,NA,NA,NA,NA,NA,NA,NA
"17","CO","ABLA","L","09H","ABLA-L-09H",0.153,0.562,0.7055,0.768,0.7385,0.785,0.699,0.6515,0.9275,0.664,0.6875,0.767,1.065,0.967,1.5915,2.038,2.1395,1.593,2.199,1.812,1.935,2.307,2.7135,2.4265,2.493,3.815,2.589,3.004,1.942,1.985,2.2175,2.196,2.219,1.299,1.7215,1.237,1.3945,1.479,1.8905,2.0375,1.9845,2.1845,1.749,2.7595,3.389,2.068,2.1505,2.1595,2.7195,2.7275,2.236,2.028,1.581,2.058,2.1505,1.807,2.5655,1.828,2.0235,2.585,2.5355,1.2685,1.288,1.438,1.737,1.742,1.186,1.8075,1.6185,1.483,1.259,1.004,2.173,NA,NA,NA,NA,NA,NA,NA,NA,NA,NA,NA,NA,NA,NA,NA,NA,NA,NA,NA,NA,NA,NA,NA,NA,NA,NA,NA,NA,NA,NA,NA,NA,NA,NA,NA,NA,NA,NA,NA,NA,NA,NA,NA,NA,NA,NA,NA,NA,NA,NA,NA,NA,NA,NA,NA,NA,NA,NA,NA,NA,NA,NA,NA,NA,NA,NA
"18","CO","ABLA","L","09L","ABLA-L-09L",0.332,0.772,0.937,1.0045,1.3235,1.3945,2.104,2.1285,2.1595,1.753,1.3765,2.0465,2.132,2.1995,2.3825,2.385,1.832,2.2185,1.9265,2.243,1.991,2.34,2.803,2.162,1.9615,2.3875,2.477,2.8415,2.162,1.9955,2.1125,2.2165,2.231,1.5205,1.86,1.886,2.1895,2.097,2.369,2.094,2.0575,2.412,2.3775,3.454,3.6115,2.3695,2.5295,2.571,3.411,1.4585,2.178,1.668,1.162,1.512,1.775,1.392,1.603,1.705,1.832,3.943,NA,NA,NA,NA,NA,NA,NA,NA,NA,NA,NA,NA,NA,NA,NA,NA,NA,NA,NA,NA,NA,NA,NA,NA,NA,NA,NA,NA,NA,NA,NA,NA,NA,NA,NA,NA,NA,NA,NA,NA,NA,NA,NA,NA,NA,NA,NA,NA,NA,NA,NA,NA,NA,NA,NA,NA,NA,NA,NA,NA,NA,NA,NA,NA,NA,NA,NA,NA,NA,NA,NA,NA,NA,NA,NA,NA,NA,NA,NA
"19","CO","ABLA","L","10H","ABLA-L-10H",0.5015,0.742,0.926,0.618,1.0505,1.339,1.258,1.143,1.036,0.6025,0.6075,0.43,0.9355,1.2535,1.7285,2.0365,2.061,1.6975,1.5745,1.3095,1.421,1.6615,1.8885,1.5955,1.886,2.463,2.6655,3.2365,2.9975,3.4925,4.4095,4.725,4.814,3.466,3.9775,3.66,3.5695,3.695,3.2115,2.8385,1.7045,2.215,2.158,2.865,3.32,2.2335,2.335,2.446,2.5065,2.4785,2.623,1.992,1.9185,1.8895,2.198,1.887,1.8455,1.636,2.515,2.5945,2.4205,2.0995,2.1895,2.076,2.358,1.156,2.56,2.389,2.1115,2.2335,2.0585,2.1335,2.383,2.116,1.87,1.908,1.926,NA,NA,NA,NA,NA,NA,NA,NA,NA,NA,NA,NA,NA,NA,NA,NA,NA,NA,NA,NA,NA,NA,NA,NA,NA,NA,NA,NA,NA,NA,NA,NA,NA,NA,NA,NA,NA,NA,NA,NA,NA,NA,NA,NA,NA,NA,NA,NA,NA,NA,NA,NA,NA,NA,NA,NA,NA,NA,NA,NA,NA,NA
"20","CO","ABLA","L","10L","ABLA-L-10L",0.3775,0.948,0.971,0.9735,1.529,1.73,1.6295,1.3355,1.24,0.9445,0.985,0.7755,1.1935,1.6225,2.3015,1.917,1.33,1.5765,1.9815,1.42,1.6315,1.555,1.3415,1.1955,1.423,1.542,1.538,1.669,1.4375,1.2255,1.575,2.1785,1.7435,1.069,1.1625,0.9945,0.9775,1.3555,1.472,1.905,1.528,1.5175,1.6135,1.879,2.6105,1.9965,1.915,2.295,2.079,1.4805,1.7025,1.63,1.2815,1.6285,1.5405,1.6375,1.3175,1.476,2.0735,1.924,1.562,1.3225,1.35,1.5905,1.789,2.2025,2.1765,1.8675,1.8015,2.1125,2.2125,2.3525,2.329,1.949,1.879,2.385,2.195,1.9335,2.0415,1.8275,2.2585,2.05,1.908,2.54,2.0795,2.025,2.357,2.554,2.7125,2.272,1.857,2.1145,2.412,2.36,2.3175,2.2825,2.044,2.042,2.951,2.134,1.988,2.01,2.813,2.2,2.279,2.295,2.292,2.31,2.126,2.047,2.239,1.904,1.035,1.206,1.502,1.766,1.158,0.896,2.592,NA,NA,NA,NA,NA,NA,NA,NA,NA,NA,NA,NA,NA,NA,NA,NA,NA,NA,NA,NA
"21","CO","ABLA","L","11H","ABLA-L-11H",0.247,0.6435,0.749,0.718,0.9085,0.887,0.948,0.8745,0.9975,0.629,0.6195,0.6505,1.0055,1.2565,1.3625,1.6075,1.2905,1.765,2.419,2.412,2.9135,2.462,2.346,2.085,3.115,3.164,2.6905,2.593,2.2105,2.6045,2.344,2.394,2.1275,1.6155,2.592,2.5405,2.4265,3.2045,3.0715,4.5715,3.272,2.7275,2.659,3.073,2.4905,1.885,1.829,2.1825,2.2565,2.2735,2.244,2.077,1.9195,2.0045,2.01,1.8025,1.927,1.5,1.9095,2.122,2.1925,1.6595,2.119,1.9205,2.29,2.597,3.7575,1.286,1.934,1.873,1.853,1.626,1.637,1.485,1.508,1.504,1.678,1.626,1.441,1.56,1.402,1.239,1.594,0.419,NA,NA,NA,NA,NA,NA,NA,NA,NA,NA,NA,NA,NA,NA,NA,NA,NA,NA,NA,NA,NA,NA,NA,NA,NA,NA,NA,NA,NA,NA,NA,NA,NA,NA,NA,NA,NA,NA,NA,NA,NA,NA,NA,NA,NA,NA,NA,NA,NA,NA,NA,NA,NA,NA,NA
"22","CO","ABLA","L","11L","ABLA-L-11L",0.4575,0.727,0.894,1.0225,1.4645,1.854,1.756,1.846,2.058,1.4695,1.68,1.4255,2.0975,2.3835,3.0155,2.908,3.029,2.789,3.626,3.0425,3.6945,4.276,4.401,3.4245,3.422,4.1845,4.4225,4.714,3.6915,3.4805,3.6485,3.458,2.611,2.5795,3.0255,2.825,2.296,2.866,3.5865,3.3115,3.3325,3.5735,3.484,4.422,4.3795,3.1205,2.697,3.2685,3.1845,2.819,2.873,2.6115,2.124,2.5615,2.4665,2.1635,1.49,1.3215,2.2,2.7605,2.3265,2.2725,1.871,1.3325,1.5155,1.2345,1.456,1.501,2.431,2.366,1.417,1.752,1.946,1.079,0.867,1.836,1.092,1.536,1.813,1.8,0.321,NA,NA,NA,NA,NA,NA,NA,NA,NA,NA,NA,NA,NA,NA,NA,NA,NA,NA,NA,NA,NA,NA,NA,NA,NA,NA,NA,NA,NA,NA,NA,NA,NA,NA,NA,NA,NA,NA,NA,NA,NA,NA,NA,NA,NA,NA,NA,NA,NA,NA,NA,NA,NA,NA,NA,NA,NA,NA
"23","CO","ABLA","L","12H","ABLA-L-12H",0.4095,0.8445,1.13,1.1305,1.4595,2.0605,1.565,1.437,1.509,1.1505,1.0225,0.9275,1.4755,1.779,2.259,2.631,2.317,2.2945,2.8045,2.2965,2.999,2.6505,3.3305,2.823,2.5085,2.904,3.9635,4.0715,3.6105,3.573,3.868,3.949,3.148,3.1375,3.827,3.5505,2.9725,3.472,5.346,4.6355,4.615,4.123,3.827,4.5015,4.2655,3.013,2.5665,2.6745,3.129,2.719,2.474,2.57,2.0785,2.381,2.485,2.4875,2.3625,2.143,2.9415,3.0745,2.2315,2.2305,2.1665,2.1165,2.394,2.73,3.0125,2.1775,2.2155,1.9865,1.806,2.0325,1.9255,1.738,1.58,1.6875,1.6475,1.76,1.6295,2.0795,1.1595,1.518,2.013,0.278,NA,NA,NA,NA,NA,NA,NA,NA,NA,NA,NA,NA,NA,NA,NA,NA,NA,NA,NA,NA,NA,NA,NA,NA,NA,NA,NA,NA,NA,NA,NA,NA,NA,NA,NA,NA,NA,NA,NA,NA,NA,NA,NA,NA,NA,NA,NA,NA,NA,NA,NA,NA,NA,NA,NA
"24","CO","ABLA","L","12L","ABLA-L-12L",0.3905,0.734,0.8635,0.871,1.043,1.3275,1.389,1.263,1.469,1.4525,1.1795,1.28,1.685,2.549,2.433,2.7675,2.4385,2.704,3.2875,2.637,3.2525,3.498,3.851,3.5165,4.28,4.1825,3.589,3.915,3.601,3.951,3.2585,3.199,2.7,2.384,3.044,3.1095,3.4365,3.87,4.4455,4.416,4.0215,4.351,3.833,5.277,5.76,4.0975,4.307,4.9285,4.861,4.4445,4.0885,3.7755,3.7595,3.8945,3.7625,3.4775,3.107,2.9225,3.648,3.6775,3.3765,2.937,3.143,2.9135,3.4815,3.6715,3.753,3.265,2.9715,2.427,2.9445,2.4545,2.6295,2.3195,1.8385,2.397,2.333,1.5985,1.7,2.2725,2.314,NA,NA,NA,NA,NA,NA,NA,NA,NA,NA,NA,NA,NA,NA,NA,NA,NA,NA,NA,NA,NA,NA,NA,NA,NA,NA,NA,NA,NA,NA,NA,NA,NA,NA,NA,NA,NA,NA,NA,NA,NA,NA,NA,NA,NA,NA,NA,NA,NA,NA,NA,NA,NA,NA,NA,NA,NA,NA
"25","CO","ABLA","L","13H","ABLA-L-13H",0.2075,0.366,0.638,0.602,0.7455,0.9535,1.132,0.836,0.831,0.5265,0.631,0.141,0.883,0.8845,1.582,2.058,1.6935,1.0835,2.14,1.691,2.658,2.0635,1.6285,1.1735,1.967,2.526,3.0635,3.3955,3.005,2.6005,2.683,3.246,2.6855,2.252,2.9005,2.291,1.6135,1.57,1.8425,1.8985,2.3195,2.154,2.029,2.6415,2.703,2.039,1.9685,2.008,1.93,1.937,1.879,1.839,1.6265,1.751,1.406,1.424,1.471,1.049,1.1325,1.0265,1.03,1.2075,1.163,1.0575,1.127,1.307,1.5395,1.1985,1.179,1.025,0.962,1.205,1.222,1.364,1.5245,1.6875,1.718,1.4755,1.2855,1.9485,1.824,1.6965,2.3545,1.8205,2.0405,2.789,1.87,1.267,2.1125,2.1025,1.562,0.97,1.392,1.371,2.241,1.708,2.266,NA,NA,NA,NA,NA,NA,NA,NA,NA,NA,NA,NA,NA,NA,NA,NA,NA,NA,NA,NA,NA,NA,NA,NA,NA,NA,NA,NA,NA,NA,NA,NA,NA,NA,NA,NA,NA,NA,NA,NA,NA,NA
"26","CO","ABLA","L","13L","ABLA-L-13L",0.366,0.811,0.8825,0.849,1.527,1.5325,1.3385,0.947,1.1695,0.651,0.6475,0.234,0.9565,0.917,1.3645,1.593,1.41,0.8765,1.698,1.418,1.6785,1.1925,1.0515,0.883,1.317,1.666,1.443,1.798,1.6255,1.578,1.6805,1.535,1.2595,1.4825,1.9245,1.403,0.834,0.9725,1.121,0.96,0.6765,0.502,0.5195,0.7325,0.871,0.797,0.763,0.9145,1.1105,1.0345,0.9475,0.784,0.55,0.601,0.394,0.454,0.38,0.4325,0.402,0.333,0.431,0.4775,0.5515,0.6275,0.672,0.9275,1.0715,0.6905,0.7305,0.7775,0.792,1.073,1.113,1.1045,1.12,1.14,1.141,1.1485,1.399,1.116,1.3465,1.8,1.7485,1.8505,1.528,1.4245,1.665,1.784,2.112,1.616,1.4545,1.4335,2.405,2.2865,2.3,1.8025,2.306,2.732,3.142,3.11,3.7415,3.6205,3.581,2.8015,2.681,2.2965,2.717,3.695,2.694,2.456,NA,NA,NA,NA,NA,NA,NA,NA,NA,NA,NA,NA,NA,NA,NA,NA,NA,NA,NA,NA,NA,NA,NA,NA,NA,NA,NA,NA,NA
"27","CO","ABLA","L","14H","ABLA-L-14H",0.2305,0.216,0.285,0.3475,0.5605,0.769,0.658,0.57,0.7185,0.454,0.528,0.296,0.739,0.972,1.4585,1.554,1.29,1.24,1.6855,1.4235,1.7505,1.8,1.9595,1.8175,1.777,2.45,2.308,2.4355,1.859,2.01,2.5535,2.5575,2.482,1.981,2.18,1.729,1.1925,1.5195,2.13,1.648,1.5515,1.541,1.6585,2.6475,3.5275,2.4605,2.7275,2.542,2.819,2.722,2.256,2.266,1.945,2.3265,2.148,2.2195,2.0715,2.136,2.857,2.612,2.646,2.569,3.2035,3.328,3.311,3.063,3.7945,2.989,3.205,3.1095,3.311,3.2205,3.7125,3.3565,3.385,3.374,3.2785,3.0845,3.353,3.48,3.367,3.9705,2.948,2.583,2.9285,3.3745,3.9795,2.888,1.852,2.362,0.073,NA,NA,NA,NA,NA,NA,NA,NA,NA,NA,NA,NA,NA,NA,NA,NA,NA,NA,NA,NA,NA,NA,NA,NA,NA,NA,NA,NA,NA,NA,NA,NA,NA,NA,NA,NA,NA,NA,NA,NA,NA,NA,NA,NA,NA,NA,NA,NA
"28","CO","ABLA","L","14L","ABLA-L-14L",0.5055,1.366,1.646,1.681,2.641,2.3945,2.182,1.933,2.118,1.9255,1.9175,2.0145,1.97,2.8085,2.415,3.0195,2.5405,2.711,2.791,2.5315,2.9775,2.8225,3.218,2.814,3.2105,3.6075,3.7935,3.8795,3.266,3.247,3.172,2.903,3.342,2.6255,3.4715,3.1205,2.314,2.953,3.263,3.0805,2.9045,2.986,3.065,3.7295,4.0445,3.733,3.6625,4.1155,4.1585,3.6595,3.5815,3.015,2.4455,2.4685,2.267,2.339,2.5295,2.297,3.007,2.949,2.2055,1.8205,2.202,2.1365,2.8305,2.864,3.517,2.8355,2.9865,2.1085,1.95,2.188,2.033,1.826,1.892,2.58,3.389,2.227,1.692,1.765,2.313,2.8,1.806,2.44,2.025,2.327,3.447,NA,NA,NA,NA,NA,NA,NA,NA,NA,NA,NA,NA,NA,NA,NA,NA,NA,NA,NA,NA,NA,NA,NA,NA,NA,NA,NA,NA,NA,NA,NA,NA,NA,NA,NA,NA,NA,NA,NA,NA,NA,NA,NA,NA,NA,NA,NA,NA,NA,NA,NA,NA
"29","CO","ABLA","L","15H","ABLA-L-15H",0.2565,0.4535,0.693,0.562,0.9705,1.0875,0.95,0.707,1.077,0.7045,0.4685,0.3595,1.036,0.93,1.258,1.427,1.3215,1.1095,1.6185,1.3225,1.6605,1.6815,1.375,1.121,1.4175,1.7135,2.141,2.5825,1.9915,2.053,2.2505,2.1245,1.788,1.8735,2.1895,1.911,1.1685,1.6365,2.2465,1.9065,1.888,1.956,1.255,1.913,2.606,1.9615,1.815,1.756,2.117,1.834,1.8015,1.8135,1.413,1.981,1.6885,1.7815,1.882,1.573,2.1325,2.3955,1.855,1.775,1.5195,1.678,1.7195,2.057,1.6375,2.0375,1.898,1.885,1.617,1.9455,1.52,1.308,0.827,1.5385,1.1945,0.999,0.7705,0.414,1.235,NA,NA,NA,NA,NA,NA,NA,NA,NA,NA,NA,NA,NA,NA,NA,NA,NA,NA,NA,NA,NA,NA,NA,NA,NA,NA,NA,NA,NA,NA,NA,NA,NA,NA,NA,NA,NA,NA,NA,NA,NA,NA,NA,NA,NA,NA,NA,NA,NA,NA,NA,NA,NA,NA,NA,NA,NA,NA
"30","CO","ABLA","L","15L","ABLA-L-15L",1.112,2.512,2.577,2.632,3.7745,3.243,2.997,3.1405,2.5625,2.2225,2.1255,2.352,3.092,3.0485,2.819,2.603,2.773,2.482,2.733,2.8385,2.8115,3.5065,3.0665,2.9855,3.3855,3.3195,3.1545,3.4075,3.2015,2.811,2.521,2.356,2.1135,1.667,2.1535,2.069,1.7685,1.7015,1.9475,1.5905,1.7605,1.8785,0.6535,0.3215,1.207,0.4735,0.2595,0.607,0.63,0.649,NA,NA,NA,NA,NA,NA,NA,NA,NA,NA,NA,NA,NA,NA,NA,NA,NA,NA,NA,NA,NA,NA,NA,NA,NA,NA,NA,NA,NA,NA,NA,NA,NA,NA,NA,NA,NA,NA,NA,NA,NA,NA,NA,NA,NA,NA,NA,NA,NA,NA,NA,NA,NA,NA,NA,NA,NA,NA,NA,NA,NA,NA,NA,NA,NA,NA,NA,NA,NA,NA,NA,NA,NA,NA,NA,NA,NA,NA,NA,NA,NA,NA,NA,NA,NA,NA,NA,NA,NA
"31","CO","ABLA","M","01H","ABLA-M-01H",0.1425,0.855,1.128,1.013,1.1185,1.6195,1.2705,1.435,1.0865,0.7065,0.7715,0.7505,1.1305,1.183,1.331,1.4995,1.0455,1.001,1.0745,1.117,1.2815,1.3765,1.499,1.2555,1.425,1.903,1.6485,1.923,1.8965,2.013,1.8685,1.856,1.524,1.434,1.8155,2.16,1.874,1.9925,2.3055,1.5315,2.0225,1.8185,1.896,2.8065,3.472,3.033,2.9525,3.1515,2.848,2.748,2.0825,2.1235,2.0005,2.385,2.2905,1.972,1.6925,2.239,2.6295,1.933,1.741,1.404,1.668,1.7765,2.3105,2.5505,1.981,1.413,1.9915,2.1,2.0495,2.354,2.1985,2.377,2.253,2.559,2.158,2.049,2.039,2.478,2.227,2.352,2.5535,2.3225,2.373,2.6815,2.867,2.7465,3.4845,2.868,3.0695,3.554,3.298,2.889,3.016,2.9675,2.3245,2.037,1.5105,1.274,2.242,2.1035,1.912,2.172,2.053,2.282,2.072,1.771,1.882,2.586,2.693,1.771,1.921,1.957,1.687,0.798,NA,NA,NA,NA,NA,NA,NA,NA,NA,NA,NA,NA,NA,NA,NA,NA,NA,NA,NA,NA,NA,NA,NA
"32","CO","ABLA","M","01L","ABLA-M-01L",0.248,1.766,1.914,1.459,1.734,1.9325,1.835,1.5925,1.526,1.3035,1.489,1.881,1.8035,2.303,2.5785,2.694,2.08,2.436,2.4145,2.1945,2.8435,2.6265,2.7795,3.006,2.466,3.2215,2.72,2.9015,2.578,2.955,2.452,2.653,3.0015,2.158,2.657,2.6665,2.6495,2.5995,3.1795,3.378,3.176,2.601,1.765,2.644,3.191,2.3035,3.023,3.2155,2.7695,2.612,2.352,2.202,2.8125,3.071,3.8405,2.1965,1.026,0.7815,1.3075,1.125,1.1795,1.0595,1.045,0.9815,1.198,1.6325,1.5915,1.297,1.338,1.382,1.1715,1.5405,1.569,1.853,1.4405,1.4555,0.9835,0.9535,1.276,1.1195,1.132,1.164,1.267,1.4435,1.3175,1.4375,1.2865,1.4365,1.5355,1.543,1.383,1.365,1.4235,1.299,1.4145,1.5805,1.682,1.29,1.541,1.3965,1.594,1.474,1.2595,1.228,1.251,1.174,1.21,0.981,1.284,1.545,1.205,1.174,1.425,1.242,NA,NA,NA,NA,NA,NA,NA,NA,NA,NA,NA,NA,NA,NA,NA,NA,NA,NA,NA,NA,NA,NA,NA,NA,NA
"33","CO","ABLA","M","02H","ABLA-M-02H",0.1325,0.651,0.7245,0.6105,0.5895,0.5815,0.5285,0.544,0.47,0.391,0.48,0.5005,0.6665,0.5595,0.6865,0.96,0.739,0.7495,0.7805,0.7715,0.867,0.8315,0.7185,0.7815,0.6935,0.969,1.001,1.0525,0.845,0.854,0.9185,0.907,0.7705,0.749,0.822,0.7575,0.6625,0.851,1.021,0.8,0.968,0.937,0.9345,1.202,1.3735,1.0485,1.131,1.3405,1.2985,1.154,1.158,1.243,1.187,1.243,1.2575,1.023,1.0695,0.966,1.1285,0.944,0.925,0.8305,0.7525,0.9605,1.1175,1.1785,1.005,0.872,0.953,0.9155,0.7895,0.989,1.07,1.1625,0.9855,1.164,1.2085,1.112,1.308,1.205,1.31,1.5835,1.3795,1.5245,1.2955,1.402,1.4655,1.414,1.6715,1.4235,1.596,1.5045,1.5985,1.443,1.8255,1.755,1.6745,1.6335,1.783,1.706,1.748,1.6855,1.783,1.7665,1.456,1.7045,1.48,1.3075,1.0725,1.326,1.4255,1.1135,1.357,1.1495,0.879,0.9365,0.6265,0.51,0.5615,0.595,0.371,0.556,0.5345,0.454,0.575,0.63,0.6345,0.416,0.374,0.594,1.055,1.169,1.0035,0.7985,0.8855,1.153,1.055,2.643,2.834
"34","CO","ABLA","M","02L","ABLA-M-02L",0.2095,0.71,0.888,0.927,0.9735,0.9595,1.028,1.119,0.914,0.677,0.8655,1.1955,1.4405,1.289,1.578,1.438,0.877,1.0265,0.985,1.0685,0.973,1.0955,1.14,1.108,1.0315,1.275,1.398,1.395,1.237,1.3125,1.396,1.323,1.1085,0.8905,1.0525,1.0125,1.0635,1.4685,1.4935,1.231,1.336,1.055,1.2595,2.147,2.0685,1.659,1.793,2.2315,2.2865,2.5175,2.3655,2.0795,2.6475,2.55,2.415,1.3815,0.817,0.7975,0.629,0.525,0.4835,0.335,0.44,0.6915,0.9245,0.98,1.069,0.934,0.7865,0.8225,0.7345,0.9405,0.674,0.8155,0.8165,0.751,0.8065,0.8395,0.7955,0.8965,0.969,0.71,0.8155,0.902,1.024,1.7305,1.622,1.769,1.7475,1.535,1.2725,1.271,1.438,1.385,1.6205,1.5215,1.8415,1.408,1.809,1.7985,1.747,1.385,1.6065,1.3975,1.1045,1.225,1.354,1.4155,1.3405,1.429,1.186,1.453,2.3235,1.595,1.602,1.897,1.525,2.026,0.332,NA,NA,NA,NA,NA,NA,NA,NA,NA,NA,NA,NA,NA,NA,NA,NA,NA,NA,NA,NA
"35","CO","ABLA","M","03H","ABLA-M-03H",0.1125,0.888,0.9715,0.9925,1.247,1.2565,1.4585,1.29,1.425,1.15,1.1665,1.4145,1.198,1.33,1.2035,1.4465,1.3095,1.3385,1.3255,1.2895,1.719,1.8125,1.6605,1.6105,1.894,1.8525,1.978,2.031,1.765,1.6845,1.6905,1.6015,1.5275,1.2835,1.48,1.27,1.3375,1.571,1.539,1.4085,1.4625,1.369,1.39,1.8955,2.3275,1.5875,1.5955,1.9675,1.6625,1.355,1.5725,1.6235,1.2385,1.314,1.1225,1.301,1.2885,1.4425,1.519,1.5225,1.113,0.9315,0.982,1.026,1.23,1.5155,1.47,1.186,1.3155,1.241,1.2295,1.4615,1.445,1.35,1.57,1.7015,1.6155,1.6425,1.582,1.7185,1.6895,1.9075,1.736,1.506,1.2135,1.6805,1.865,1.6695,1.76,1.7005,1.4375,1.1205,1.4675,1.024,1.171,1.045,1.087,1.629,NA,NA,NA,NA,NA,NA,NA,NA,NA,NA,NA,NA,NA,NA,NA,NA,NA,NA,NA,NA,NA,NA,NA,NA,NA,NA,NA,NA,NA,NA,NA,NA,NA,NA,NA,NA,NA,NA,NA,NA,NA
"36","CO","ABLA","M","03L","ABLA-M-03L",0.1535,1.1,1.2695,1.037,1.153,1.2645,1.2215,1.266,1.164,0.997,0.903,1.1345,1.3915,1.488,1.4275,1.4785,1.18,1.2845,1.3655,1.306,1.3985,1.4865,1.4805,1.658,1.711,1.712,1.6405,1.9085,1.813,1.5935,1.5165,1.8715,1.7565,1.436,2.0405,2.0345,1.7485,1.9875,2.1045,1.6455,1.821,1.918,1.528,1.929,2.4565,1.9035,2.042,2.564,2.6435,2.563,2.5335,2.457,2.698,2.9355,3.2485,1.6305,1.059,0.6585,0.795,0.673,0.6265,0.6405,0.558,0.697,0.79,0.799,0.829,0.76,0.862,0.8345,0.754,0.9605,0.9595,0.88,0.814,1.0305,1.022,0.843,1.0705,0.822,0.93,1.015,1.0315,0.9195,0.8125,1.038,1.208,1.111,1.3775,0.9885,1.301,1.1385,1.061,1.03,1.106,1.008,0.792,0.469,0.511,0.535,0.851,1.193,0.995,1.058,0.654,0.716,0.987,1.109,1.05,1.439,1.022,0.771,1.208,0.866,0.868,1.163,0.667,1.274,1.703,0.602,0.497,0.39,2.017,NA,NA,NA,NA,NA,NA,NA,NA,NA,NA,NA,NA,NA,NA,NA,NA
"37","CO","ABLA","M","04H","ABLA-M-04H",0.2045,1.0895,1.3745,1.382,1.6185,1.8445,1.321,1.325,1.5495,1.04,0.983,1.5685,1.7395,2.073,2.4165,2.3645,1.698,1.608,1.8715,1.828,2.4215,2.4225,2.232,1.834,2.3865,2.776,2.526,2.714,2.236,2.303,1.986,2.1445,1.833,1.7255,2.064,1.85,1.87,2.3205,2.8835,2.8105,2.493,1.933,2.006,3.077,3.3735,2.066,1.6945,1.9075,2.0155,1.641,1.654,1.4855,1.4705,1.286,1.3185,1.315,1.2775,1.0985,1.3525,1.196,1.0655,1.022,0.8185,0.7885,1.005,1.116,1.0715,0.853,1.0545,0.9945,0.8705,0.844,0.8715,0.884,1.071,1.266,1.0955,1.0865,1.0365,1.6795,1.4685,1.494,1.6515,1.5865,1.419,1.6015,2.978,1.262,0.9,NA,NA,NA,NA,NA,NA,NA,NA,NA,NA,NA,NA,NA,NA,NA,NA,NA,NA,NA,NA,NA,NA,NA,NA,NA,NA,NA,NA,NA,NA,NA,NA,NA,NA,NA,NA,NA,NA,NA,NA,NA,NA,NA,NA,NA,NA,NA,NA,NA,NA
"38","CO","ABLA","M","04L","ABLA-M-04L",0.285,2.3225,1.8785,1.9215,1.8585,2.049,1.9945,2.164,2.4325,1.794,1.812,2.4195,2.397,2.194,2.1785,2.2515,2.214,2.482,2.4035,2.077,2.2565,2.358,2.6065,2.7445,2.8085,2.924,3.287,3.5825,3.088,3.039,2.8265,2.773,2.646,2.224,2.7335,2.38,2.0615,1.9665,2.228,2.1135,2.0015,1.744,1.174,1.9465,2.573,1.3785,0.7675,0.521,0.6415,0.6085,0.4755,0.506,0.487,0.6625,0.6475,0.7835,0.678,0.519,0.6575,0.9745,0.9425,0.7825,0.27,0.339,0.3195,0.3825,0.4985,0.4455,0.636,0.815,0.6025,0.664,0.679,0.385,0.4105,0.424,0.4605,0.417,0.3855,0.6325,0.539,0.425,0.4825,0.5925,0.534,0.521,0.667,0.3775,0.3045,0.3065,0.3685,0.9685,0.4075,0.4475,0.526,0.4185,0.7995,0.2655,0.2115,0.2125,0.3055,0.2175,0.324,0.17,0.3535,0.239,0.4895,0.215,0.847,NA,NA,NA,NA,NA,NA,NA,NA,NA,NA,NA,NA,NA,NA,NA,NA,NA,NA,NA,NA,NA,NA,NA,NA,NA,NA,NA,NA,NA,NA
"39","CO","ABLA","M","05H","ABLA-M-05H",0.16,1.6975,1.5325,1.532,1.5,1.8075,1.709,1.932,1.416,1.585,1.416,1.711,2.3405,2.4415,2.6725,2.636,1.926,2.1775,2.3965,1.85,1.479,2.557,2.823,3.015,2.471,3.0045,3.021,3.337,2.775,3.3555,2.4705,2.9835,3.007,1.708,2.6185,2.4645,2.4335,2.397,2.7845,1.853,1.8415,2.7685,1.967,2.12,2.204,2.2915,2.135,3.0005,1.389,NA,NA,NA,NA,NA,NA,NA,NA,NA,NA,NA,NA,NA,NA,NA,NA,NA,NA,NA,NA,NA,NA,NA,NA,NA,NA,NA,NA,NA,NA,NA,NA,NA,NA,NA,NA,NA,NA,NA,NA,NA,NA,NA,NA,NA,NA,NA,NA,NA,NA,NA,NA,NA,NA,NA,NA,NA,NA,NA,NA,NA,NA,NA,NA,NA,NA,NA,NA,NA,NA,NA,NA,NA,NA,NA,NA,NA,NA,NA,NA,NA,NA,NA,NA,NA,NA,NA,NA,NA,NA
"40","CO","ABLA","M","05L","ABLA-M-05L",0.26,2.2205,2.313,2.347,2.5765,2.812,2.5805,2.6055,2.454,2.0865,1.859,3.11,3.7235,3.598,3.457,3.2275,2.74,3.021,3.33,2.764,2.8275,3.5475,3.4505,3.836,3.0675,2.8525,3.2585,4.0135,4.212,3.626,3.556,3.1765,2.3635,2.381,1.265,NA,NA,NA,NA,NA,NA,NA,NA,NA,NA,NA,NA,NA,NA,NA,NA,NA,NA,NA,NA,NA,NA,NA,NA,NA,NA,NA,NA,NA,NA,NA,NA,NA,NA,NA,NA,NA,NA,NA,NA,NA,NA,NA,NA,NA,NA,NA,NA,NA,NA,NA,NA,NA,NA,NA,NA,NA,NA,NA,NA,NA,NA,NA,NA,NA,NA,NA,NA,NA,NA,NA,NA,NA,NA,NA,NA,NA,NA,NA,NA,NA,NA,NA,NA,NA,NA,NA,NA,NA,NA,NA,NA,NA,NA,NA,NA,NA,NA,NA,NA,NA,NA,NA,NA
"41","CO","ABLA","M","06H","ABLA-M-06H",0.1395,0.971,1.0685,1.175,1.462,1.438,1.3035,1.2435,1.454,1.077,0.991,0.861,1.2375,1.312,1.447,1.155,1.132,0.9725,1.132,1.041,1.207,1.1925,1.2805,0.881,1.0435,1.188,1.32,1.248,1.079,1.1685,1.0305,0.9615,0.8235,0.8055,1.325,1.197,0.945,1.239,1.64,1.0425,1.0915,0.8265,0.7295,1.17,1.429,1.0915,1.1505,1.347,1.256,1.112,1.198,1.061,0.931,1.0485,0.902,1.0615,0.989,0.86,1.0565,1.184,1.0935,0.897,0.958,1.103,1.296,1.4475,1.482,1.232,1.5215,1.446,1.455,1.365,1.429,1.52,1.2995,1.5235,1.3635,1.237,1.2545,1.3845,1.513,1.6805,1.6375,1.515,1.5665,1.4585,1.722,1.7535,2.1615,1.7655,1.7675,1.7135,1.4655,1.3245,1.686,1.2535,1.217,0.9695,1.1425,1.361,1.607,1.3935,1.718,1.4855,1.3245,1.7425,1.5735,1.323,1.615,0.951,0.951,0.761,0.824,0.908,0.949,1.261,1.093,0.61,0.967,1.016,1.14,1.455,1.59,1.184,1.021,1.311,1.431,1.796,1.331,NA,NA,NA,NA,NA,NA,NA,NA,NA,NA
"42","CO","ABLA","M","06L","ABLA-M-06L",0.2025,1.1575,1.389,1.1585,1.1515,1.5075,1.5035,1.382,1.6145,1.274,1.155,1.5145,1.6095,1.699,1.5765,1.648,1.5615,1.534,1.7005,1.5765,1.888,1.99,1.5615,1.29,1.812,1.803,1.7115,1.601,1.492,1.517,1.238,1.2305,0.8685,0.927,1.293,1.219,1.177,1.397,1.909,1.568,1.72,1.179,0.598,0.68,0.938,0.5615,0.6245,0.593,0.585,0.644,0.7215,0.638,0.5235,0.6275,0.6705,0.623,0.5005,0.659,0.6315,0.5245,0.537,0.5425,0.6605,0.5565,0.7295,0.755,0.81,0.5885,0.9015,0.8465,0.8415,0.9005,0.9395,1.0075,0.9135,0.8145,0.731,0.7575,0.741,0.7875,0.807,0.915,0.9645,0.8895,0.8835,0.817,0.861,1.1535,1.3285,1.1965,1.2665,1.0765,1.0675,0.8815,1.4075,1.343,1.298,1.174,1.168,0.9285,0.904,0.8425,0.795,0.8115,0.8115,0.7725,0.8905,0.592,0.6455,0.8725,0.9715,0.8435,0.6515,0.678,0.634,0.843,0.568,0.63,0.827,0.665,0.602,0.733,0.819,0.851,0.992,1.254,1.727,1.804,1.439,0.917,1.234,1.256,1.515,1.04,0.922,1.239,1.353,0.146,NA
"43","CO","ABLA","M","07H","ABLA-M-07H",0.379,1.7925,2.3585,1.933,2.521,2.5285,2.4515,2.399,2.3955,2.0295,2.1045,2.3415,2.4485,2.7415,3.148,3.073,2.3,2.2665,2.458,1.8815,2.5625,2.619,2.6005,2.198,2.2205,2.3275,2.178,2.206,2.1875,2.2535,1.8785,1.8335,1.5685,1.4695,1.618,1.399,1.214,1.4175,2.025,1.9185,1.7385,1.602,1.06,1.762,1.9025,1.4175,1.539,1.706,1.924,2.352,1.914,1.6685,1.4635,1.1675,1.014,0.706,0.405,0.249,0.31,0.259,0.287,0.307,0.2255,0.2165,0.279,0.4195,0.5845,0.5835,0.6445,0.735,0.5895,0.7655,0.7575,0.83,0.718,0.818,0.718,0.7325,0.7615,0.757,0.775,0.8775,0.796,0.849,0.896,0.8805,0.991,1.0975,1.1635,1.0285,1.3015,1.1945,1.1635,0.9475,0.9325,0.7895,0.8165,0.7695,0.741,0.859,0.699,0.644,0.5955,0.5875,0.5495,0.6795,0.7195,0.703,0.739,0.645,0.753,0.5475,0.8435,0.741,0.628,0.818,0.7035,0.5955,0.8475,0.6965,0.539,0.727,0.978,0.523,0.578,0.562,0.627,0.552,0.742,0.729,0.24,NA,NA,NA,NA,NA,NA,NA,NA
"44","CO","ABLA","M","07L","ABLA-M-07L",0.299,2.8375,2.7115,2.653,2.636,3.2975,3.1245,2.787,3.0465,2.185,2.31,4.235,3.402,3.2335,3.2225,2.8365,2.2895,3.085,3.415,2.8655,3.8015,4.28,4.1495,2.8825,2.6315,3.2185,3.9155,4.4055,3.549,3.8195,3.957,3.2305,3.3,2.2405,2.6325,2.0755,1.7125,1.2505,1.4845,1.3825,1.407,1.8175,2.053,2.796,0.864,0.835,2.222,1.369,NA,NA,NA,NA,NA,NA,NA,NA,NA,NA,NA,NA,NA,NA,NA,NA,NA,NA,NA,NA,NA,NA,NA,NA,NA,NA,NA,NA,NA,NA,NA,NA,NA,NA,NA,NA,NA,NA,NA,NA,NA,NA,NA,NA,NA,NA,NA,NA,NA,NA,NA,NA,NA,NA,NA,NA,NA,NA,NA,NA,NA,NA,NA,NA,NA,NA,NA,NA,NA,NA,NA,NA,NA,NA,NA,NA,NA,NA,NA,NA,NA,NA,NA,NA,NA,NA,NA,NA,NA,NA,NA
"45","CO","ABLA","M","08H","ABLA-M-08H",0.138,1.447,1.8245,1.8395,1.991,2.1705,1.91,2.0155,1.946,1.4825,1.4105,1.782,1.886,2.134,2.2615,2.569,1.7645,1.521,1.6055,1.648,2.7155,2.711,2.72,2.198,2.549,3.012,2.804,3.087,2.5705,2.5055,2.295,2.2075,1.944,1.8075,2.2305,1.891,1.637,1.7955,2.7575,2.3855,2.4565,1.711,1.2685,2.6275,3.115,1.661,1.6715,2.084,1.5225,1.585,1.268,1.269,1.164,1.248,1.439,1.291,0.91,0.952,0.952,0.951,1.013,0.971,0.779,0.819,0.984,1.169,1.131,0.951,1.269,1.291,1.1,1.248,1.058,1.015,1.079,0.951,0.945,0.843,0.966,1.068,1.026,1.013,1.049,1.298,1.218,1.112,1.141,1.037,1.819,NA,NA,NA,NA,NA,NA,NA,NA,NA,NA,NA,NA,NA,NA,NA,NA,NA,NA,NA,NA,NA,NA,NA,NA,NA,NA,NA,NA,NA,NA,NA,NA,NA,NA,NA,NA,NA,NA,NA,NA,NA,NA,NA,NA,NA,NA,NA,NA,NA,NA
"46","CO","ABLA","M","08L","ABLA-M-08L",0.16,1.3955,1.438,1.385,1.563,1.7415,1.681,1.682,1.904,1.432,1.368,1.666,1.748,2.223,2.1705,2.2655,1.947,2.064,2.245,1.9865,2.4185,2.3645,2.3755,2.0565,2.396,2.3985,2.3185,2.712,2.526,2.5865,2.301,2.1885,2.1805,2.1355,2.4375,2.237,2.089,2.269,2.8175,2.665,2.483,2.43,2.0645,3.0625,3.4035,2.8375,3.1415,3.3615,3.3645,3.5455,3.5055,3.116,3.1645,2.963,2.4805,2.204,1.9485,1.742,1.938,1.901,1.626,1.59,1.443,1.576,1.806,1.9365,2.095,1.877,1.986,2.011,1.9465,2.075,2.093,1.941,1.9845,2.2325,2.1365,1.8885,2.159,2.413,2.0325,1.969,2.178,2.3185,0.8875,1.937,1.907,1.787,1.604,1.513,1.671,1.361,1.527,1.318,1.708,1.609,1.382,1.155,1.155,1.099,1.376,1.135,1.053,1.13,0.804,1.097,1.02,0.746,0.879,1.022,1.024,1.092,1.081,0.937,0.833,0.695,0.101,NA,NA,NA,NA,NA,NA,NA,NA,NA,NA,NA,NA,NA,NA,NA,NA,NA,NA,NA,NA,NA,NA
"47","CO","ABLA","M","09H","ABLA-M-09H",0.2615,1.7535,1.8535,1.7405,2.0265,1.7625,1.7735,1.9455,1.661,1.4535,1.355,1.869,1.8595,2.301,1.75,1.8855,1.6215,1.75,1.6885,1.8375,2.099,2.516,1.9425,1.782,2.246,2.322,2.2995,2.7175,2.265,2.248,1.987,2.275,1.944,1.6805,1.832,2.0805,1.9595,2.003,2.1165,2.1275,1.676,1.9735,1.8845,2.5275,3.2085,2.322,2.503,2.54,2.695,2.69,2.3395,1.9585,1.8415,1.92,2.138,1.9155,1.184,1.117,2.028,1.965,1.473,1.221,1.305,1.409,1.597,1.789,1.873,1.599,1.601,1.73,1.624,0.508,1.161,NA,NA,NA,NA,NA,NA,NA,NA,NA,NA,NA,NA,NA,NA,NA,NA,NA,NA,NA,NA,NA,NA,NA,NA,NA,NA,NA,NA,NA,NA,NA,NA,NA,NA,NA,NA,NA,NA,NA,NA,NA,NA,NA,NA,NA,NA,NA,NA,NA,NA,NA,NA,NA,NA,NA,NA,NA,NA,NA,NA,NA,NA,NA,NA,NA,NA
"48","CO","ABLA","M","09L","ABLA-M-09L",0.181,1.327,1.1065,1.18,1.328,1.305,1.169,1.15,1.0955,0.739,0.7905,1.2135,1.1085,1.1525,1.057,1.195,0.962,1.258,1.163,1.172,1.394,1.3535,1.128,1.246,1.616,1.5605,1.513,1.3985,1.354,1.3065,1.2415,1.318,1.206,1.182,1.192,1.0675,0.9815,1.284,1.2975,1.2855,1.2365,0.8915,0.895,1.307,1.298,1.118,1.099,1.055,1.405,1.2315,1.385,1.4865,1.47,1.3535,1.452,1.642,1.4715,1.669,1.813,2.101,1.9735,1.8165,1.641,1.918,2.048,2.3775,2.1695,1.8955,2.1065,2.0355,1.8375,2.081,2.205,2.194,2.059,2.1795,1.301,1.678,1.931,2.383,2.341,2.412,2.176,2.041,1.511,1.721,1.765,2.299,2.433,2.189,2.13,1.923,2.349,2.114,2.495,2.262,1.926,2.073,NA,NA,NA,NA,NA,NA,NA,NA,NA,NA,NA,NA,NA,NA,NA,NA,NA,NA,NA,NA,NA,NA,NA,NA,NA,NA,NA,NA,NA,NA,NA,NA,NA,NA,NA,NA,NA,NA,NA,NA,NA
"49","CO","ABLA","M","10H","ABLA-M-10H",0.207,1.1125,1.325,1.114,1.153,1.1715,1.0375,0.997,1.157,1.083,0.9635,1.0135,1.4215,1.762,1.559,1.8005,1.2515,1.5545,1.643,1.563,1.8125,1.686,1.7515,1.8585,2.098,2.158,1.982,1.7025,1.461,1.5365,1.5075,1.488,1.048,1.0545,1.3595,1.359,1.1725,1.415,1.3665,1.136,1.113,1.0505,0.99,1.3695,1.425,1.1925,1.292,1.618,1.5695,1.4175,1.137,1.0065,0.98,1.0275,1.021,1.2175,1.1315,1.087,1.27,1.201,1.154,1.0245,0.9295,1.0795,1.263,1.2305,1.199,1.009,1.0275,1.072,0.9345,1.1665,0.665,1.2345,1.0695,1.5035,1.334,1.33,1.628,1.269,1.632,1.5185,1.699,1.7635,1.792,1.899,1.8,1.8895,2.0435,1.7745,1.7555,1.6085,1.808,1.6285,2.091,1.8135,1.723,1.1095,1.852,2.043,2.1645,3.106,2.3385,2.042,1.214,1.414,1.454,1.032,1.129,1.593,0.981,1.028,1.227,NA,NA,NA,NA,NA,NA,NA,NA,NA,NA,NA,NA,NA,NA,NA,NA,NA,NA,NA,NA,NA,NA,NA,NA,NA,NA
"50","CO","ABLA","M","10L","ABLA-M-10L",0.2405,1.533,1.498,1.334,1.3485,1.401,1.3265,1.241,1.5175,1.257,1.6445,2.2985,2.1695,2.315,1.8795,1.898,1.8035,2.1105,2.2445,2.194,2.373,1.9515,2.317,2.991,2.9365,2.892,2.915,2.9365,2.4215,1.935,1.84,1.9245,1.616,1.171,1.1275,1.172,1.3315,1.6065,1.766,1.5745,1.584,1.31,1.489,1.826,1.7,1.6785,1.6165,1.8825,1.6585,1.4775,1.4675,1.5415,1.621,1.707,1.5815,1.4065,1.173,1.2335,1.4845,1.3995,1.588,1.63,1.199,1.342,1.5545,1.687,1.7095,1.5535,1.6635,1.4085,1.3235,1.5025,1.7755,1.744,1.4805,1.399,1.3885,1.321,1.6275,1.3585,1.3255,1.2855,1.2545,1.1955,1.295,1.4185,1.444,1.2625,1.2995,1.334,1.207,1.2815,1.293,0.946,0.962,0.9215,1.054,0.6095,1.2795,1.0225,1.084,1.261,1.4465,0.562,0.498,0.74,0.492,0.696,0.567,0.905,0.759,0.356,1.153,NA,NA,NA,NA,NA,NA,NA,NA,NA,NA,NA,NA,NA,NA,NA,NA,NA,NA,NA,NA,NA,NA,NA,NA,NA,NA
"51","CO","ABLA","M","11H","ABLA-M-11H",0.2575,0.8485,0.9225,0.7235,1.0775,0.8435,1.0265,1.004,1.377,1.1275,0.976,1.0725,1.358,1.268,1.62,1.6275,1.4295,1.6475,1.605,1.4305,1.6925,2.042,1.784,2.0085,1.642,2.0745,2.167,2.2525,1.899,1.6475,1.8015,1.993,1.644,1.183,1.064,0.82,0.6855,0.76,0.558,0.506,0.453,0.412,0.5465,0.7755,0.7975,0.5605,0.665,0.923,0.7665,0.706,0.795,0.8135,0.739,0.7505,0.705,0.791,0.711,0.7815,0.8985,0.9055,0.879,0.8235,0.8455,0.971,1.073,1.1065,1.1705,1.0035,1.017,0.901,0.8895,1.2155,1.161,1.2225,1.042,0.955,1.2895,1.238,1.0585,0.9055,1.2475,1.448,1.5805,1.5005,1.614,1.3525,1.591,1.7545,1.907,1.655,1.6935,1.537,1.8515,1.4905,1.736,1.4975,1.49,1.8145,1.9035,2.2535,1.883,2.415,2.718,1.983,2.05,1.922,2.003,1.985,2.13,2.315,2.368,1.734,3.741,1.929,2.434,1.991,1.646,2.046,1.887,1.852,2.384,2.583,2.357,2.027,1.817,NA,NA,NA,NA,NA,NA,NA,NA,NA,NA,NA,NA,NA,NA
"52","CO","ABLA","M","11L","ABLA-M-11L",0.368,1.1795,1.1445,0.968,1.189,1.046,1.1515,1.0975,1.024,0.763,0.8775,1.2635,1.3625,1.6585,1.715,1.831,1.5485,1.8195,1.6125,1.7585,2.0395,2.1515,2.137,2.408,2.6985,2.674,2.379,2.5085,2.5155,2.2085,1.819,1.7455,1.157,0.699,0.825,0.6835,0.9645,1.0305,0.8635,1.074,1.0255,1.1875,1.211,1.599,1.4965,1.005,0.993,1.5115,1.4365,1.2165,1.0285,1.1025,0.8885,0.915,0.7515,1.0565,0.9455,1.112,1.288,1.116,1.076,1.2545,1.322,1.4725,1.7055,1.903,1.5935,1.301,1.5465,1.328,1.167,1.555,1.586,1.27,1.388,1.64,1.5235,1.4215,1.5215,1.4165,1.6765,1.632,1.8515,1.777,1.693,1.7895,1.903,1.992,1.811,1.6195,1.6255,1.724,2.014,1.7515,1.889,1.6795,1.803,1.639,1.7945,1.835,2.0955,2.1765,2.3515,1.574,1.536,1.9195,1.8725,1.65,1.429,1.5775,1.629,1.339,1.599,1.5015,1.565,1.9005,1.4315,1.184,1.371,1.5585,0.914,1.695,2.536,NA,NA,NA,NA,NA,NA,NA,NA,NA,NA,NA,NA,NA,NA,NA,NA
"53","CO","ABLA","M","12H","ABLA-M-12H",0.243,0.4485,0.4585,0.6595,0.877,0.749,0.5695,0.527,0.6595,0.474,0.422,0.373,0.558,0.6465,0.6565,0.7935,0.589,0.716,0.742,0.652,0.734,0.6985,0.6375,0.724,0.6065,0.654,0.839,0.8445,0.617,0.6405,0.6665,0.802,0.5925,0.64,0.7295,0.8175,0.476,0.5815,0.7065,0.5195,0.719,0.4555,0.586,0.8215,0.953,0.7805,0.662,0.8075,1.0025,0.917,0.6595,0.847,0.616,0.6125,0.4865,0.669,0.6695,0.522,0.65,0.4585,0.5315,0.6305,0.527,0.7115,0.9985,1.049,1.0095,0.988,0.9345,0.9415,0.7515,1.0005,1.056,0.94,0.8055,0.878,1.0195,1.056,1.1165,0.81,1.143,1.277,0.973,1.2525,1.318,0.977,1.2055,1.4305,1.1845,1.0615,1.564,1.2285,1.4485,1.538,1.568,1.2885,1.397,1.536,1.464,1.6715,1.7105,1.816,2.002,1.3425,1.3985,1.785,1.9975,1.804,1.7895,1.9555,2.324,1.78,2.0915,1.969,2.07,2.3685,2.4425,1.6765,2.0525,2.1635,2.2695,2.7825,2.128,2.915,4.363,4.952,NA,NA,NA,NA,NA,NA,NA,NA,NA,NA,NA,NA,NA
"54","CO","ABLA","M","12L","ABLA-M-12L",0.7075,3.125,2.963,2.996,3.4085,3.521,3.028,3.116,3.7005,3.3145,2.788,4.5685,4.1315,3.9455,4.219,4.2955,3.37,4.079,3.9185,3.4595,3.334,4.1635,4.5135,4.269,4.119,3.821,3.5675,4.38,4.2785,2.7635,3.077,3.6115,2.958,1.3165,1.8715,1.5935,1.7175,1.8475,1.276,2.5135,3.7905,2.405,1.449,2.007,3.293,NA,NA,NA,NA,NA,NA,NA,NA,NA,NA,NA,NA,NA,NA,NA,NA,NA,NA,NA,NA,NA,NA,NA,NA,NA,NA,NA,NA,NA,NA,NA,NA,NA,NA,NA,NA,NA,NA,NA,NA,NA,NA,NA,NA,NA,NA,NA,NA,NA,NA,NA,NA,NA,NA,NA,NA,NA,NA,NA,NA,NA,NA,NA,NA,NA,NA,NA,NA,NA,NA,NA,NA,NA,NA,NA,NA,NA,NA,NA,NA,NA,NA,NA,NA,NA,NA,NA,NA,NA,NA,NA,NA,NA,NA
"55","CO","ABLA","M","13H","ABLA-M-13H",0.1285,0.468,0.583,0.469,0.5185,0.4525,0.3795,0.36,0.4205,0.339,0.3185,0.3585,0.41,0.462,0.451,0.5455,0.4425,0.5275,0.4985,0.5185,0.5375,0.5205,0.398,0.536,0.5375,0.629,0.5975,0.62,0.611,0.559,0.619,0.598,0.51,0.4775,0.613,0.592,0.5315,0.659,0.566,0.5245,0.5245,0.484,0.642,0.7465,0.8435,0.6115,0.6405,0.888,0.902,0.733,0.765,0.8145,0.6865,0.797,0.791,0.8945,0.8545,0.907,1.1465,1.029,1.028,0.95,1.1225,1.207,1.541,1.579,1.568,1.2895,1.4485,1.394,1.372,1.4835,1.693,1.6335,1.74,1.712,1.7265,1.705,2.156,1.9295,2.2605,1.9015,2.1405,2.028,1.9165,2.354,2.411,2.9645,2.921,2.2715,2.1965,2.2205,2.7435,2.326,2.592,2.2135,2.331,2.5535,2.4465,2.648,2.565,2.6025,3.164,2.6635,2.3905,2.439,2.536,1.518,1.6685,1.8435,1.921,1.5105,2.0705,2.1565,1.9935,2.1185,1.757,1.532,2.0295,1.8155,2.1895,2.43,3.254,3.641,NA,NA,NA,NA,NA,NA,NA,NA,NA,NA,NA,NA,NA,NA,NA
"56","CO","ABLA","M","13L","ABLA-M-13L",0.2855,0.757,0.817,0.8365,0.883,0.747,0.719,0.841,1.0625,0.8675,0.833,0.94,0.845,1.0255,0.941,1.1315,1.089,1.216,1.1495,1.007,1.246,1.1205,1.037,1.277,1.4,1.2905,1.1105,1.2255,1.0565,0.886,0.971,0.94,0.886,0.791,0.836,0.9235,0.813,0.991,0.917,1.0225,0.9585,1.023,1.0645,1.3795,1.4435,0.9795,1.012,1.412,1.466,1.0535,1.114,1.2325,1.073,1.2385,0.9955,1.456,1.2825,1.4085,1.513,1.427,1.409,1.431,1.272,1.354,1.6425,1.759,1.6215,1.2665,1.643,1.6345,1.4785,1.885,1.75,1.578,1.527,1.883,1.887,1.5685,1.639,1.3935,2.01,1.837,2.0645,2.0725,1.875,1.839,2.01,2.226,2.1815,1.907,2.0515,2.0745,2.375,2.067,2.545,2.324,2.227,2.005,2.1695,2.664,2.607,2.7735,2.9385,2.422,2.2495,2.547,2.3785,2.1145,2.331,2.4875,2.544,2.049,2.5265,2.559,2.4495,3.123,2.7795,1.517,2.179,2.203,1.563,2.077,2.366,1.726,2.511,1.196,NA,NA,NA,NA,NA,NA,NA,NA,NA,NA,NA,NA,NA
"57","CO","ABLA","M","14H","ABLA-M-14H",0.703,1.5775,1.8655,1.4755,1.653,1.7555,1.545,1.358,1.305,1.0635,0.981,0.9175,1.561,1.762,1.6775,1.878,1.3575,1.466,1.469,1.3405,1.5715,1.5925,1.6775,1.5725,1.776,1.945,1.9535,2.06,1.848,1.7105,1.806,1.9135,1.6595,1.4375,1.575,1.532,1.3825,1.3475,1.497,1.2845,1.474,1.3475,1.4215,1.6325,2.037,1.583,1.454,1.6125,1.6435,1.5695,1.3395,1.329,1.1235,1.309,1.163,1.352,1.3015,1.0435,1.3385,1.3805,1.3695,1.327,1.0755,1.212,1.4335,1.6545,1.6015,1.4215,1.497,1.588,2.0525,1.446,1.508,1.529,1.173,1.718,1.529,1.461,1.667,1.559,1.767,1.871,1.725,1.759,1.718,1.659,1.912,2.048,2.059,1.645,2.187,1.847,2.063,2.069,1.661,2.084,2.044,1.753,1.776,1.943,2.615,3.304,3.243,3.37,2.661,NA,NA,NA,NA,NA,NA,NA,NA,NA,NA,NA,NA,NA,NA,NA,NA,NA,NA,NA,NA,NA,NA,NA,NA,NA,NA,NA,NA,NA,NA,NA,NA,NA,NA
"58","CO","ABLA","M","14L","ABLA-M-14L",0.2785,0.3345,0.39,0.3075,0.447,0.4035,0.319,0.4155,0.475,0.319,0.4195,0.3185,0.3905,0.3815,0.568,0.6455,0.539,0.5565,0.675,0.5805,0.8665,0.75,0.6755,0.7805,0.75,0.8545,0.8295,0.767,0.662,0.7445,0.775,0.711,0.534,0.618,0.8675,0.796,0.7225,0.8175,0.868,0.613,0.649,0.632,0.656,0.973,1.1875,0.684,0.711,1.0325,1.223,0.9105,0.9145,0.9585,0.7975,0.9525,0.914,0.946,0.676,0.748,0.75,0.633,0.542,0.5665,0.631,0.689,1.0455,1.0675,0.9905,0.845,1.0635,1.284,1.0195,0.8585,1.064,0.926,0.819,1.0825,1.08,1.2105,1.2675,0.8385,1.191,1.243,1.35,1.4505,1.441,1.531,1.853,1.8135,1.7865,1.5295,1.788,1.8825,2.101,2.009,2.1625,2.0265,2.4005,2.237,1.944,2.4135,2.1705,2.2945,2.4735,1.7805,1.9985,2.2745,2.461,2.274,2.3235,2.6045,2.199,1.539,2.334,1.683,1.8615,2.79,2.4385,1.7885,2.2465,1.761,1.7365,2.1145,2.7495,2.329,2.2795,2.6965,2.8555,2.587,3.622,4.084,4.081,2.703,NA,NA,NA,NA,NA,NA,NA
"59","CO","ABLA","M","15H","ABLA-M-15H",0.2885,0.422,0.685,0.552,0.7225,0.789,0.695,0.7695,0.875,0.601,0.7165,0.6645,0.874,0.8835,0.774,0.74,0.6545,0.8215,1.0825,1.1605,1.3155,1.3985,1.5305,1.573,1.364,1.544,1.5335,1.601,1.0155,0.97,0.939,0.8465,0.7735,0.751,0.8285,0.7375,0.644,0.726,0.676,0.614,0.5895,0.5565,0.577,0.875,0.8885,0.672,0.674,0.793,0.75,0.6855,0.704,0.577,0.563,0.6045,0.585,0.752,0.692,0.7835,0.8775,0.6715,0.7745,0.7555,0.5885,0.7135,0.7625,0.845,0.805,0.783,0.803,0.8045,0.7765,0.925,1.055,0.96,0.906,1.127,1.1225,1.0665,1.37,0.8735,1.1585,1.0795,0.958,0.912,1.195,1.108,1.3025,1.272,1.476,1.1305,1.325,1.1795,1.333,1.2125,1.2955,1.1685,1.1995,1.362,1.233,1.483,1.6285,1.722,2.0225,1.3925,1.379,1.8225,1.5395,1.492,1.466,1.6495,1.7575,1.561,2.1735,2.1835,2.1025,2.242,2.158,1.795,2.313,2.029,1.972,1.759,2.273,1.812,1.706,1.957,1.858,2.313,2.887,1.821,2.56,2.571,2.702,1.762,1.743,2.818,2.31,2.582,0.907
"60","CO","ABLA","M","15L","ABLA-M-15L",0.672,1.2365,1.248,1.062,1.6575,1.543,1.521,1.3825,1.521,1.077,1.1665,1.836,2.1345,2.0545,1.8325,1.787,1.3415,1.478,1.5815,1.519,1.976,2.1205,2.0845,1.7595,2.35,2.453,1.87,1.425,1.418,1.905,1.722,2.0135,1.285,0.907,0.792,0.6665,0.727,0.888,0.8995,0.8905,0.825,0.772,0.8025,1.191,1.5605,1.2895,1.587,2.0615,1.311,1.0845,1.0235,1.05,0.892,1.003,0.7385,0.9715,0.88,0.9235,1.05,0.8445,0.9645,0.994,0.8935,0.9175,1.0855,1.259,1.191,1.097,1.308,1.323,1.116,1.4405,1.528,1.578,1.287,1.569,1.426,1.454,1.765,1.2225,1.579,1.6495,1.634,1.6635,1.72,1.653,1.6445,2.06,1.9525,1.7485,1.899,1.926,2.146,2.3635,1.5555,1.639,1.536,1.728,1.731,1.963,1.666,1.96,2.459,1.844,1.655,1.928,2.613,3.169,2.098,2.984,1.137,NA,NA,NA,NA,NA,NA,NA,NA,NA,NA,NA,NA,NA,NA,NA,NA,NA,NA,NA,NA,NA,NA,NA,NA,NA,NA,NA,NA
