State,Species,Elev,Tree,Core,TreeID,Tag,Path identification,Site identification,YearLastRing,Sapwood,Tree height,Tree age,SectionHeight,User variable,RingCount,DataType,OffsetToNext,ImageName,Analysis Date Time,Acquisition Date Time,Modified Date Time,ImageSizeH V NBits Channel,CalibMethod XCal YCal EditedDendro,ScannerCamera Make Model Software,LensFocLength [35mm],PathBegX BegY EndX EndY Width,RingBoundary AutoMan Meth Precise,EarlywoodDef,DensActive Media Calib,DensNSteps MatDens Interpol SampleThick,DensStepsThick,DensStepsLightInt,DensStepsWoodDens,DiskArea,DiskPerim,DiskAvgDiam,DiskFormCoef,CompWoodArea,VoidArea,PathLength,,,,,,,,,,,,,,,,,,,,,,,,,,,,,,,,,,,,,,,,,,,,,,,,,,,,,,,,,,,,,,,,,,,,,,,,,,,,,,,,,,,,,,,,,,,,,,,,,,,,,,,,,,,,,,,,,,,,,,,,,,,,,,,,,,,,,,,,,,,,,,,,,,,,,,,,,,,,,,,,,
CO,PIPO,H,1L,A,1L-A,CO-PIPO-H-1L-A,,,2013,0,0,0,0,0,54,RINGWIDTH,1,NotAFile,10/23/2013 17:35,                   ,,2559 10613 8 RGB,Intr 0.021101 0.021161 N,EPSON EPSON Flatbed Scanner EPSON Perfection V700/V750 1.8 V3.24 3.24,0.0 [0],314.0000 7134.0000 418.0000 210.0000  1.0000,Tg A Int Y,50%,N F Acq,12 1.2922 Lin 1.00,0.1630 0.3580 0.5650 0.7595 0.9735 1.1605 1.3575 1.5370 1.7370 1.9300 2.1280 2.3400 ,22 41 67 92 117 137 155 171 184 195 204 211 ,0.2106 0.4626 0.7301 0.9814 1.2580 1.4996 1.7542 1.9861 2.2446 2.4939 2.7498 3.0237 ,0,0,0,0,0,0,146.5384,0.708,1.864,1.643,2.242,2.513,1.974,2.713,2.146,1.834,1.973,2.013,1.038,1.564,2.045,3.043,2.387,2.133,1.864,2.404,2.061,1.858,2.626,2.154,1.822,1.712,1.996,1.852,2.064,1.854,1.601,2.432,1.623,2.38,1.489,1.398,1.743,1.428,1.656,1.995,1.771,1.424,2.072,2.261,2.015,1.966,2.374,4.99,2.406,2.534,1.424,1.291,1.89,0.831,2.549,,,,,,,,,,,,,,,,,,,,,,,,,,,,,,,,,,,,,,,,,,,,,,,,,,,,,,,,,,,,,,,,,,,,,,,,,,,,,,,,,,,,,,,,,,,,,,,,,,,,,,,,,,,
CO,PIPO,H,1H,B,1H-B,CO-PIPO-H-1H-B,,,2013,0,0,0,0,0,73,RINGWIDTH,1,NotAFile,10/23/2013 17:35,                   ,,2559 10613 8 RGB,Intr 0.021101 0.021161 N,EPSON EPSON Flatbed Scanner EPSON Perfection V700/V750 1.8 V3.24 3.24,0.0 [0],1876.0000 8738.0000 2024.0000 528.0000  1.0000,Tg A Int Y,50%,N F Acq,12 1.2922 Lin 1.00,0.1630 0.3580 0.5650 0.7595 0.9735 1.1605 1.3575 1.5370 1.7370 1.9300 2.1280 2.3400 ,22 41 67 92 117 137 155 171 184 195 204 211 ,0.2106 0.4626 0.7301 0.9814 1.2580 1.4996 1.7542 1.9861 2.2446 2.4939 2.7498 3.0237 ,0,0,0,0,0,0,173.7632,0.253,0.928,1.432,1.428,1.575,1.542,1.854,1.445,1.574,1.624,1.344,0.735,1.149,1.753,2.115,1.929,1.723,1.42,2.42,1.853,1.492,2.547,2.345,1.934,1.915,2.002,2.125,2.182,1.672,1.92,2.098,1.875,2.392,1.431,1.74,1.93,1.635,1.98,2.961,2.233,2.141,2.533,2.201,2.581,3.481,3.188,4.307,2.734,3.615,2.676,2.17,2.489,1.885,2.759,2.271,2.504,1.956,2.592,2.669,2.697,2.566,1.64,2.007,1.778,1.985,2.881,3.527,2.842,2.16,2.426,2.487,2.772,1.05,,,,,,,,,,,,,,,,,,,,,,,,,,,,,,,,,,,,,,,,,,,,,,,,,,,,,,,,,,,,,,,,,,,,,,,,,,,,,,,,,,,,,,,,
CO,PIPO,H,1L,A,1L-A,CO-PIPO-H-1L-A,,,2013,0,0,0,0,0,73,RINGWIDTH,1,NotAFile,10/23/2013 18:08,                   ,,2244 11224 8 RGB,Intr 0.021101 0.021161 N,EPSON EPSON Flatbed Scanner EPSON Perfection V700/V750 1.8 V3.24 3.24,0.0 [0],427.0000 8908.5000 356.0000 1349.0000  1.0000,Tg A Int Y,50%,N F Acq,12 1.2922 Lin 1.00,0.1630 0.3580 0.5650 0.7595 0.9735 1.1605 1.3575 1.5370 1.7370 1.9300 2.1280 2.3400 ,22 41 67 92 117 137 155 171 184 195 204 211 ,0.2106 0.4626 0.7301 0.9814 1.2580 1.4996 1.7542 1.9861 2.2446 2.4939 2.7498 3.0237 ,0,0,0,0,0,0,160.1363,0.909,2.093,2.781,2.949,3.145,2.535,3.37,2.899,2.35,2.806,2.507,2.47,2.432,2.497,3.132,2.346,2.43,2.156,3.706,3.441,3.011,3.502,4.169,2.938,3.884,3.632,3.105,3.686,2.57,2.729,2.982,3.276,3.193,2.666,2.515,1.841,1.524,1.333,1.013,1.689,1.501,2.073,2.072,2.856,2.617,1.029,2.338,1.856,1.646,0.924,1.525,2.016,2.052,1.267,1.501,1.179,0.868,1.463,1.453,1.695,1.531,0.994,0.924,1.06,0.631,0.58,0.539,1.119,0.982,0.818,1.114,0.884,0.03,,,,,,,,,,,,,,,,,,,,,,,,,,,,,,,,,,,,,,,,,,,,,,,,,,,,,,,,,,,,,,,,,,,,,,,,,,,,,,,,,,,,,,,,
CO,PIPO,H,1L,B,1L-B,CO-PIPO-H-1L-B,,,2013,0,0,0,0,0,71,RINGWIDTH,1,NotAFile,10/23/2013 18:08,                   ,,2244 11224 8 RGB,Intr 0.021101 0.021161 N,EPSON EPSON Flatbed Scanner EPSON Perfection V700/V750 1.8 V3.24 3.24,0.0 [0],1692.0000 9306.0000 1635.0000 366.0000  1.0000,Tg A Int Y,50%,N F Acq,12 1.2922 Lin 1.00,0.1630 0.3580 0.5650 0.7595 0.9735 1.1605 1.3575 1.5370 1.7370 1.9300 2.1280 2.3400 ,22 41 67 92 117 137 155 171 184 195 204 211 ,0.2106 0.4626 0.7301 0.9814 1.2580 1.4996 1.7542 1.9861 2.2446 2.4939 2.7498 3.0237 ,0,0,0,0,0,0,189.3486,1.355,2.857,3.449,3.661,3.83,3.936,5.343,4.118,3.507,3.822,2.876,1.923,3.107,3.215,3.701,3.583,3.251,3.451,4.125,3.332,3.026,3.893,4.567,4.168,3.449,3.869,3.51,4.444,2.856,2.833,2.556,3.103,3.915,3.87,5.189,1.603,0.801,1.502,1.418,2.201,2.112,2.555,2.733,3.369,2.214,1.335,2.65,2.835,3.254,2.259,1.926,1.361,1.001,0.916,1.765,1.394,0.897,1.023,1.076,1.233,1.364,2.496,0.988,0.95,0.73,0.51,0.602,1.59,1.474,0.913,0.849,,,,,,,,,,,,,,,,,,,,,,,,,,,,,,,,,,,,,,,,,,,,,,,,,,,,,,,,,,,,,,,,,,,,,,,,,,,,,,,,,,,,,,,,,,
CO,PIPO,H,1L,A,1L-A,CO-PIPO-H-1L-A,,,2013,0,0,0,0,0,54,RINGWIDTH,1,CO-PIPO-H-1H-Both.tif,10/23/2013 18:09,                   ,,2559 10613 8 RGB,Intr 0.021101 0.021161 N,Regent Instruments Inc.  WinDENDRO Reg 2009b,0.0 [0],314.0000 7134.0000 418.0000 210.0000  1.0000,Tg A Int Y,50%,N F Acq,12 1.2922 Lin 1.00,0.1630 0.3580 0.5650 0.7595 0.9735 1.1605 1.3575 1.5370 1.7370 1.9300 2.1280 2.3400 ,22 41 67 92 117 137 155 171 184 195 204 211 ,0.2106 0.4626 0.7301 0.9814 1.2580 1.4996 1.7542 1.9861 2.2446 2.4939 2.7498 3.0237 ,0,0,0,0,0,0,146.5384,0.708,1.864,1.643,2.242,2.513,1.974,2.713,2.146,1.834,1.973,2.013,1.038,1.564,2.045,3.043,2.387,2.133,1.864,2.404,2.061,1.858,2.626,2.154,1.822,1.712,1.996,1.852,2.064,1.854,1.601,2.432,1.623,2.38,1.489,1.398,1.743,1.428,1.656,1.995,1.771,1.424,2.072,2.261,2.015,1.966,2.374,4.99,2.406,2.534,1.424,1.291,1.89,0.831,2.549,,,,,,,,,,,,,,,,,,,,,,,,,,,,,,,,,,,,,,,,,,,,,,,,,,,,,,,,,,,,,,,,,,,,,,,,,,,,,,,,,,,,,,,,,,,,,,,,,,,,,,,,,,,
CO,PIPO,H,1H,B,1H-B,CO-PIPO-H-1H-B,,,2013,0,0,0,0,0,73,RINGWIDTH,1,CO-PIPO-H-1H-Both.tif,10/23/2013 18:09,                   ,,2559 10613 8 RGB,Intr 0.021101 0.021161 N,Regent Instruments Inc.  WinDENDRO Reg 2009b,0.0 [0],1876.0000 8738.0000 2024.0000 528.0000  1.0000,Tg A Int Y,50%,N F Acq,12 1.2922 Lin 1.00,0.1630 0.3580 0.5650 0.7595 0.9735 1.1605 1.3575 1.5370 1.7370 1.9300 2.1280 2.3400 ,22 41 67 92 117 137 155 171 184 195 204 211 ,0.2106 0.4626 0.7301 0.9814 1.2580 1.4996 1.7542 1.9861 2.2446 2.4939 2.7498 3.0237 ,0,0,0,0,0,0,173.7632,0.253,0.928,1.432,1.428,1.575,1.542,1.854,1.445,1.574,1.624,1.344,0.735,1.149,1.753,2.115,1.929,1.723,1.42,2.42,1.853,1.492,2.547,2.345,1.934,1.915,2.002,2.125,2.182,1.672,1.92,2.098,1.875,2.392,1.431,1.74,1.93,1.635,1.98,2.961,2.233,2.141,2.533,2.201,2.581,3.481,3.188,4.307,2.734,3.615,2.676,2.17,2.489,1.885,2.759,2.271,2.504,1.956,2.592,2.669,2.697,2.566,1.64,2.007,1.778,1.985,2.881,3.527,2.842,2.16,2.426,2.487,2.772,1.05,,,,,,,,,,,,,,,,,,,,,,,,,,,,,,,,,,,,,,,,,,,,,,,,,,,,,,,,,,,,,,,,,,,,,,,,,,,,,,,,,,,,,,,,
CO,PIPO,H,1L,A,1L-A,CO-PIPO-H-1L-A,,,2013,0,0,0,0,0,54,RINGWIDTH,1,CO-PIPO-H-1H-Both.tif,10/23/2013 18:10,                   ,,2559 10613 8 RGB,Intr 0.021101 0.021161 N,Regent Instruments Inc.  WinDENDRO Reg 2009b,0.0 [0],314.0000 7134.0000 418.0000 210.0000  1.0000,Tg A Int Y,50%,N F Acq,12 1.2922 Lin 1.00,0.1630 0.3580 0.5650 0.7595 0.9735 1.1605 1.3575 1.5370 1.7370 1.9300 2.1280 2.3400 ,22 41 67 92 117 137 155 171 184 195 204 211 ,0.2106 0.4626 0.7301 0.9814 1.2580 1.4996 1.7542 1.9861 2.2446 2.4939 2.7498 3.0237 ,0,0,0,0,0,0,146.5384,0.708,1.864,1.643,2.242,2.513,1.974,2.713,2.146,1.834,1.973,2.013,1.038,1.564,2.045,3.043,2.387,2.133,1.864,2.404,2.061,1.858,2.626,2.154,1.822,1.712,1.996,1.852,2.064,1.854,1.601,2.432,1.623,2.38,1.489,1.398,1.743,1.428,1.656,1.995,1.771,1.424,2.072,2.261,2.015,1.966,2.374,4.99,2.406,2.534,1.424,1.291,1.89,0.831,2.549,,,,,,,,,,,,,,,,,,,,,,,,,,,,,,,,,,,,,,,,,,,,,,,,,,,,,,,,,,,,,,,,,,,,,,,,,,,,,,,,,,,,,,,,,,,,,,,,,,,,,,,,,,,
CO,PIPO,H,1H,B,1H-B,CO-PIPO-H-1H-B,,,2013,0,0,0,0,0,73,RINGWIDTH,1,CO-PIPO-H-1H-Both.tif,10/23/2013 18:10,                   ,,2559 10613 8 RGB,Intr 0.021101 0.021161 N,Regent Instruments Inc.  WinDENDRO Reg 2009b,0.0 [0],1876.0000 8738.0000 2024.0000 528.0000  1.0000,Tg A Int Y,50%,N F Acq,12 1.2922 Lin 1.00,0.1630 0.3580 0.5650 0.7595 0.9735 1.1605 1.3575 1.5370 1.7370 1.9300 2.1280 2.3400 ,22 41 67 92 117 137 155 171 184 195 204 211 ,0.2106 0.4626 0.7301 0.9814 1.2580 1.4996 1.7542 1.9861 2.2446 2.4939 2.7498 3.0237 ,0,0,0,0,0,0,173.7632,0.253,0.928,1.432,1.428,1.575,1.542,1.854,1.445,1.574,1.624,1.344,0.735,1.149,1.753,2.115,1.929,1.723,1.42,2.42,1.853,1.492,2.547,2.345,1.934,1.915,2.002,2.125,2.182,1.672,1.92,2.098,1.875,2.392,1.431,1.74,1.93,1.635,1.98,2.961,2.233,2.141,2.533,2.201,2.581,3.481,3.188,4.307,2.734,3.615,2.676,2.17,2.489,1.885,2.759,2.271,2.504,1.956,2.592,2.669,2.697,2.566,1.64,2.007,1.778,1.985,2.881,3.527,2.842,2.16,2.426,2.487,2.772,1.05,,,,,,,,,,,,,,,,,,,,,,,,,,,,,,,,,,,,,,,,,,,,,,,,,,,,,,,,,,,,,,,,,,,,,,,,,,,,,,,,,,,,,,,,
CO,PIPO,H,2H,A,2H-A,CO-PIPO-H-2H-A,,,2013,0,0,0,0,0,107,RINGWIDTH,1,NotAFile,10/28/2013 12:11,                   ,,2500 13823 8 RGB,Intr 0.021101 0.021161 N,EPSON EPSON Flatbed Scanner EPSON Perfection V700/V750 1.8 V3.24 3.24,0.0 [0],381.0000 13710.0000 636.0000 1917.0000  1.0000,Tg A Int Y,50%,N F Acq,12 1.2922 Lin 1.00,0.1630 0.3580 0.5650 0.7595 0.9735 1.1605 1.3575 1.5370 1.7370 1.9300 2.1280 2.3400 ,22 41 67 92 117 137 155 171 184 195 204 211 ,0.2106 0.4626 0.7301 0.9814 1.2580 1.4996 1.7542 1.9861 2.2446 2.4939 2.7498 3.0237 ,0,0,0,0,0,0,249.6145,1.282,1.593,1.83,1.768,1.514,2.857,1.948,1.493,1.917,2.157,1.21,1.237,1.932,2.835,2.031,2.073,1.923,2.111,1.82,1.651,2.37,2.137,2.263,1.733,1.498,1.902,2.239,1.52,1.796,2.177,2.234,2.059,1.306,1.601,1.622,1.833,1.982,2.322,1.791,1.755,2.154,1.52,1.833,2.362,2.216,1.838,2.114,2.854,1.163,0.211,1.432,1.798,1.733,2.01,1.375,2.026,2.255,1.691,2.067,2.761,2.179,2.421,1.714,2.451,2.618,2.576,3.491,3.193,3.241,2.853,2.797,2.28,3.695,3.678,2.932,3.121,3.276,3.005,2.316,2.325,2.285,2.539,2.89,3.595,2.359,2.619,3.485,2.68,2.971,3.016,4.883,2.79,4.228,3.045,3.119,4.633,0.973,1.392,3.62,1.348,1.794,3.251,2.838,3.735,2.8,2.347,1.507,,,,,,,,,,,,,,,,,,,,,,,,,,,,,,,,,,,,,,,,,,,,,,,,,,,,,,
CO,PIPO,H,2H,B,2H-B,CO-PIPO-H-2H-B,,,2013,0,0,0,0,0,107,RINGWIDTH,1,NotAFile,10/28/2013 12:11,                   ,,2500 13823 8 RGB,Intr 0.021101 0.021161 N,EPSON EPSON Flatbed Scanner EPSON Perfection V700/V750 1.8 V3.24 3.24,0.0 [0],1780.0000 13204.0000 2024.0000 336.0000  1.0000,Tg A Int Y,50%,N F Acq,12 1.2922 Lin 1.00,0.1630 0.3580 0.5650 0.7595 0.9735 1.1605 1.3575 1.5370 1.7370 1.9300 2.1280 2.3400 ,22 41 67 92 117 137 155 171 184 195 204 211 ,0.2106 0.4626 0.7301 0.9814 1.2580 1.4996 1.7542 1.9861 2.2446 2.4939 2.7498 3.0237 ,0,0,0,0,0,0,272.3537,2.182,2.069,2.294,1.734,1.427,2.524,1.866,1.253,1.879,1.556,1.343,1.726,2.087,2.607,2.204,2.062,2.004,2.365,2.135,2.041,2.259,2.021,2.458,1.684,1.322,1.772,2.561,1.831,1.903,2.567,2.478,2.333,1.59,1.307,1.702,1.888,2.179,2.386,1.847,1.889,2.243,1.653,1.862,2.393,1.967,2.406,2.511,2.615,1.77,2.068,2.096,2.117,2.089,0.19,1.752,2.384,2.785,1.883,2.428,3.216,2.303,2.645,2.246,2.27,2.379,2.498,3.397,3.038,2.926,2.597,3.3,2.637,3.326,3.18,2.326,2.624,3.107,2.981,3.086,3.207,3.975,3.572,3.263,4.933,3.296,4.057,3.718,3.273,2.916,3.49,3.999,3.343,4.634,3.212,4.162,3.654,2.574,3.449,2.697,1.97,3.191,3.343,3.935,3.017,2.527,2.657,0.847,,,,,,,,,,,,,,,,,,,,,,,,,,,,,,,,,,,,,,,,,,,,,,,,,,,,,,
CO,PIPO,H,2L,A,2L-A,CO-PIPO-H-2L-A,,,2013,0,0,0,0,0,115,RINGWIDTH,1,NotAFile,10/28/2013 12:36,                   ,,2028 13980 8 RGB,Intr 0.021101 0.021161 N,EPSON EPSON Flatbed Scanner EPSON Perfection V700/V750 1.8 V3.24 3.24,0.0 [0],216.0000 13944.0000 428.0000 108.0000  1.0000,Tg A Int Y,50%,N F Acq,12 1.2922 Lin 1.00,0.1630 0.3580 0.5650 0.7595 0.9735 1.1605 1.3575 1.5370 1.7370 1.9300 2.1280 2.3400 ,22 41 67 92 117 137 155 171 184 195 204 211 ,0.2106 0.4626 0.7301 0.9814 1.2580 1.4996 1.7542 1.9861 2.2446 2.4939 2.7498 3.0237 ,0,0,0,0,0,0,292.8234,0.521,0.418,0.567,0.398,0.188,0.523,0.46,0.333,0.381,0.202,0.357,0.86,0.881,0.902,0.711,0.738,0.929,0.486,0.38,0.631,0.922,1.203,1.055,0.865,0.907,1.515,1.196,1.256,1.357,1.317,1.213,0.821,0.823,0.844,0.845,1.371,1.422,1.213,1.798,1.547,1.127,1.437,2.02,1.77,1.937,2.125,1.805,1.555,1.136,1.472,1.135,1.263,0.692,1.049,1.582,1.012,0.844,1.371,1.163,1.524,1.418,1.566,1.904,1.672,1.734,1.459,1.542,2.302,2.765,2.878,2.651,2.299,2.88,2.861,3.044,2.77,3.324,2.56,3.63,3.714,5.113,6.032,3.782,3.828,4.88,5.09,5.28,4.994,6.812,5.539,7.398,5.866,5.67,4.1,3.135,4.542,4.032,4.747,4.236,4.227,5.072,4.22,4.396,6.305,5.56,5.986,5.695,5.076,5.255,4.652,6.15,4.461,3.741,5.246,3.014,,,,,,,,,,,,,,,,,,,,,,,,,,,,,,,,,,,,,,,,,,,,,,
CO,PIPO,H,2L,B,2L-B,CO-PIPO-H-2L-B,,,2013,0,0,0,0,0,115,RINGWIDTH,1,NotAFile,10/28/2013 12:36,                   ,,2028 13980 8 RGB,Intr 0.021101 0.021161 N,EPSON EPSON Flatbed Scanner EPSON Perfection V700/V750 1.8 V3.24 3.24,0.0 [0],1672.0000 13800.0000 1704.0000 332.0000  1.0000,Tg A Int Y,50%,N F Acq,12 1.2922 Lin 1.00,0.1630 0.3580 0.5650 0.7595 0.9735 1.1605 1.3575 1.5370 1.7370 1.9300 2.1280 2.3400 ,22 41 67 92 117 137 155 171 184 195 204 211 ,0.2106 0.4626 0.7301 0.9814 1.2580 1.4996 1.7542 1.9861 2.2446 2.4939 2.7498 3.0237 ,0,0,0,0,0,0,285.0026,0.91,0.635,0.952,0.928,0.376,1.009,0.461,0.443,0.756,0.798,0.654,0.761,0.74,1.798,1.713,1.396,1.438,1.502,1.258,1.109,1.481,1.185,1.565,1.121,1.058,1.222,2.17,1.98,1.532,2.087,1.974,1.681,1.159,1.074,1.264,1.159,1.706,2.125,1.744,2.014,2.367,1.361,1.822,2.182,2.212,2.17,2.094,2.8,2.211,1.811,1.957,1.923,2.01,1.079,1.735,1.689,1.702,1.389,2.233,1.559,2.128,2.111,2.389,1.902,2.198,2.3,2.218,2.473,2.22,2.696,2.378,2.416,3.055,3.004,3.617,3.722,3.253,2.959,3.554,3.109,3.215,3.079,4.264,3.49,3.288,4.134,3.599,3.856,3.805,3.809,4.418,5.913,4.105,5.343,4.603,3.006,3.729,3.143,4.213,2.697,3.69,4.017,2.707,3.885,4.36,5.847,3.755,3.425,3.705,3.229,3.028,3.478,2.548,2.268,2.484,,,,,,,,,,,,,,,,,,,,,,,,,,,,,,,,,,,,,,,,,,,,,,
CO,PIPO,H,3H,A,3H-A,CO-PIPO-H-3H-A,,,2013,0,0,0,0,0,159,RINGWIDTH,1,NotAFile,10/28/2013 13:03,                   ,,2008 13370 8 RGB,Intr 0.021101 0.021161 N,EPSON EPSON Flatbed Scanner EPSON Perfection V700/V750 1.8 V3.24 3.24,0.0 [0],216.0000 13281.0000 252.0000 270.0000  1.0000,Tg A Int Y,50%,N F Acq,12 1.2922 Lin 1.00,0.1630 0.3580 0.5650 0.7595 0.9735 1.1605 1.3575 1.5370 1.7370 1.9300 2.1280 2.3400 ,22 41 67 92 117 137 155 171 184 195 204 211 ,0.2106 0.4626 0.7301 0.9814 1.2580 1.4996 1.7542 1.9861 2.2446 2.4939 2.7498 3.0237 ,0,0,0,0,0,0,275.3321,0.762,0.99,0.821,0.865,0.759,0.783,0.588,0.526,0.348,0.223,0.232,0.255,0.317,0.407,0.244,0.294,0.398,0.253,0.189,0.232,0.228,0.21,0.125,0.272,0.23,0.398,0.294,0.481,0.607,0.482,0.638,0.517,0.538,0.603,0.605,0.711,0.545,0.649,0.355,0.416,0.333,0.355,0.372,0.494,0.478,0.712,0.567,0.463,0.42,0.686,0.573,0.843,0.772,1.362,1.32,1.348,1.142,1.437,1.14,0.716,0.712,0.689,0.793,0.88,1.387,1.18,1.348,1.369,1.746,1.66,2.149,1.408,1.76,1.791,1.945,1.794,1.755,1.71,1.797,2.581,3.089,3.893,2.221,2.836,3.15,3.171,2.579,2.929,3.299,2.316,3.882,2.847,2.937,2.482,1.995,3.037,2.718,3.771,3.286,3.026,4.234,4.095,3.851,4.061,4.154,3.535,4.036,3.15,3.562,2.657,3.376,2.994,2.455,2.877,2.335,2.041,3.087,2.376,1.958,2.4,2.82,2.292,2.604,2.279,2.031,2.052,2.494,2.148,2.454,3.229,2.148,2.452,2.712,2.431,3.119,2.727,2.692,2.494,1.972,1.931,1.602,2.44,2.455,2.671,2.401,1.681,1.218,1.781,2.847,2.599,2.186,1.556,1.29,1.5,1.226,0.487,1.083,1.623,0.829,,
CO,PIPO,H,3H,B,3H-B,CO-PIPO-H-3H-B,,,2013,0,0,0,0,0,133,RINGWIDTH,1,NotAFile,10/28/2013 13:03,                   ,,2008 13370 8 RGB,Intr 0.021101 0.021161 N,EPSON EPSON Flatbed Scanner EPSON Perfection V700/V750 1.8 V3.24 3.24,0.0 [0],1736.0000 12934.0000 1692.0000 560.0000  1.0000,Tg A Int Y,50%,N F Acq,12 1.2922 Lin 1.00,0.1630 0.3580 0.5650 0.7595 0.9735 1.1605 1.3575 1.5370 1.7370 1.9300 2.1280 2.3400 ,22 41 67 92 117 137 155 171 184 195 204 211 ,0.2106 0.4626 0.7301 0.9814 1.2580 1.4996 1.7542 1.9861 2.2446 2.4939 2.7498 3.0237 ,0,0,0,0,0,0,261.8529,0.733,0.856,0.995,0.905,0.786,1.241,0.931,1.112,0.79,0.686,0.229,0.665,0.96,1.32,1.11,0.985,1.089,1.32,1.297,0.898,1.393,1.204,1.367,1.185,1.634,1.445,1.833,1.263,1.534,1.87,1.639,1.77,1.078,1.418,1.185,0.719,1.269,1.352,0.994,0.74,0.528,0.571,0.985,0.689,0.802,0.72,0.761,0.895,0.838,0.575,0.802,0.906,0.848,0.864,1.329,1.282,1.324,1.135,1.815,1.522,1.333,1.819,1.439,1.881,1.5,2.177,1.905,1.903,1.82,2.071,2.158,2.643,2.244,2.494,2.089,2.623,2.285,2.325,2.113,2.307,2.518,2.919,3.023,2.516,3.025,2.793,3.15,3.277,2.666,3.278,2.899,3.491,2.642,2.977,3.266,2.447,3.631,3.171,3.288,3.392,3.31,3.206,3.744,3.589,3.536,3.9,3.415,3.249,2.985,3.406,3.13,2.93,2.408,1.658,2.085,2.03,1.915,2.666,2.013,1.669,2.268,2.491,2.41,2.404,2.149,1.952,1.706,2.874,1.763,2.433,2.721,1.499,0.507,,,,,,,,,,,,,,,,,,,,,,,,,,,,
CO,PIPO,H,3L,A,3L-A,CO-PIPO-H-3L-A,,,2013,0,0,0,0,0,140,RINGWIDTH,1,NotAFile,10/28/2013 13:23,                   ,,2087 13331 8 RGB,Intr 0.021101 0.021161 N,EPSON EPSON Flatbed Scanner EPSON Perfection V700/V750 1.8 V3.24 3.24,0.0 [0],342.0000 13088.0000 194.0000 340.0000  1.0000,Tg A Int Y,50%,N F Acq,12 1.2922 Lin 1.00,0.1630 0.3580 0.5650 0.7595 0.9735 1.1605 1.3575 1.5370 1.7370 1.9300 2.1280 2.3400 ,22 41 67 92 117 137 155 171 184 195 204 211 ,0.2106 0.4626 0.7301 0.9814 1.2580 1.4996 1.7542 1.9861 2.2446 2.4939 2.7498 3.0237 ,0,0,0,0,0,0,269.7837,0.698,0.926,0.799,1.304,1.262,1.136,1.306,0.947,0.666,1.1,0.84,0.442,0.515,0.84,1.354,1.459,1.246,1.711,1.014,0.846,1.035,1.036,1.477,1.366,0.859,1.036,1.1,1.312,0.995,1.143,1.397,1.106,1.475,0.74,0.951,0.824,0.993,1.057,1.501,0.864,1.225,1.5,0.93,1.311,1.248,1.396,1.966,1.861,1.981,1.647,1.033,1.436,1.097,1.244,0.907,1.162,1.346,1.05,1.153,1.407,1.481,1.584,1.1,1.417,2.074,1.397,1.714,1.775,1.882,2.326,2.03,2.158,2.377,1.631,1.321,1.158,1.753,2.087,2.492,1.985,2.527,2.369,2.65,2.919,2.526,2.922,2.842,3.448,3.071,3.168,3.309,2.56,4.132,2.973,3.601,3.239,2.544,2.961,2.898,3.534,3.146,2.819,3.936,3.067,3.195,3.491,4.338,3.063,3.379,3.331,3.201,2.608,2.783,2.38,2.082,2.64,1.945,2.031,2.309,2.151,1.436,1.966,2.387,2.034,2.292,2.23,2.939,2.315,2.908,2.476,2.793,2.636,2.091,1.836,5.479,1.417,0.845,2.277,2.034,0.38,,,,,,,,,,,,,,,,,,,,,
CO,PIPO,H,2H,A,2H-A,CO-PIPO-H-2H-A,,,2013,0,0,0,0,0,106,RINGWIDTH,1,CO-PIPO-H-2H-Both.tif,10/28/2013 17:13,                   ,,2500 13823 8 RGB,Intr 0.021101 0.021161 N,Regent Instruments Inc.  WinDENDRO Reg 2009b,0.0 [0],381.0000 13710.0000 636.0000 1917.0000  1.0000,Tg A Int Y,50%,N F Acq,12 1.2922 Lin 1.00,0.1630 0.3580 0.5650 0.7595 0.9735 1.1605 1.3575 1.5370 1.7370 1.9300 2.1280 2.3400 ,22 41 67 92 117 137 155 171 184 195 204 211 ,0.2106 0.4626 0.7301 0.9814 1.2580 1.4996 1.7542 1.9861 2.2446 2.4939 2.7498 3.0237 ,0,0,0,0,0,0,249.6145,1.282,1.593,1.83,1.768,1.514,2.857,1.948,1.493,1.917,2.157,1.21,1.237,1.932,2.835,2.031,2.073,1.923,2.111,1.82,1.651,2.37,2.137,2.263,1.733,1.498,1.902,2.239,1.52,1.796,2.177,2.234,2.059,1.306,1.601,1.622,1.833,1.982,2.322,1.791,1.755,2.154,1.52,1.833,2.362,2.216,1.838,2.114,2.854,1.374,1.432,1.798,1.733,2.01,1.375,2.026,2.255,1.691,2.067,2.761,2.179,2.421,1.714,2.451,2.618,2.576,3.491,3.193,3.241,2.853,2.797,2.28,3.695,3.678,2.932,3.121,3.276,3.005,2.316,2.325,2.285,2.539,2.89,3.595,2.359,2.619,3.485,2.68,2.971,3.016,4.883,2.79,4.228,3.045,3.119,4.633,0.973,1.392,3.62,1.348,1.794,3.251,2.838,3.735,2.8,2.347,1.507,,,,,,,,,,,,,,,,,,,,,,,,,,,,,,,,,,,,,,,,,,,,,,,,,,,,,,,
CO,PIPO,H,2H,B,2H-B,CO-PIPO-H-2H-B,,,2013,0,0,0,0,0,106,RINGWIDTH,1,CO-PIPO-H-2H-Both.tif,10/28/2013 17:13,                   ,,2500 13823 8 RGB,Intr 0.021101 0.021161 N,Regent Instruments Inc.  WinDENDRO Reg 2009b,0.0 [0],1780.0000 13204.0000 2024.0000 336.0000  1.0000,Tg A Int Y,50%,N F Acq,12 1.2922 Lin 1.00,0.1630 0.3580 0.5650 0.7595 0.9735 1.1605 1.3575 1.5370 1.7370 1.9300 2.1280 2.3400 ,22 41 67 92 117 137 155 171 184 195 204 211 ,0.2106 0.4626 0.7301 0.9814 1.2580 1.4996 1.7542 1.9861 2.2446 2.4939 2.7498 3.0237 ,0,0,0,0,0,0,272.3537,2.182,2.069,2.294,1.734,1.427,2.524,1.866,1.253,1.879,1.556,1.343,1.726,2.087,2.607,2.204,2.062,2.004,2.365,2.135,2.041,2.259,2.021,2.458,1.684,1.322,1.772,2.561,1.831,1.903,2.567,2.478,2.333,1.59,1.307,1.702,1.888,2.179,2.386,1.847,1.889,2.243,1.653,1.862,2.393,1.967,2.406,2.511,2.615,1.77,2.068,2.096,2.117,2.278,1.752,2.384,2.785,1.883,2.428,3.216,2.303,2.645,2.246,2.27,2.379,2.498,3.397,3.038,2.926,2.597,3.3,2.637,3.326,3.18,2.326,2.624,3.107,2.981,3.086,3.207,3.975,3.572,3.263,4.933,3.296,4.057,3.718,3.273,2.916,3.49,3.999,3.343,4.634,3.212,4.162,3.654,2.574,3.449,2.697,1.97,3.191,3.343,3.935,3.017,2.527,2.657,0.847,,,,,,,,,,,,,,,,,,,,,,,,,,,,,,,,,,,,,,,,,,,,,,,,,,,,,,,
CO,PIPO,H,1L,A,1L-A,CO-PIPO-H-1L-A,,,2013,0,0,0,0,0,54,RINGWIDTH,1,CO-PIPO-H-1H-Both.tif,10/28/2013 17:14,                   ,,2559 10613 8 RGB,Intr 0.021101 0.021161 N,Regent Instruments Inc.  WinDENDRO Reg 2009b,0.0 [0],314.0000 7134.0000 418.0000 210.0000  1.0000,Tg A Int Y,50%,N F Acq,12 1.2922 Lin 1.00,0.1630 0.3580 0.5650 0.7595 0.9735 1.1605 1.3575 1.5370 1.7370 1.9300 2.1280 2.3400 ,22 41 67 92 117 137 155 171 184 195 204 211 ,0.2106 0.4626 0.7301 0.9814 1.2580 1.4996 1.7542 1.9861 2.2446 2.4939 2.7498 3.0237 ,0,0,0,0,0,0,146.5384,0.708,1.864,1.643,2.242,2.513,1.974,2.713,2.146,1.834,1.973,2.013,1.038,1.564,2.045,3.043,2.387,2.133,1.864,2.404,2.061,1.858,2.626,2.154,1.822,1.712,1.996,1.852,2.064,1.854,1.601,2.432,1.623,2.38,1.489,1.398,1.743,1.428,1.656,1.995,1.771,1.424,2.072,2.261,2.015,1.966,2.374,4.99,2.406,2.534,1.424,1.291,1.89,0.831,2.549,,,,,,,,,,,,,,,,,,,,,,,,,,,,,,,,,,,,,,,,,,,,,,,,,,,,,,,,,,,,,,,,,,,,,,,,,,,,,,,,,,,,,,,,,,,,,,,,,,,,,,,,,,,
CO,PIPO,H,1H,B,1H-B,CO-PIPO-H-1H-B,,,2013,0,0,0,0,0,73,RINGWIDTH,1,CO-PIPO-H-1H-Both.tif,10/28/2013 17:14,                   ,,2559 10613 8 RGB,Intr 0.021101 0.021161 N,Regent Instruments Inc.  WinDENDRO Reg 2009b,0.0 [0],1876.0000 8738.0000 2024.0000 528.0000  1.0000,Tg A Int Y,50%,N F Acq,12 1.2922 Lin 1.00,0.1630 0.3580 0.5650 0.7595 0.9735 1.1605 1.3575 1.5370 1.7370 1.9300 2.1280 2.3400 ,22 41 67 92 117 137 155 171 184 195 204 211 ,0.2106 0.4626 0.7301 0.9814 1.2580 1.4996 1.7542 1.9861 2.2446 2.4939 2.7498 3.0237 ,0,0,0,0,0,0,173.7632,0.253,0.928,1.432,1.428,1.575,1.542,1.854,1.445,1.574,1.624,1.344,0.735,1.149,1.753,2.115,1.929,1.723,1.42,2.42,1.853,1.492,2.547,2.345,1.934,1.915,2.002,2.125,2.182,1.672,1.92,2.098,1.875,2.392,1.431,1.74,1.93,1.635,1.98,2.961,2.233,2.141,2.533,2.201,2.581,3.481,3.188,4.307,2.734,3.615,2.676,2.17,2.489,1.885,2.759,2.271,2.504,1.956,2.592,2.669,2.697,2.566,1.64,2.007,1.778,1.985,2.881,3.527,2.842,2.16,2.426,2.487,2.772,1.05,,,,,,,,,,,,,,,,,,,,,,,,,,,,,,,,,,,,,,,,,,,,,,,,,,,,,,,,,,,,,,,,,,,,,,,,,,,,,,,,,,,,,,,,
CO,PIPO,H,2H,A,2H-A,CO-PIPO-H-2H-A,,,2013,0,0,0,0,0,107,RINGWIDTH,1,CO-PIPO-H-2H-Both.tif,10/28/2013 17:17,                   ,,2500 13823 8 RGB,Intr 0.021101 0.021161 N,Regent Instruments Inc.  WinDENDRO Reg 2009b,0.0 [0],381.0000 13710.0000 636.0000 1917.0000  1.0000,Tg A Int Y,50%,N F Acq,12 1.2922 Lin 1.00,0.1630 0.3580 0.5650 0.7595 0.9735 1.1605 1.3575 1.5370 1.7370 1.9300 2.1280 2.3400 ,22 41 67 92 117 137 155 171 184 195 204 211 ,0.2106 0.4626 0.7301 0.9814 1.2580 1.4996 1.7542 1.9861 2.2446 2.4939 2.7498 3.0237 ,0,0,0,0,0,0,249.6145,0.218,1.282,1.593,1.83,1.768,1.514,2.857,1.948,1.493,1.917,2.157,1.21,1.237,1.932,2.835,2.031,2.073,1.923,2.111,1.82,1.651,2.37,2.137,2.263,1.733,1.498,1.902,2.239,1.52,1.796,2.177,2.234,2.059,1.306,1.601,1.622,1.833,1.982,2.322,1.791,1.755,2.154,1.52,1.833,2.362,2.216,1.838,2.114,2.854,1.374,1.432,1.798,1.733,2.01,1.375,2.026,2.255,1.691,2.067,2.761,2.179,2.421,1.714,2.451,2.618,2.576,3.491,3.193,3.241,2.853,2.797,2.28,3.695,3.678,2.932,3.121,3.276,3.005,2.316,2.325,2.285,2.539,2.89,3.595,2.359,2.619,3.485,2.68,2.971,3.016,4.883,2.79,4.228,3.045,3.119,4.633,0.973,1.392,3.62,1.348,1.794,3.251,2.838,3.735,2.8,2.347,1.507,,,,,,,,,,,,,,,,,,,,,,,,,,,,,,,,,,,,,,,,,,,,,,,,,,,,,,
CO,PIPO,H,2H,B,2H-B,CO-PIPO-H-2H-B,,,2013,0,0,0,0,0,107,RINGWIDTH,1,CO-PIPO-H-2H-Both.tif,10/28/2013 17:17,                   ,,2500 13823 8 RGB,Intr 0.021101 0.021161 N,Regent Instruments Inc.  WinDENDRO Reg 2009b,0.0 [0],1780.0000 13204.0000 2024.0000 336.0000  1.0000,Tg A Int Y,50%,N F Acq,12 1.2922 Lin 1.00,0.1630 0.3580 0.5650 0.7595 0.9735 1.1605 1.3575 1.5370 1.7370 1.9300 2.1280 2.3400 ,22 41 67 92 117 137 155 171 184 195 204 211 ,0.2106 0.4626 0.7301 0.9814 1.2580 1.4996 1.7542 1.9861 2.2446 2.4939 2.7498 3.0237 ,0,0,0,0,0,0,272.3537,0.276,2.182,2.069,2.294,1.734,1.427,2.524,1.866,1.253,1.879,1.556,1.343,1.726,2.087,2.607,2.204,2.062,2.004,2.365,2.135,2.041,2.259,2.021,2.458,1.684,1.322,1.772,2.561,1.831,1.903,2.567,2.478,2.333,1.59,1.307,1.702,1.888,2.179,2.386,1.847,1.889,2.243,1.653,1.862,2.393,1.967,2.406,2.511,2.615,1.77,2.068,2.096,2.117,2.278,1.752,2.384,2.785,1.883,2.428,3.216,2.303,2.645,2.246,2.27,2.379,2.498,3.397,3.038,2.926,2.597,3.3,2.637,3.326,3.18,2.326,2.624,3.107,2.981,3.086,3.207,3.975,3.572,3.263,4.933,3.296,4.057,3.718,3.273,2.916,3.49,3.999,3.343,4.634,3.212,4.162,3.654,2.574,3.449,2.697,1.97,3.191,3.343,3.935,3.017,2.527,2.657,0.847,,,,,,,,,,,,,,,,,,,,,,,,,,,,,,,,,,,,,,,,,,,,,,,,,,,,,,
CO,PIPO,H,1L,A,1L-A,CO-PIPO-H-1L-A,,,2013,0,0,0,0,0,73,RINGWIDTH,1,CO-PIPO-H-1L_both.tif,10/28/2013 17:18,                   ,,2244 11224 8 RGB,Intr 0.021101 0.021161 N,Regent Instruments Inc.  WinDENDRO Reg 2009b,0.0 [0],427.0000 8908.5000 356.0000 1349.0000  1.0000,Tg A Int Y,50%,N F Acq,12 1.2922 Lin 1.00,0.1630 0.3580 0.5650 0.7595 0.9735 1.1605 1.3575 1.5370 1.7370 1.9300 2.1280 2.3400 ,22 41 67 92 117 137 155 171 184 195 204 211 ,0.2106 0.4626 0.7301 0.9814 1.2580 1.4996 1.7542 1.9861 2.2446 2.4939 2.7498 3.0237 ,0,0,0,0,0,0,160.1363,0.909,2.093,2.781,2.949,3.145,2.535,3.37,2.899,2.35,2.806,2.507,2.47,2.432,2.497,3.132,2.346,2.43,2.156,3.706,3.441,3.011,3.502,4.169,2.938,3.884,3.632,3.105,3.686,2.57,2.729,2.982,3.276,3.193,2.666,2.515,1.841,1.524,1.333,1.013,1.689,1.501,2.073,2.072,2.856,2.617,1.029,2.338,1.856,1.646,0.924,1.525,2.016,2.052,1.267,1.501,1.179,0.868,1.463,1.453,1.695,1.531,0.994,0.924,1.06,0.631,0.58,0.539,1.119,0.982,0.818,1.114,0.884,0.03,,,,,,,,,,,,,,,,,,,,,,,,,,,,,,,,,,,,,,,,,,,,,,,,,,,,,,,,,,,,,,,,,,,,,,,,,,,,,,,,,,,,,,,,
CO,PIPO,H,1L,B,1L-B,CO-PIPO-H-1L-B,,,2013,0,0,0,0,0,71,RINGWIDTH,1,CO-PIPO-H-1L_both.tif,10/28/2013 17:18,                   ,,2244 11224 8 RGB,Intr 0.021101 0.021161 N,Regent Instruments Inc.  WinDENDRO Reg 2009b,0.0 [0],1692.0000 9306.0000 1635.0000 366.0000  1.0000,Tg A Int Y,50%,N F Acq,12 1.2922 Lin 1.00,0.1630 0.3580 0.5650 0.7595 0.9735 1.1605 1.3575 1.5370 1.7370 1.9300 2.1280 2.3400 ,22 41 67 92 117 137 155 171 184 195 204 211 ,0.2106 0.4626 0.7301 0.9814 1.2580 1.4996 1.7542 1.9861 2.2446 2.4939 2.7498 3.0237 ,0,0,0,0,0,0,189.3486,1.355,2.857,3.449,3.661,3.83,3.936,5.343,4.118,3.507,3.822,2.876,1.923,3.107,3.215,3.701,3.583,3.251,3.451,4.125,3.332,3.026,3.893,4.567,4.168,3.449,3.869,3.51,4.444,2.856,2.833,2.556,3.103,3.915,3.87,5.189,1.603,0.801,1.502,1.418,2.201,2.112,2.555,2.733,3.369,2.214,1.335,2.65,2.835,3.254,2.259,1.926,1.361,1.001,0.916,1.765,1.394,0.897,1.023,1.076,1.233,1.364,2.496,0.988,0.95,0.73,0.51,0.602,1.59,1.474,0.913,0.849,,,,,,,,,,,,,,,,,,,,,,,,,,,,,,,,,,,,,,,,,,,,,,,,,,,,,,,,,,,,,,,,,,,,,,,,,,,,,,,,,,,,,,,,,,
CO,PIPO,H,2L,A,2L-A,CO-PIPO-H-2L-A,,,2013,0,0,0,0,0,117,RINGWIDTH,1,CO-PIPO-H-2L-Both.tif,10/28/2013 17:22,                   ,,2028 13980 8 RGB,Intr 0.021101 0.021161 N,Regent Instruments Inc.  WinDENDRO Reg 2009b,0.0 [0],216.0000 13944.0000 428.0000 108.0000  1.0000,Tg A Int Y,50%,N F Acq,12 1.2922 Lin 1.00,0.1630 0.3580 0.5650 0.7595 0.9735 1.1605 1.3575 1.5370 1.7370 1.9300 2.1280 2.3400 ,22 41 67 92 117 137 155 171 184 195 204 211 ,0.2106 0.4626 0.7301 0.9814 1.2580 1.4996 1.7542 1.9861 2.2446 2.4939 2.7498 3.0237 ,0,0,0,0,0,0,292.8234,0.086,0.414,0.491,0.6,0.398,0.188,0.523,0.343,0.117,0.333,0.381,0.202,0.357,0.86,0.881,0.902,0.711,0.738,0.929,0.486,0.38,0.631,0.922,1.203,1.055,0.865,0.907,1.515,1.196,1.256,1.357,1.317,1.213,0.821,0.823,0.844,0.845,1.371,1.422,1.213,1.798,1.547,1.127,1.437,2.02,1.77,1.937,2.125,1.805,1.555,1.136,1.472,1.135,1.263,0.692,1.049,1.582,1.012,0.844,1.371,1.163,1.524,1.418,1.566,1.904,1.672,1.734,1.412,1.589,2.302,2.765,2.878,2.651,2.299,2.88,2.861,3.044,2.77,3.324,2.56,3.63,3.714,5.113,6.032,3.782,3.828,4.88,5.09,5.28,4.994,6.812,5.539,7.398,5.866,5.67,4.1,3.135,4.542,4.032,4.747,4.236,4.227,5.072,4.22,4.396,6.305,5.56,5.986,5.695,5.076,5.255,4.652,6.15,4.461,3.741,5.246,3.014,,,,,,,,,,,,,,,,,,,,,,,,,,,,,,,,,,,,,,,,,,,,
CO,PIPO,H,2L,B,2L-B,CO-PIPO-H-2L-B,,,2013,0,0,0,0,0,116,RINGWIDTH,1,CO-PIPO-H-2L-Both.tif,10/28/2013 17:22,                   ,,2028 13980 8 RGB,Intr 0.021101 0.021161 N,Regent Instruments Inc.  WinDENDRO Reg 2009b,0.0 [0],1672.0000 13800.0000 1704.0000 332.0000  1.0000,Tg A Int Y,50%,N F Acq,12 1.2922 Lin 1.00,0.1630 0.3580 0.5650 0.7595 0.9735 1.1605 1.3575 1.5370 1.7370 1.9300 2.1280 2.3400 ,22 41 67 92 117 137 155 171 184 195 204 211 ,0.2106 0.4626 0.7301 0.9814 1.2580 1.4996 1.7542 1.9861 2.2446 2.4939 2.7498 3.0237 ,0,0,0,0,0,0,285.0026,0.223,0.91,0.635,0.952,0.928,0.376,0.85,0.619,0.327,0.872,0.798,0.654,0.761,0.74,1.798,1.713,1.396,1.438,1.502,1.258,1.109,1.481,1.185,1.565,1.121,1.058,1.222,2.17,1.98,1.532,2.087,1.974,1.681,1.159,1.074,1.264,1.159,1.706,2.125,1.744,2.014,2.367,1.361,1.822,2.182,2.212,2.17,2.094,2.8,2.211,1.811,1.957,1.923,2.01,1.079,1.735,1.689,1.702,1.389,2.233,1.559,2.128,2.111,2.389,1.902,2.198,2.3,2.218,2.473,2.22,2.696,2.378,2.416,3.055,3.004,3.617,3.722,3.253,2.959,3.554,3.109,3.215,3.079,4.264,3.49,3.288,4.134,3.599,3.856,3.805,3.809,4.418,5.913,4.105,5.343,4.603,3.006,3.729,3.143,4.213,2.697,3.69,4.017,2.707,3.885,4.36,5.847,3.755,3.425,3.705,3.229,3.028,3.478,2.548,2.268,2.484,,,,,,,,,,,,,,,,,,,,,,,,,,,,,,,,,,,,,,,,,,,,,
CO,PIPO,H,3H,A,3H-A,CO-PIPO-H-3H-A,,,2013,0,0,0,0,0,160,RINGWIDTH,1,CO-PIPO-H-3H-Both.tif,10/28/2013 17:24,                   ,,2008 13370 8 RGB,Intr 0.021101 0.021161 N,Regent Instruments Inc.  WinDENDRO Reg 2009b,0.0 [0],216.0000 13281.0000 252.0000 270.0000  1.0000,Tg A Int Y,50%,N F Acq,12 1.2922 Lin 1.00,0.1630 0.3580 0.5650 0.7595 0.9735 1.1605 1.3575 1.5370 1.7370 1.9300 2.1280 2.3400 ,22 41 67 92 117 137 155 171 184 195 204 211 ,0.2106 0.4626 0.7301 0.9814 1.2580 1.4996 1.7542 1.9861 2.2446 2.4939 2.7498 3.0237 ,0,0,0,0,0,0,275.3321,0.128,0.762,0.99,0.821,0.865,0.759,0.783,0.588,0.526,0.348,0.223,0.232,0.255,0.317,0.407,0.244,0.294,0.398,0.253,0.189,0.232,0.228,0.21,0.125,0.272,0.23,0.398,0.294,0.481,0.607,0.482,0.638,0.517,0.538,0.603,0.605,0.711,0.545,0.649,0.355,0.416,0.333,0.355,0.372,0.494,0.478,0.712,0.567,0.463,0.42,0.686,0.573,0.843,0.772,1.362,1.32,1.348,1.142,1.437,1.14,0.716,0.712,0.689,0.793,0.88,1.387,1.18,1.348,1.369,1.746,1.66,2.149,1.408,1.76,1.791,1.945,1.794,1.755,1.71,1.797,2.581,3.089,3.893,2.221,2.836,3.15,3.171,2.579,2.929,3.299,2.316,3.882,2.847,2.937,2.482,1.995,3.037,2.718,3.771,3.286,3.026,4.234,4.095,3.851,4.061,4.154,3.535,4.036,3.15,3.562,2.657,3.376,2.994,2.455,2.877,2.335,2.041,3.087,2.376,1.958,2.4,2.82,2.292,2.604,2.279,2.031,2.052,2.494,2.148,2.454,3.229,2.148,2.452,2.712,2.431,3.119,2.727,2.692,2.494,1.972,1.931,1.602,2.44,2.455,2.671,2.401,1.681,1.218,1.781,2.847,2.599,2.186,1.556,1.29,1.5,1.226,0.487,1.083,1.623,0.829,
CO,PIPO,H,3H,B,3H-B,CO-PIPO-H-3H-B,,,2013,0,0,0,0,0,134,RINGWIDTH,1,CO-PIPO-H-3H-Both.tif,10/28/2013 17:24,                   ,,2008 13370 8 RGB,Intr 0.021101 0.021161 N,Regent Instruments Inc.  WinDENDRO Reg 2009b,0.0 [0],1736.0000 12934.0000 1692.0000 560.0000  1.0000,Tg A Int Y,50%,N F Acq,12 1.2922 Lin 1.00,0.1630 0.3580 0.5650 0.7595 0.9735 1.1605 1.3575 1.5370 1.7370 1.9300 2.1280 2.3400 ,22 41 67 92 117 137 155 171 184 195 204 211 ,0.2106 0.4626 0.7301 0.9814 1.2580 1.4996 1.7542 1.9861 2.2446 2.4939 2.7498 3.0237 ,0,0,0,0,0,0,261.8529,0.19,0.733,0.856,0.995,0.905,0.786,1.241,0.931,1.112,0.79,0.686,0.229,0.665,0.96,1.32,1.11,0.985,1.089,1.32,1.297,0.898,1.393,1.204,1.367,1.185,1.634,1.445,1.833,1.263,1.534,1.87,1.639,1.77,1.078,1.418,1.185,0.719,1.269,1.352,0.994,0.74,0.528,0.571,0.985,0.689,0.802,0.72,0.761,0.895,0.838,0.575,0.802,0.906,0.848,0.864,1.329,1.282,1.324,1.135,1.815,1.522,1.333,1.819,1.439,1.881,1.5,2.177,1.905,1.903,1.82,2.071,2.158,2.643,2.244,2.494,2.089,2.623,2.285,2.325,2.113,2.307,2.518,2.919,3.023,2.516,3.025,2.793,3.15,3.277,2.666,3.278,2.899,3.491,2.642,2.977,3.266,2.447,3.631,3.171,3.288,3.392,3.31,3.206,3.744,3.589,3.536,3.9,3.415,3.249,2.985,3.406,3.13,2.93,2.408,1.658,2.085,2.03,1.915,2.666,2.013,1.669,2.268,2.491,2.41,2.404,2.149,1.952,1.706,2.874,1.763,2.433,2.721,1.499,0.507,,,,,,,,,,,,,,,,,,,,,,,,,,,
CO,PIPO,H,3L,A,3L-A,CO-PIPO-H-3L-A,,,2013,0,0,0,0,0,145,RINGWIDTH,1,NotAFile,10/28/2013 17:39,                   ,,2087 13665 8 RGB,Intr 0.021101 0.021161 N,EPSON EPSON Flatbed Scanner EPSON Perfection V700/V750 1.8 V3.24 3.24,0.0 [0],298.0000 13026.0000 242.0000 172.0000  1.0000,Tg A Int Y,50%,N F Acq,12 1.2922 Lin 1.00,0.1630 0.3580 0.5650 0.7595 0.9735 1.1605 1.3575 1.5370 1.7370 1.9300 2.1280 2.3400 ,22 41 67 92 117 137 155 171 184 195 204 211 ,0.2106 0.4626 0.7301 0.9814 1.2580 1.4996 1.7542 1.9861 2.2446 2.4939 2.7498 3.0237 ,0,0,0,0,0,0,272.0113,0.383,0.943,0.793,1.33,1.225,1.162,1.327,0.969,0.677,1.015,0.886,0.484,0.522,0.823,1.354,1.481,1.224,1.562,1.142,0.906,1.036,0.993,1.499,1.346,0.89,1.03,1.1,1.311,0.994,1.122,1.394,1.124,1.394,0.785,0.93,0.844,1.015,1.036,1.478,0.866,1.224,1.52,0.906,1.142,1.459,1.393,1.987,1.86,1.987,1.658,1.047,1.438,1.096,1.222,0.928,1.161,1.32,1.049,1.177,1.412,1.457,1.543,1.118,1.439,2.053,1.354,1.734,1.773,1.882,2.327,2.051,1.987,2.598,1.659,1.323,1.157,1.744,2.061,2.504,1.987,2.537,2.347,2.64,2.889,2.53,2.946,2.881,3.424,3.143,3.147,3.316,2.543,4.077,2.971,3.615,3.23,2.534,3,2.897,3.593,3.107,2.858,3.923,3.019,3.168,3.453,4.302,3.08,3.425,3.342,3.236,2.621,2.787,2.36,2.107,2.645,1.925,2.031,2.264,2.156,1.437,1.933,2.389,2.064,2.325,2.199,2.934,2.325,2.933,2.496,2.772,2.899,1.797,1.737,1.765,1.302,1.48,1.057,0.814,0.582,0.844,0.682,1.57,1.953,1.487,,,,,,,,,,,,,,,,
CO,PIPO,H,3L,B,3L-B,CO-PIPO-H-3L-B,,,2013,0,0,0,0,0,119,RINGWIDTH,1,NotAFile,10/28/2013 17:39,                   ,,2087 13665 8 RGB,Intr 0.021101 0.021161 N,EPSON EPSON Flatbed Scanner EPSON Perfection V700/V750 1.8 V3.24 3.24,0.0 [0],1726.0000 13540.0000 1706.0000 286.0000  1.0000,Tg A Int Y,50%,N F Acq,12 1.2922 Lin 1.00,0.1630 0.3580 0.5650 0.7595 0.9735 1.1605 1.3575 1.5370 1.7370 1.9300 2.1280 2.3400 ,22 41 67 92 117 137 155 171 184 195 204 211 ,0.2106 0.4626 0.7301 0.9814 1.2580 1.4996 1.7542 1.9861 2.2446 2.4939 2.7498 3.0237 ,0,0,0,0,0,0,280.4736,0.127,1.226,1.142,1.438,1.565,0.952,1.543,1.414,0.698,1.312,1.248,0.93,1.268,1.649,1.629,1.82,1.312,1.374,1.5,1.226,1.182,1.477,1.629,1.438,1.329,1.218,1.239,1.575,1.118,1.287,1.773,1.752,1.984,1.12,1.076,1.084,1.301,1.535,2.086,1.688,1.247,1.667,1.395,1.625,2.332,2.121,2.113,2.3,2.574,2.045,1.519,1.967,1.439,1.439,1.333,1.566,1.841,1.31,1.499,2.048,2.005,1.583,1.903,1.693,1.82,1.968,1.926,1.437,2.494,2.511,1.966,2.137,2.369,2.043,1.577,2.205,2.874,2.701,2.933,2.363,2.763,2.92,3.533,4.269,3.665,3.852,3.652,3.784,3.735,3.879,5.054,2.751,4.584,3.746,4.465,4.683,2.434,3.675,3.177,3.31,3.371,3.042,4.36,3.309,3.78,3.882,4.464,4.028,4.052,3.527,3.856,3.575,3.761,3.886,3.834,3.639,2.878,2.652,0.847,,,,,,,,,,,,,,,,,,,,,,,,,,,,,,,,,,,,,,,,,,
CO,PIPO,H,4H,A,4H-A,CO-PIPO-H-4H-A,,,2013,0,0,0,0,0,138,RINGWIDTH,1,NotAFile,10/28/2013 17:56,                   ,,2303 13823 8 RGB,Intr 0.021101 0.021161 N,EPSON EPSON Flatbed Scanner EPSON Perfection V700/V750 1.8 V3.24 3.24,0.0 [0],234.0000 11902.0000 280.0000 298.0000  1.0000,Tg A Int Y,50%,N F Acq,12 1.2922 Lin 1.00,0.1630 0.3580 0.5650 0.7595 0.9735 1.1605 1.3575 1.5370 1.7370 1.9300 2.1280 2.3400 ,22 41 67 92 117 137 155 171 184 195 204 211 ,0.2106 0.4626 0.7301 0.9814 1.2580 1.4996 1.7542 1.9861 2.2446 2.4939 2.7498 3.0237 ,0,0,0,0,0,0,245.5589,0.169,0.444,0.76,0.717,0.696,0.337,0.632,0.633,0.444,0.926,1.197,0.695,1.096,1.477,2.087,1.5,1.015,1.162,1.793,1.48,1.584,1.56,2.033,2.074,2.007,1.841,1.968,2.137,1.566,1.903,2.31,1.935,1.983,1.419,1.102,1.2,1.42,1.634,2.007,1.758,1.686,1.671,1.206,2.264,2.264,2.37,2.624,2.221,2.621,2.261,1.607,1.668,2.023,1.583,1.647,2.153,2.75,1.798,2.533,2.875,2.518,2.793,2.475,1.989,2.899,2.349,3.047,2.645,2.538,2.433,2.412,2.184,2.31,2.236,2.092,2.43,2.602,2.369,2.54,2.01,2.602,2.094,2.771,2.811,2.747,2.028,3.027,2.465,2.528,2.072,3.149,1.988,2.762,1.925,1.967,2.356,1.339,2.043,1.509,1.874,1.895,2.042,1.97,1.793,2.212,2.13,1.806,1.537,1.556,1.323,1.417,1.086,1.444,1.73,1.355,1.188,0.873,0.994,1.162,1.146,0.83,1.021,1.318,1.058,0.91,0.719,1.18,0.603,0.786,0.724,1.028,1.017,0.856,1.051,1.29,1.795,2.047,1.176,,,,,,,,,,,,,,,,,,,,,,,
CO,PIPO,H,4H,B,4H-B,CO-PIPO-H-4H-B,,,2013,0,0,0,0,0,142,RINGWIDTH,1,NotAFile,10/28/2013 17:56,                   ,,2303 13823 8 RGB,Intr 0.021101 0.021161 N,EPSON EPSON Flatbed Scanner EPSON Perfection V700/V750 1.8 V3.24 3.24,0.0 [0],1812.0000 13072.0000 1936.0000 326.0000  1.0000,Tg A Int Y,50%,N F Acq,12 1.2922 Lin 1.00,0.1630 0.3580 0.5650 0.7595 0.9735 1.1605 1.3575 1.5370 1.7370 1.9300 2.1280 2.3400 ,22 41 67 92 117 137 155 171 184 195 204 211 ,0.2106 0.4626 0.7301 0.9814 1.2580 1.4996 1.7542 1.9861 2.2446 2.4939 2.7498 3.0237 ,0,0,0,0,0,0,269.3234,0.161,0.549,0.951,1.392,0.907,0.524,1.055,0.763,0.486,0.952,1.27,0.613,1.205,1.426,2.334,1.774,1.307,1.582,2.326,1.544,1.523,1.27,1.544,2.339,1.883,1.965,2.325,2.158,1.629,1.523,2.349,2.137,2.256,1.394,1.396,1.447,1.341,1.755,2.503,2.344,2.322,2.131,1.311,2.386,2.918,2.728,3.543,2.287,2.285,2.074,1.768,1.825,2.003,1.824,1.926,2.048,2.663,1.459,2.37,2.789,2.496,2.254,2.233,1.796,2.513,2.064,3.037,2.636,2.113,2.598,2.772,2.709,2.876,2.771,2.098,2.492,2.624,2.529,2.269,2.212,2.806,2.615,3.194,3.255,3.063,3.002,3.109,2.622,2.728,2.13,2.552,1.794,2.979,1.861,1.922,1.902,1.354,2.095,1.521,1.756,1.439,1.838,1.561,1.852,1.909,2.264,2.01,1.713,1.797,1.522,1.967,1.227,1.352,1.229,1.52,1.546,1.142,1.422,1.373,1.206,1.057,1.586,1.566,1.122,1.397,1.099,1.846,1.364,2.292,2.128,1.812,1.724,1.602,1.836,1.477,1.629,1.138,0.804,0.907,0.883,0.88,0.911,,,,,,,,,,,,,,,,,,,
CO,PIPO,H,4L,A,4L-A,CO-PIPO-H-4L-A,,,2013,0,0,0,0,0,77,RINGWIDTH,1,NotAFile,10/28/2013 18:13,                   ,,2047 13823 8 RGB,Intr 0.021101 0.021161 N,EPSON EPSON Flatbed Scanner EPSON Perfection V700/V750 1.8 V3.24 3.24,0.0 [0],261.0000 12915.0000 303.0000 534.0000  1.0000,Tg A Int Y,50%,N F Acq,12 1.2922 Lin 1.00,0.1630 0.3580 0.5650 0.7595 0.9735 1.1605 1.3575 1.5370 1.7370 1.9300 2.1280 2.3400 ,22 41 67 92 117 137 155 171 184 195 204 211 ,0.2106 0.4626 0.7301 0.9814 1.2580 1.4996 1.7542 1.9861 2.2446 2.4939 2.7498 3.0237 ,0,0,0,0,0,0,262.0009,0.423,2.612,3.512,3.084,2.716,2.496,3.634,2.218,3.101,3.083,2.373,2.334,2.442,2.358,4.427,3.937,3.175,2.673,4.811,3.89,3.207,4.22,4.178,3.418,2.173,2.932,3.122,3.566,2.638,3,3.174,3.47,4.316,3.301,2.728,3.228,3.461,3.863,4.288,4.332,3.445,3.022,2.913,3.555,3.631,3.144,3.871,3.555,3.978,4.126,3.369,3.494,3.222,3.242,3.468,2.591,3.439,3.554,3.819,3.923,4.058,3.246,3.415,3.284,3.472,3.936,3.532,2.895,3.413,3.437,4.142,3.24,2.37,1.74,2.01,4.591,0.452,,,,,,,,,,,,,,,,,,,,,,,,,,,,,,,,,,,,,,,,,,,,,,,,,,,,,,,,,,,,,,,,,,,,,,,,,,,,,,,,,,,,
CO,PIPO,H,4L,B,4L-B,CO-PIPO-H-4L-B,,,2013,0,0,0,0,0,70,RINGWIDTH,1,NotAFile,10/28/2013 18:13,                   ,,2047 13823 8 RGB,Intr 0.021101 0.021161 N,EPSON EPSON Flatbed Scanner EPSON Perfection V700/V750 1.8 V3.24 3.24,0.0 [0],1734.0000 12718.0000 1568.0000 1296.0000  1.0000,Tg A Int Y,50%,N F Acq,12 1.2922 Lin 1.00,0.1630 0.3580 0.5650 0.7595 0.9735 1.1605 1.3575 1.5370 1.7370 1.9300 2.1280 2.3400 ,22 41 67 92 117 137 155 171 184 195 204 211 ,0.2106 0.4626 0.7301 0.9814 1.2580 1.4996 1.7542 1.9861 2.2446 2.4939 2.7498 3.0237 ,0,0,0,0,0,0,241.731,0.897,3.13,2.513,3.151,2.748,2.812,4.117,2.43,2.935,3.774,2.32,2.346,2.771,2.53,3.344,3.134,3.272,3.131,3.291,3.271,3.085,3.76,3.334,4.078,4.191,4.487,3.978,5.436,3.282,2.423,4.089,3.564,3.302,2.145,2.592,3.701,3.564,3.756,4.821,4.103,4.778,3.264,2.751,3.533,4.506,3.569,4.383,3.609,4.228,4.769,3.394,3.678,3.743,3.438,3.504,2.826,2.756,2.983,2.908,3.211,3.936,3.597,3.934,3.38,4.74,2.809,2.85,2.398,2.776,2.999,,,,,,,,,,,,,,,,,,,,,,,,,,,,,,,,,,,,,,,,,,,,,,,,,,,,,,,,,,,,,,,,,,,,,,,,,,,,,,,,,,,,,,,,,,,
CO,PIPO,H,5H,A,5H-A,CO-PIPO-H-5H-A,,,2013,0,0,0,0,0,85,RINGWIDTH,1,NotAFile,10/29/2013 20:34,                   ,,2047 13114 8 RGB,Intr 0.021101 0.021161 N,EPSON EPSON Flatbed Scanner EPSON Perfection V700/V750 1.8 V3.24 3.24,0.0 [0],174.0000 11685.0000 294.0000 375.0000  1.0000,Tg A Int Y,50%,N F Acq,12 1.2922 Lin 1.00,0.1630 0.3580 0.5650 0.7595 0.9735 1.1605 1.3575 1.5370 1.7370 1.9300 2.1280 2.3400 ,22 41 67 92 117 137 155 171 184 195 204 211 ,0.2106 0.4626 0.7301 0.9814 1.2580 1.4996 1.7542 1.9861 2.2446 2.4939 2.7498 3.0237 ,0,0,0,0,0,0,239.3489,0.508,1.502,1.649,2.129,1.982,1.665,2.656,1.788,1.328,1.59,1.304,0.635,1.17,2.166,2.978,2.01,2.285,1.988,2.619,2.326,1.943,1.732,1.986,2.411,2.577,2.581,3.132,3.532,2.725,2.619,4.433,3.205,3.1,2.074,2.538,2.13,2.132,2.831,3.47,2.96,3.107,3.696,3.566,4.069,4.731,3.341,4.333,4.562,4.16,4.006,3.523,3.702,2.651,3.511,3.951,4.271,3.21,3.057,2.281,3.065,3.003,3.618,2.518,2.222,2.116,2.158,2.582,2.129,1.943,2.196,2.677,3.3,3.826,3.104,3.252,2.916,3.423,2.534,2.463,2.412,2.99,3.234,2.453,5.005,0.641,,,,,,,,,,,,,,,,,,,,,,,,,,,,,,,,,,,,,,,,,,,,,,,,,,,,,,,,,,,,,,,,,,,,,,,,,,,,
CO,PIPO,H,5H,B,5H-B,CO-PIPO-H-5H-B,,,2013,0,0,0,0,0,84,RINGWIDTH,1,NotAFile,10/29/2013 20:34,                   ,,2047 13114 8 RGB,Intr 0.021101 0.021161 N,EPSON EPSON Flatbed Scanner EPSON Perfection V700/V750 1.8 V3.24 3.24,0.0 [0],1615.0000 11891.0000 1669.0000 2366.0000  1.0000,Tg A Int Y,50%,N F Acq,12 1.2922 Lin 1.00,0.1630 0.3580 0.5650 0.7595 0.9735 1.1605 1.3575 1.5370 1.7370 1.9300 2.1280 2.3400 ,22 41 67 92 117 137 155 171 184 195 204 211 ,0.2106 0.4626 0.7301 0.9814 1.2580 1.4996 1.7542 1.9861 2.2446 2.4939 2.7498 3.0237 ,0,0,0,0,0,0,200.042,0.442,1.167,1.457,1.481,1.865,1.33,2.201,1.524,1.205,1.24,1.509,0.793,0.997,1.754,2.028,2.276,2.598,1.49,2.67,2.102,1.711,2.307,2.137,2.338,1.987,2.453,2.712,3.321,2.559,2.699,4.046,2.782,2.28,1.499,2.341,1.833,1.538,2.37,2.539,2.518,2.391,2.793,2.454,2.41,3.167,2.812,3.048,3.298,3.044,2.939,2.964,3.349,2.51,2.495,2.475,2.487,2.574,2.046,1.917,1.973,2.278,2.131,1.688,1.291,1.714,1.712,2.236,2.21,1.642,1.979,1.986,2.98,2.635,2.965,2.571,2.755,3.367,2.451,2.087,2.65,2.378,3.949,3.197,2.063,,,,,,,,,,,,,,,,,,,,,,,,,,,,,,,,,,,,,,,,,,,,,,,,,,,,,,,,,,,,,,,,,,,,,,,,,,,,,
CO,PIPO,H,5L,A,5L-A,CO-PIPO-H-5L-A,,,2013,0,0,0,0,0,84,RINGWIDTH,1,NotAFile,10/29/2013 20:48,                   ,,2047 12720 8 RGB,Intr 0.021101 0.021161 N,EPSON EPSON Flatbed Scanner EPSON Perfection V700/V750 1.8 V3.24 3.24,0.0 [0],176.0000 12686.0000 404.0000 166.0000  1.0000,Tg A Int Y,50%,N F Acq,12 1.2922 Lin 1.00,0.1630 0.3580 0.5650 0.7595 0.9735 1.1605 1.3575 1.5370 1.7370 1.9300 2.1280 2.3400 ,22 41 67 92 117 137 155 171 184 195 204 211 ,0.2106 0.4626 0.7301 0.9814 1.2580 1.4996 1.7542 1.9861 2.2446 2.4939 2.7498 3.0237 ,0,0,0,0,0,0,264.8781,0.46,1.249,1.099,2.05,2.751,1.986,3.762,2.687,2.031,2.37,2.539,1.226,1.566,1.29,2.905,2.821,2.662,2.409,3.513,1.693,1.163,2.157,1.816,2.374,2.149,2.706,2.137,3.321,2.201,1.841,2.597,2.069,2.664,2.179,2.412,1.841,2.137,3.615,4.228,4.651,3.047,3.946,4.356,3.639,4.444,3.659,4.371,4.25,4.909,3.954,3.179,3.103,2.581,3.214,3.468,3.477,3.33,4.615,4.086,5.575,5.173,3.484,4.181,3.779,4.666,4.054,4.898,4.561,3.885,4.13,3.743,4.835,4.518,3.842,4.244,3.911,2.856,3.893,3.065,3.64,2.858,3.574,2.691,0.576,,,,,,,,,,,,,,,,,,,,,,,,,,,,,,,,,,,,,,,,,,,,,,,,,,,,,,,,,,,,,,,,,,,,,,,,,,,,,
CO,PIPO,H,5L,B,5L-B,CO-PIPO-H-5L-B,,,2013,0,0,0,0,0,77,RINGWIDTH,1,NotAFile,10/29/2013 20:48,                   ,,2047 12720 8 RGB,Intr 0.021101 0.021161 N,EPSON EPSON Flatbed Scanner EPSON Perfection V700/V750 1.8 V3.24 3.24,0.0 [0],1645.0000 11273.0000 1779.0000 2898.0000  1.0000,Tg A Int Y,50%,N F Acq,12 1.2922 Lin 1.00,0.1630 0.3580 0.5650 0.7595 0.9735 1.1605 1.3575 1.5370 1.7370 1.9300 2.1280 2.3400 ,22 41 67 92 117 137 155 171 184 195 204 211 ,0.2106 0.4626 0.7301 0.9814 1.2580 1.4996 1.7542 1.9861 2.2446 2.4939 2.7498 3.0237 ,0,0,0,0,0,0,177.2493,0.387,1.145,1.297,1.4,1.945,1.372,3.47,1.923,1.48,1.713,1.594,0.642,1.392,1.506,2.402,1.813,2.673,1.822,1.689,1.046,1.042,1.208,1.656,2.629,1.719,2.142,1.973,2.022,0.928,1.17,1.543,1.436,0.91,0.588,0.749,0.809,0.933,2.031,1.846,2.194,1.056,2.132,2.187,2.739,2.863,2.471,1.97,2.682,2.838,2.239,2.124,2.191,1.715,2.349,1.852,2.584,3.062,3.317,2.768,3.474,3.345,2.964,2.992,2.617,3.157,2.316,3.772,3.211,3.139,2.797,2.499,3.267,3.814,3.892,4.061,4.289,2.425,,,,,,,,,,,,,,,,,,,,,,,,,,,,,,,,,,,,,,,,,,,,,,,,,,,,,,,,,,,,,,,,,,,,,,,,,,,,,,,,,,,,
CO,PIPO,H,6H,A,6H-A,CO-PIPO-H-6H-A,,,2013,0,0,0,0,0,156,RINGWIDTH,1,NotAFile,10/29/2013 21:00,                   ,,2047 12444 8 RGB,Intr 0.021101 0.021161 N,EPSON EPSON Flatbed Scanner EPSON Perfection V700/V750 1.8 V3.24 3.24,0.0 [0],206.0000 12036.0000 312.0000 226.0000  1.0000,Tg A Int Y,50%,N F Acq,12 1.2922 Lin 1.00,0.1630 0.3580 0.5650 0.7595 0.9735 1.1605 1.3575 1.5370 1.7370 1.9300 2.1280 2.3400 ,22 41 67 92 117 137 155 171 184 195 204 211 ,0.2106 0.4626 0.7301 0.9814 1.2580 1.4996 1.7542 1.9861 2.2446 2.4939 2.7498 3.0237 ,0,0,0,0,0,0,249.9262,0.116,0.169,0.402,0.212,0.254,0.231,0.283,0.091,0.118,0.107,0.105,0.097,0.454,0.521,0.877,0.901,1.3,1.09,2.216,0.989,0.861,1.004,0.767,0.145,1.097,0.283,0.826,1.486,0.887,0.89,1.436,1.198,1.279,0.815,0.104,0.915,0.953,0.908,0.205,1.103,1.512,1.262,1.296,1.004,1.01,0.828,1.295,1.009,1.221,1.328,1.325,1.048,0.687,0.98,1.065,0.845,0.968,0.968,1.114,0.826,0.77,1.295,1.279,1.258,1.253,1.003,1.772,1.448,1.681,1.636,1.388,1.388,1.638,1.412,1.822,1.525,1.229,1.829,1.834,1.615,1.661,1.581,1.394,0.147,1.971,2.013,3.292,2.663,2.414,0.489,2.497,3.132,3.045,2.323,1.918,1.755,3.865,2.954,3.035,2.782,2.117,3.079,3.211,4.053,2.758,3.489,0.165,2.677,1.312,3.364,0.188,2.975,0.146,4.385,8.348,3.982,3.35,3.468,0.314,2.491,3.583,2.677,1.769,3.701,3.05,2.918,0.333,2.893,0.106,0.19,3.414,2.06,2.92,2.809,3.028,2.804,2.105,3.007,1.408,2.246,0.211,2.211,1.901,1.923,1.84,1.522,1.628,0.275,0.084,1.858,0.64,1.439,0.241,1.792,0.157,1.326,,,,,
CO,PIPO,H,6H,A,6H-A,CO-PIPO-H-6H-A,,,2013,0,0,0,0,0,124,RINGWIDTH,1,NotAFile,10/29/2013 21:20,                   ,,3741 24220 8 RGB,Intr 0.010551 0.010581 N,EPSON EPSON Flatbed Scanner EPSON Perfection V700/V750 1.8 V3.24 3.24,0.0 [0],423.0000 20841.0000 312.0000 1953.0000  1.0000,Tg A Int Y,50%,N F Acq,12 1.2922 Lin 1.00,0.1630 0.3580 0.5650 0.7595 0.9735 1.1605 1.3575 1.5370 1.7370 1.9300 2.1280 2.3400 ,22 41 67 92 117 137 155 171 184 195 204 211 ,0.2106 0.4626 0.7301 0.9814 1.2580 1.4996 1.7542 1.9861 2.2446 2.4939 2.7498 3.0237 ,0,0,0,0,0,0,199.8518,0.119,0.312,0.554,0.421,0.521,0.446,0.58,0.484,0.431,0.41,0.462,0.189,0.839,0.849,1.107,1.052,1.203,0.95,1.236,0.772,0.698,0.972,0.94,1.205,0.719,1.224,1.175,1.277,0.926,1.047,1.321,1.216,1.291,0.568,0.796,0.825,0.918,0.968,1.219,0.95,1.315,1.202,1.129,1.012,1.538,1.16,1.734,1.486,1.97,1.084,0.978,1.178,0.951,1.105,0.879,0.86,1.034,1.206,1.068,1.248,1.047,1.312,0.952,0.825,1.544,1.301,1.246,1.194,1.258,1.142,1.225,1.225,1.525,1.448,1.054,1.806,1.491,1.5,1.385,0.918,1.044,1.98,1.915,2.236,2.192,2.132,2.385,2.369,2.174,1.566,1.691,1.164,2.667,1.937,1.792,1.826,1.525,2.045,1.948,2.198,2.09,2.647,2.36,1.997,1.764,2.836,3.308,2.861,3.021,2.136,2.523,1.959,2.483,2.015,1.531,2.879,2.833,2.068,2.537,1.864,1.09,3.042,3.422,1.179,,,,,,,,,,,,,,,,,,,,,,,,,,,,,,,,,,,,,
CO,PIPO,H,6H,B,6H-B,CO-PIPO-H-6H-B,,,2013,0,0,0,0,0,139,RINGWIDTH,1,NotAFile,10/29/2013 21:20,                   ,,3741 24220 8 RGB,Intr 0.010551 0.010581 N,EPSON EPSON Flatbed Scanner EPSON Perfection V700/V750 1.8 V3.24 3.24,0.0 [0],3327.0000 23955.0000 3279.0000 444.0000  1.0000,Tg A Int Y,50%,N F Acq,12 1.2922 Lin 1.00,0.1630 0.3580 0.5650 0.7595 0.9735 1.1605 1.3575 1.5370 1.7370 1.9300 2.1280 2.3400 ,22 41 67 92 117 137 155 171 184 195 204 211 ,0.2106 0.4626 0.7301 0.9814 1.2580 1.4996 1.7542 1.9861 2.2446 2.4939 2.7498 3.0237 ,0,0,0,0,0,0,248.7634,0.112,0.177,0.399,0.242,0.252,0.23,0.282,0.104,0.104,0.116,0.137,0.094,0.415,0.508,0.844,0.921,1.314,1.074,1.083,0.597,0.604,0.984,0.906,1.006,0.799,1.142,1.117,1.525,0.915,0.89,1.432,1.176,1.227,0.756,1.044,0.923,1.042,1.105,1.53,1.211,1.326,1.003,1.046,0.845,1.282,0.987,1.22,0.981,1.607,0.946,0.813,0.966,1.077,0.831,1.024,0.972,1.118,0.861,0.76,1.291,1.279,1.268,1.259,1.019,1.748,1.51,1.638,1.6,1.413,1.393,1.612,1.42,1.74,1.677,1.253,1.783,1.841,1.627,1.648,1.588,1.433,2.093,2.021,3.313,2.667,2.435,2.929,3.053,3.058,2.326,1.922,1.755,3.737,3.08,3.056,2.8,2.142,3.068,3.23,4.051,2.725,3.483,4.357,3.384,3.304,4.383,4.202,4.356,3.9,3.367,3.443,2.826,3.645,2.693,1.754,3.709,3.058,2.903,3.453,3.35,2.042,2.911,2.762,3.031,2.78,2.128,2.961,1.469,2.465,2.221,1.954,1.912,1.817,1.49,1.967,2.148,2.114,2.151,0.769,,,,,,,,,,,,,,,,,,,,,,
CO,PIPO,H,6L,A,6L-A,CO-PIPO-H-6L-A,,,2013,0,0,0,0,0,80,RINGWIDTH,1,NotAFile,10/29/2013 21:30,                   ,,1890 12110 8 RGB,Intr 0.021101 0.021161 N,EPSON EPSON Flatbed Scanner EPSON Perfection V700/V750 1.8 V3.24 3.24,0.0 [0],201.0000 11691.0000 267.0000 270.0000  1.0000,Tg A Int Y,50%,N F Acq,12 1.2922 Lin 1.00,0.1630 0.3580 0.5650 0.7595 0.9735 1.1605 1.3575 1.5370 1.7370 1.9300 2.1280 2.3400 ,22 41 67 92 117 137 155 171 184 195 204 211 ,0.2106 0.4626 0.7301 0.9814 1.2580 1.4996 1.7542 1.9861 2.2446 2.4939 2.7498 3.0237 ,0,0,0,0,0,0,241.6885,0.68,1.566,1.924,2.178,2.407,1.904,2.916,2.516,1.354,1.946,1.82,1.545,1.586,2.239,3.365,2.937,3.144,3.642,3.236,2.547,2.374,2.59,2.96,4.191,2.899,3.681,3.066,3.378,3.108,3.793,3.244,2.69,3.57,2.323,2.615,2.82,2.95,3.039,3.037,4.046,2.998,3.703,3.809,3.891,4.219,3.622,3.719,3.78,3.987,2.954,2.87,2.949,2.512,2.553,2.637,2.89,3.092,3.296,3.565,4.02,4.184,3.431,3.143,3.682,4.205,3.49,3.515,2.451,2.21,2.152,2.236,2.792,3.703,2.363,2.392,2.352,3.299,4.07,2.253,3.124,,,,,,,,,,,,,,,,,,,,,,,,,,,,,,,,,,,,,,,,,,,,,,,,,,,,,,,,,,,,,,,,,,,,,,,,,,,,,,,,,
CO,PIPO,H,6L,B,6L-B,CO-PIPO-H-6L-B,,,2013,0,0,0,0,0,67,RINGWIDTH,1,NotAFile,10/29/2013 21:30,                   ,,1890 12110 8 RGB,Intr 0.021101 0.021161 N,EPSON EPSON Flatbed Scanner EPSON Perfection V700/V750 1.8 V3.24 3.24,0.0 [0],1674.0000 10638.0000 1604.0000 790.0000  1.0000,Tg A Int Y,50%,N F Acq,12 1.2922 Lin 1.00,0.1630 0.3580 0.5650 0.7595 0.9735 1.1605 1.3575 1.5370 1.7370 1.9300 2.1280 2.3400 ,22 41 67 92 117 137 155 171 184 195 204 211 ,0.2106 0.4626 0.7301 0.9814 1.2580 1.4996 1.7542 1.9861 2.2446 2.4939 2.7498 3.0237 ,0,0,0,0,0,0,208.4028,0.856,1.765,1.935,2.703,2.406,2.252,3.557,2.337,1.769,2.21,1.814,1.437,2.462,3.011,4.615,3.17,3.554,3.637,3.843,2.239,1.627,1.88,1.795,3.333,2.577,3.425,3.902,3.09,2.761,3.043,3.013,2.985,3.249,1.567,2.387,2.183,2.693,2.917,3.062,3.391,2.797,3.59,3.1,3.659,3.556,3.156,4.675,3.723,3.26,3.291,2.973,2.646,2.821,2.754,2.003,2.506,2.699,2.276,2.436,3.264,2.334,2.27,1.894,2.678,3.795,2.789,1.179,,,,,,,,,,,,,,,,,,,,,,,,,,,,,,,,,,,,,,,,,,,,,,,,,,,,,,,,,,,,,,,,,,,,,,,,,,,,,,,,,,,,,,,,,,,,,,
CO,PIPO,H,7H,A,7H-A,CO-PIPO-H-7H-A,,,2013,0,0,0,0,0,106,RINGWIDTH,1,NotAFile,10/29/2013 21:43,                   ,,1969 12110 8 RGB,Intr 0.021101 0.021161 N,EPSON EPSON Flatbed Scanner EPSON Perfection V700/V750 1.8 V3.24 3.24,0.0 [0],232.0000 10488.0000 366.0000 238.0000  1.0000,Tg A Int Y,50%,N F Acq,12 1.2922 Lin 1.00,0.1630 0.3580 0.5650 0.7595 0.9735 1.1605 1.3575 1.5370 1.7370 1.9300 2.1280 2.3400 ,22 41 67 92 117 137 155 171 184 195 204 211 ,0.2106 0.4626 0.7301 0.9814 1.2580 1.4996 1.7542 1.9861 2.2446 2.4939 2.7498 3.0237 ,0,0,0,0,0,0,216.9229,0.156,0.574,0.803,0.535,0.604,0.418,1.393,0.986,0.704,0.803,0.719,0.402,0.952,1.037,1.713,1.397,1.52,0.99,1.438,1.235,1.17,1.284,1.276,1.56,1.231,1.502,1.735,2.221,1.687,1.605,2.503,1.956,1.599,0.972,1.182,1.139,0.862,1.296,1.389,1.228,1.491,1.395,1.121,1.518,2.041,1.431,1.809,2.083,2.37,1.811,1.353,1.982,2.007,1.938,1.396,1.916,2.03,1.589,1.72,2.014,1.624,1.714,1.587,1.452,1.999,1.662,2.203,1.881,1.846,2.137,2.03,1.774,2.634,2.488,1.986,2.685,3.38,2.256,2.538,2.299,2.702,3.238,2.729,2.985,2.881,3.13,3.056,3.199,2.722,2.757,2.714,2.322,3.358,2.556,3.614,3.115,2.596,3.183,2.327,3.739,2.646,3.45,4.302,3.066,2.753,5.295,,,,,,,,,,,,,,,,,,,,,,,,,,,,,,,,,,,,,,,,,,,,,,,,,,,,,,,
CO,PIPO,H,7H,B,7H-B,CO-PIPO-H-7H-B,,,2013,0,0,0,0,0,101,RINGWIDTH,1,NotAFile,10/29/2013 21:43,                   ,,1969 12110 8 RGB,Intr 0.021101 0.021161 N,EPSON EPSON Flatbed Scanner EPSON Perfection V700/V750 1.8 V3.24 3.24,0.0 [0],1700.0000 11312.0000 1682.0000 820.0000  1.0000,Tg A Int Y,50%,N F Acq,12 1.2922 Lin 1.00,0.1630 0.3580 0.5650 0.7595 0.9735 1.1605 1.3575 1.5370 1.7370 1.9300 2.1280 2.3400 ,22 41 67 92 117 137 155 171 184 195 204 211 ,0.2106 0.4626 0.7301 0.9814 1.2580 1.4996 1.7542 1.9861 2.2446 2.4939 2.7498 3.0237 ,0,0,0,0,0,0,222.0258,0.316,0.987,1.209,0.803,0.962,0.857,1.818,1.182,0.908,1.055,0.95,0.242,1.016,1.393,1.748,1.198,1.39,1.116,1.723,1.286,1.057,1.141,1.114,1.685,1.179,1.403,1.491,2.039,1.292,1.462,2.036,1.663,2.357,1.143,1.29,1.269,1.015,1.185,1.756,1.651,1.692,1.978,2.063,2.221,2.454,2.031,2.434,2.427,2.656,2.274,1.523,1.935,2.105,1.73,1.519,1.932,1.56,1.458,1.858,2.05,1.608,2.412,1.947,1.693,2.603,2.328,2.454,2.052,1.883,2.348,2.283,1.899,2.517,2.539,2.216,2.575,3.678,3.046,3.067,2.191,2.998,3.116,3.122,3.474,3.474,3.035,3.618,4.116,3.522,3.23,3.391,2.386,3.739,3.732,4.34,3.42,2.629,3.954,3.809,3.906,1.372,,,,,,,,,,,,,,,,,,,,,,,,,,,,,,,,,,,,,,,,,,,,,,,,,,,,,,,,,,,,
CO,PIPO,H,7L,A,7L-A,CO-PIPO-H-7L-A,,,2013,0,0,0,0,0,83,RINGWIDTH,1,NotAFile,10/29/2013 21:55,                   ,,2106 12287 8 RGB,Intr 0.021101 0.021161 N,EPSON EPSON Flatbed Scanner EPSON Perfection V700/V750 1.8 V3.24 3.24,0.0 [0],188.0000 10950.0000 500.0000 486.0000  1.0000,Tg A Int Y,50%,N F Acq,12 1.2922 Lin 1.00,0.1630 0.3580 0.5650 0.7595 0.9735 1.1605 1.3575 1.5370 1.7370 1.9300 2.1280 2.3400 ,22 41 67 92 117 137 155 171 184 195 204 211 ,0.2106 0.4626 0.7301 0.9814 1.2580 1.4996 1.7542 1.9861 2.2446 2.4939 2.7498 3.0237 ,0,0,0,0,0,0,221.5308,0.94,1.611,1.904,1.402,1.43,1.2,2.477,1.433,1.099,1.349,1.553,1.244,1.126,1.788,3.438,2.542,2.834,2.667,4.066,3.275,1.919,2.642,3.558,2.97,2.297,3.418,2.617,3.273,2.279,2.639,4.057,2.539,1.735,1.541,1.794,2.259,2.697,3.044,3.721,3.315,2.807,3.08,3.069,4.274,4.799,2.77,3.787,3.449,3.932,2.934,3.552,2.88,2.067,2.485,3.278,4.554,3.799,2.508,3.777,2.533,2.406,2.282,2.66,2.32,2.912,2.616,2.603,1.635,1.589,1.832,1.613,2.165,2.537,2.637,1.486,1.453,2.361,2.265,1.729,1.486,2.156,1.139,1.439,,,,,,,,,,,,,,,,,,,,,,,,,,,,,,,,,,,,,,,,,,,,,,,,,,,,,,,,,,,,,,,,,,,,,,,,,,,,,,
CO,PIPO,H,7L,B,7L-B,CO-PIPO-H-7L-B,,,2013,0,0,0,0,0,59,RINGWIDTH,1,NotAFile,10/29/2013 21:55,                   ,,2106 12287 8 RGB,Intr 0.021101 0.021161 N,EPSON EPSON Flatbed Scanner EPSON Perfection V700/V750 1.8 V3.24 3.24,0.0 [0],1660.0000 10352.0000 1898.0000 2034.0000  1.0000,Tg A Int Y,50%,N F Acq,12 1.2922 Lin 1.00,0.1630 0.3580 0.5650 0.7595 0.9735 1.1605 1.3575 1.5370 1.7370 1.9300 2.1280 2.3400 ,22 41 67 92 117 137 155 171 184 195 204 211 ,0.2106 0.4626 0.7301 0.9814 1.2580 1.4996 1.7542 1.9861 2.2446 2.4939 2.7498 3.0237 ,0,0,0,0,0,0,176.0922,0.858,0.95,0.93,0.823,0.654,0.78,1.555,1.224,0.846,1.474,1.665,1.119,1.016,1.861,2.475,1.668,2.749,1.723,3.098,2.025,1.608,1.809,2.304,4.771,3.004,2.497,2.55,3.09,2.669,2.985,2.866,2.717,2.432,1.215,1.41,2.006,3.203,3.055,2.863,3.544,1.995,2.534,2.576,3.685,4.211,3.017,4.162,4.48,5.938,3.895,3.013,4.192,3.185,3.62,4.923,4.721,3.533,2.981,1.531,,,,,,,,,,,,,,,,,,,,,,,,,,,,,,,,,,,,,,,,,,,,,,,,,,,,,,,,,,,,,,,,,,,,,,,,,,,,,,,,,,,,,,,,,,,,,,,,,,,,,,
CO,PIPO,H,8H,A,8H-A,CO-PIPO-H-8H-A,,,2013,0,0,0,0,0,83,RINGWIDTH,1,NotAFile,10/29/2013 22:11,                   ,,2106 10672 8 RGB,Intr 0.021101 0.021161 N,EPSON EPSON Flatbed Scanner EPSON Perfection V700/V750 1.8 V3.24 3.24,0.0 [0],212.0000 9906.0000 236.0000 354.0000  1.0000,Tg A Int Y,50%,N F Acq,12 1.2922 Lin 1.00,0.1630 0.3580 0.5650 0.7595 0.9735 1.1605 1.3575 1.5370 1.7370 1.9300 2.1280 2.3400 ,22 41 67 92 117 137 155 171 184 195 204 211 ,0.2106 0.4626 0.7301 0.9814 1.2580 1.4996 1.7542 1.9861 2.2446 2.4939 2.7498 3.0237 ,0,0,0,0,0,0,200.5896,0.464,1.558,1.695,2.398,2.148,2.094,2.644,1.713,1.521,1.393,1.711,0.189,2.085,1.677,3.558,1.772,1.829,1.69,2.127,1.4,2.016,2.41,1.738,2.556,1.642,2.303,2.212,3.098,2.169,2.294,2.898,2.342,3.02,2.134,2.095,2.37,1.672,2.337,2.99,2.826,2.137,2.623,2.68,3.271,3.406,3.257,3.616,3.141,3.728,2.876,2.284,2.359,2.272,2.442,2.17,2.948,2.849,2.322,1.81,2.746,2.727,3.085,2.725,2.497,3.005,2.032,2.563,2.227,2.124,2.493,2.994,2.974,3.289,3.16,2.399,3.026,3.076,2.727,2.238,2.786,2.296,3.143,0.458,,,,,,,,,,,,,,,,,,,,,,,,,,,,,,,,,,,,,,,,,,,,,,,,,,,,,,,,,,,,,,,,,,,,,,,,,,,,,,
CO,PIPO,H,8H,B,8H-B,CO-PIPO-H-8H-B,,,2013,0,0,0,0,0,78,RINGWIDTH,1,NotAFile,10/29/2013 22:11,                   ,,2106 10672 8 RGB,Intr 0.021101 0.021161 N,EPSON EPSON Flatbed Scanner EPSON Perfection V700/V750 1.8 V3.24 3.24,0.0 [0],1706.0000 7696.0000 1682.0000 198.0000  1.0000,Tg A Int Y,50%,N F Acq,12 1.2922 Lin 1.00,0.1630 0.3580 0.5650 0.7595 0.9735 1.1605 1.3575 1.5370 1.7370 1.9300 2.1280 2.3400 ,22 41 67 92 117 137 155 171 184 195 204 211 ,0.2106 0.4626 0.7301 0.9814 1.2580 1.4996 1.7542 1.9861 2.2446 2.4939 2.7498 3.0237 ,0,0,0,0,0,0,158.2352,0.272,1.122,1.417,1.502,1.206,1.417,2.58,1.671,1.627,1.417,1.375,0.169,1.914,1.831,2.772,1.872,2.275,1.668,1.925,1.659,1.503,1.664,1.312,2.01,1.905,2.21,2.148,2.866,2.021,2.032,2.681,2.238,1.749,1.282,1.618,1.77,1.057,1.224,2.304,1.963,1.968,2.136,1.27,2.073,2.218,2.242,2.53,2.264,2.941,1.926,1.481,1.862,1.967,1.608,1.651,2.539,2.976,1.261,2.343,2.048,2.164,2.689,2.084,1.79,2.452,1.866,2.317,1.721,1.476,2.284,2.126,2.867,3.198,2.909,2.174,3.07,4.035,1.065,,,,,,,,,,,,,,,,,,,,,,,,,,,,,,,,,,,,,,,,,,,,,,,,,,,,,,,,,,,,,,,,,,,,,,,,,,,,,,,,,,,
CO,PIPO,H,8L,A,8L-A,CO-PIPO-H-8L-A,,,2013,0,0,0,0,0,77,RINGWIDTH,1,NotAFile,10/29/2013 22:23,                   ,,2008 11736 8 RGB,Intr 0.021101 0.021161 N,EPSON EPSON Flatbed Scanner EPSON Perfection V700/V750 1.8 V3.24 3.24,0.0 [0],302.0000 10520.0000 200.0000 236.0000  1.0000,Tg A Int Y,50%,N F Acq,12 1.2922 Lin 1.00,0.1630 0.3580 0.5650 0.7595 0.9735 1.1605 1.3575 1.5370 1.7370 1.9300 2.1280 2.3400 ,22 41 67 92 117 137 155 171 184 195 204 211 ,0.2106 0.4626 0.7301 0.9814 1.2580 1.4996 1.7542 1.9861 2.2446 2.4939 2.7498 3.0237 ,0,0,0,0,0,0,217.6346,1.271,2.936,2.925,3.913,3.808,2.802,4.699,3.366,2.113,2.771,2.813,1.373,3.121,3.627,4.239,3.399,3.546,2.706,3.602,2.958,3.021,3.488,3.638,3.23,3.072,3.254,3.401,4.229,2.649,3.276,4.077,3.948,4.321,2.287,2.14,2.497,2.166,2.811,3.135,3.32,2.413,2.784,3.043,4.081,3.558,3.093,3.441,2.195,2.136,1.846,2.103,2.489,2.329,2.181,2.272,2.222,2.151,2.046,1.838,1.836,1.796,1.934,1.733,1.91,1.949,1.698,1.776,1.869,1.579,1.424,1.87,1.915,1.999,1.654,1.419,2.16,0.348,,,,,,,,,,,,,,,,,,,,,,,,,,,,,,,,,,,,,,,,,,,,,,,,,,,,,,,,,,,,,,,,,,,,,,,,,,,,,,,,,,,,
CO,PIPO,H,8L,B,8L-B,CO-PIPO-H-8L-B,,,2013,0,0,0,0,0,71,RINGWIDTH,1,NotAFile,10/29/2013 22:23,                   ,,2008 11736 8 RGB,Intr 0.021101 0.021161 N,EPSON EPSON Flatbed Scanner EPSON Perfection V700/V750 1.8 V3.24 3.24,0.0 [0],1740.0000 10638.0000 1683.0000 1878.0000  1.0000,Tg A Int Y,50%,N F Acq,12 1.2922 Lin 1.00,0.1630 0.3580 0.5650 0.7595 0.9735 1.1605 1.3575 1.5370 1.7370 1.9300 2.1280 2.3400 ,22 41 67 92 117 137 155 171 184 195 204 211 ,0.2106 0.4626 0.7301 0.9814 1.2580 1.4996 1.7542 1.9861 2.2446 2.4939 2.7498 3.0237 ,0,0,0,0,0,0,185.3778,0.722,1.714,2.053,3.047,2.666,2.031,4.442,3.531,1.944,2.128,3.051,0.904,2.627,3.808,4.419,3.216,3.386,2.179,3.043,2.82,2.77,2.897,2.516,3.342,2.813,3.216,3.111,4.063,2.666,2.666,3.343,2.73,2.724,2.129,2.044,2.242,2.025,1.986,2.573,2.521,2.199,2.137,2.369,2.57,2.219,1.929,2.566,1.829,2.12,2.199,2.095,2.012,1.68,1.786,1.858,1.947,2.64,2.485,2.749,3.52,3.645,2.358,1.888,1.803,1.916,1.787,1.903,1.473,1.888,2.017,0.713,,,,,,,,,,,,,,,,,,,,,,,,,,,,,,,,,,,,,,,,,,,,,,,,,,,,,,,,,,,,,,,,,,,,,,,,,,,,,,,,,,,,,,,,,,
CO,PIPO,H,9H,A,9H-A,CO-PIPO-H-9H-A,,,2013,0,0,0,0,0,101,RINGWIDTH,1,NotAFile,10/29/2013 22:34,                   ,,2008 10909 8 RGB,Intr 0.021101 0.021161 N,EPSON EPSON Flatbed Scanner EPSON Perfection V700/V750 1.8 V3.24 3.24,0.0 [0],207.0000 9018.0000 336.0000 585.0000  1.0000,Tg A Int Y,50%,N F Acq,12 1.2922 Lin 1.00,0.1630 0.3580 0.5650 0.7595 0.9735 1.1605 1.3575 1.5370 1.7370 1.9300 2.1280 2.3400 ,22 41 67 92 117 137 155 171 184 195 204 211 ,0.2106 0.4626 0.7301 0.9814 1.2580 1.4996 1.7542 1.9861 2.2446 2.4939 2.7498 3.0237 ,0,0,0,0,0,0,178.4749,0.148,0.736,0.842,0.927,0.696,0.822,1.305,1.263,0.97,0.884,0.91,0.274,0.677,1.141,1.417,1.058,1.121,0.973,1.333,1.036,0.843,1.035,1.061,1.367,1.1,1.418,1.563,1.75,1.072,0.985,1.426,1.325,1.223,0.655,0.673,1.035,0.884,1.044,1.218,1.009,0.988,0.88,0.876,1.36,1.596,1.504,1.397,1.442,1.577,1.774,1.476,1.535,1.294,1.738,1.472,1.407,1.3,1.006,1.342,1.358,1.422,1.863,1.935,1.522,1.947,1.995,1.954,1.628,1.771,1.698,2.517,1.891,2.574,2.548,2.467,2.218,2.513,2.184,1.755,2.264,2.072,2.176,2.074,2.778,2.977,3.709,3.563,3.343,2.623,2.504,2.14,2.305,3.918,3.621,4.603,4.146,4.223,3.976,3.35,3.211,2.136,,,,,,,,,,,,,,,,,,,,,,,,,,,,,,,,,,,,,,,,,,,,,,,,,,,,,,,,,,,,
CO,PIPO,H,9H,B,9H-B,CO-PIPO-H-9H-B,,,2013,0,0,0,0,0,96,RINGWIDTH,1,NotAFile,10/29/2013 22:34,                   ,,2008 10909 8 RGB,Intr 0.021101 0.021161 N,EPSON EPSON Flatbed Scanner EPSON Perfection V700/V750 1.8 V3.24 3.24,0.0 [0],1668.0000 9768.0000 1694.0000 166.0000  1.0000,Tg A Int Y,50%,N F Acq,12 1.2922 Lin 1.00,0.1630 0.3580 0.5650 0.7595 0.9735 1.1605 1.3575 1.5370 1.7370 1.9300 2.1280 2.3400 ,22 41 67 92 117 137 155 171 184 195 204 211 ,0.2106 0.4626 0.7301 0.9814 1.2580 1.4996 1.7542 1.9861 2.2446 2.4939 2.7498 3.0237 ,0,0,0,0,0,0,203.1926,0.19,0.991,1.165,0.889,0.931,1.142,1.564,1.374,1.184,1.163,1.201,0.421,1.095,1.598,1.725,1.516,1.411,1.306,1.387,1.033,1.012,1.306,1.264,1.435,1.478,1.499,1.541,1.77,1.241,1.24,1.571,1.758,1.974,1.143,1.06,1.309,1.008,1.365,1.261,1.177,1.043,0.751,0.542,2.223,2.075,2.011,1.822,2.12,2.316,2.181,1.826,1.882,1.35,1.934,1.852,1.737,1.749,1.341,1.67,1.766,1.241,1.63,1.399,1.568,1.799,2.203,2.051,2.234,2.032,2.489,3.09,3.26,3.822,3.673,3.242,3.333,3.997,3.367,3.151,3.215,3.324,2.848,2.821,2.693,1.841,2.706,4.88,4.7,4.037,4.081,3.452,3.205,4.021,4.271,6.347,0.881,,,,,,,,,,,,,,,,,,,,,,,,,,,,,,,,,,,,,,,,,,,,,,,,,,,,,,,,,,,,,,,,,
CO,PIPO,H,9L,A,9L-A,CO-PIPO-H-9L-A,,,2013,0,0,0,0,0,85,RINGWIDTH,1,NotAFile,10/29/2013 22:46,                   ,,2008 12169 8 RGB,Intr 0.021101 0.021161 N,EPSON EPSON Flatbed Scanner EPSON Perfection V700/V750 1.8 V3.24 3.24,0.0 [0],402.0000 12027.0000 201.0000 177.0000  1.0000,Tg A Int Y,50%,N F Acq,12 1.2922 Lin 1.00,0.1630 0.3580 0.5650 0.7595 0.9735 1.1605 1.3575 1.5370 1.7370 1.9300 2.1280 2.3400 ,22 41 67 92 117 137 155 171 184 195 204 211 ,0.2106 0.4626 0.7301 0.9814 1.2580 1.4996 1.7542 1.9861 2.2446 2.4939 2.7498 3.0237 ,0,0,0,0,0,0,250.6928,0.5,1.665,1.971,2.347,2.095,2.081,3.2,1.918,1.333,1.946,1.798,1.206,1.713,2.157,2.326,2.304,2.344,2.935,2.791,2.03,2.072,1.903,1.858,2.555,2.449,2.006,2.984,3.153,2.307,2.814,2.836,2.878,2.878,1.947,2.518,2.136,1.82,3.021,2.431,2.602,2.222,3.068,2.049,2.51,3.731,3.36,2.993,3.106,3.568,2.217,2.248,2.129,2.364,2.665,2.715,3.841,3.575,3.185,3.6,3.688,3.206,3.251,3.589,2.862,4.02,3.208,4.11,3.824,3.131,3.553,3.925,3.1,4.149,4.099,4.319,4.386,4.96,4.519,3.095,3.99,3.61,4.354,3.796,3.968,1.488,,,,,,,,,,,,,,,,,,,,,,,,,,,,,,,,,,,,,,,,,,,,,,,,,,,,,,,,,,,,,,,,,,,,,,,,,,,,
CO,PIPO,H,9L,B,9L-B,CO-PIPO-H-9L-B,,,2013,0,0,0,0,0,62,RINGWIDTH,1,NotAFile,10/29/2013 22:46,                   ,,2008 12169 8 RGB,Intr 0.021101 0.021161 N,EPSON EPSON Flatbed Scanner EPSON Perfection V700/V750 1.8 V3.24 3.24,0.0 [0],1784.0000 7786.0000 1648.0000 342.0000  1.0000,Tg A Int Y,50%,N F Acq,12 1.2922 Lin 1.00,0.1630 0.3580 0.5650 0.7595 0.9735 1.1605 1.3575 1.5370 1.7370 1.9300 2.1280 2.3400 ,22 41 67 92 117 137 155 171 184 195 204 211 ,0.2106 0.4626 0.7301 0.9814 1.2580 1.4996 1.7542 1.9861 2.2446 2.4939 2.7498 3.0237 ,0,0,0,0,0,0,157.0752,0.302,1.212,1.896,2.002,2.516,1.926,3.107,2.499,1.544,1.894,1.721,0.883,1.347,2.128,2.89,2.11,2.808,2.62,3.195,1.986,1.817,2.388,2.046,2.236,2.131,1.733,2.285,3.259,2.412,2.836,3.681,3.067,2.89,2.366,2.326,2.384,1.649,3.152,2.941,2.962,2.679,3.586,2.158,3.194,3.66,2.772,3.808,3.866,3.765,2.886,2.808,3.068,2.839,2.605,2.606,2.876,2.925,2.537,3.243,2.813,2.665,0.87,,,,,,,,,,,,,,,,,,,,,,,,,,,,,,,,,,,,,,,,,,,,,,,,,,,,,,,,,,,,,,,,,,,,,,,,,,,,,,,,,,,,,,,,,,,,,,,,,,,
CO,PIPO,H,4H,A,4H-A,CO-PIPO-H-4H-A,,,2013,0,0,0,0,0,138,RINGWIDTH,1,CO-H-PIPO-4H-both.tif,10/29/2013 22:47,                   ,,2303 13823 8 RGB,Intr 0.021101 0.021161 N,Regent Instruments Inc.  WinDENDRO Reg 2009b,0.0 [0],234.0000 11902.0000 280.0000 298.0000  1.0000,Tg A Int Y,50%,N F Acq,12 1.2922 Lin 1.00,0.1630 0.3580 0.5650 0.7595 0.9735 1.1605 1.3575 1.5370 1.7370 1.9300 2.1280 2.3400 ,22 41 67 92 117 137 155 171 184 195 204 211 ,0.2106 0.4626 0.7301 0.9814 1.2580 1.4996 1.7542 1.9861 2.2446 2.4939 2.7498 3.0237 ,0,0,0,0,0,0,245.5589,0.169,0.444,0.76,0.717,0.696,0.337,0.632,0.633,0.444,0.926,1.197,0.695,1.096,1.477,2.087,1.5,1.015,1.162,1.793,1.48,1.584,1.56,2.033,2.074,2.007,1.841,1.968,2.137,1.566,1.903,2.31,1.935,1.983,1.419,1.102,1.2,1.42,1.634,2.007,1.758,1.686,1.671,1.206,2.264,2.264,2.37,2.624,2.221,2.621,2.261,1.607,1.668,2.023,1.583,1.647,2.153,2.75,1.798,2.533,2.875,2.518,2.793,2.475,1.989,2.899,2.349,3.047,2.645,2.538,2.433,2.412,2.184,2.31,2.236,2.092,2.43,2.602,2.369,2.54,2.01,2.602,2.094,2.771,2.811,2.747,2.028,3.027,2.465,2.528,2.072,3.149,1.988,2.762,1.925,1.967,2.356,1.339,2.043,1.509,1.874,1.895,2.042,1.97,1.793,2.212,2.13,1.806,1.537,1.556,1.323,1.417,1.086,1.444,1.73,1.355,1.188,0.873,0.994,1.162,1.146,0.83,1.021,1.318,1.058,0.91,0.719,1.18,0.603,0.786,0.724,1.028,1.017,0.856,1.051,1.29,1.795,2.047,1.176,,,,,,,,,,,,,,,,,,,,,,,
CO,PIPO,H,4H,B,4H-B,CO-PIPO-H-4H-B,,,2013,0,0,0,0,0,142,RINGWIDTH,1,CO-H-PIPO-4H-both.tif,10/29/2013 22:47,                   ,,2303 13823 8 RGB,Intr 0.021101 0.021161 N,Regent Instruments Inc.  WinDENDRO Reg 2009b,0.0 [0],1812.0000 13072.0000 1936.0000 326.0000  1.0000,Tg A Int Y,50%,N F Acq,12 1.2922 Lin 1.00,0.1630 0.3580 0.5650 0.7595 0.9735 1.1605 1.3575 1.5370 1.7370 1.9300 2.1280 2.3400 ,22 41 67 92 117 137 155 171 184 195 204 211 ,0.2106 0.4626 0.7301 0.9814 1.2580 1.4996 1.7542 1.9861 2.2446 2.4939 2.7498 3.0237 ,0,0,0,0,0,0,269.3234,0.161,0.549,0.951,1.392,0.907,0.524,1.055,0.763,0.486,0.952,1.27,0.613,1.205,1.426,2.334,1.774,1.307,1.582,2.326,1.544,1.523,1.27,1.544,2.339,1.883,1.965,2.325,2.158,1.629,1.523,2.349,2.137,2.256,1.394,1.396,1.447,1.341,1.755,2.503,2.344,2.322,2.131,1.311,2.386,2.918,2.728,3.543,2.287,2.285,2.074,1.768,1.825,2.003,1.824,1.926,2.048,2.663,1.459,2.37,2.789,2.496,2.254,2.233,1.796,2.513,2.064,3.037,2.636,2.113,2.598,2.772,2.709,2.876,2.771,2.098,2.492,2.624,2.529,2.269,2.212,2.806,2.615,3.194,3.255,3.063,3.002,3.109,2.622,2.728,2.13,2.552,1.794,2.979,1.861,1.922,1.902,1.354,2.095,1.521,1.756,1.439,1.838,1.561,1.852,1.909,2.264,2.01,1.713,1.797,1.522,1.967,1.227,1.352,1.229,1.52,1.546,1.142,1.422,1.373,1.206,1.057,1.586,1.566,1.122,1.397,1.099,1.846,1.364,2.292,2.128,1.812,1.724,1.602,1.836,1.477,1.629,1.138,0.804,0.907,0.883,0.88,0.911,,,,,,,,,,,,,,,,,,,
CO,PIPO,H,5H,A,5H-A,CO-PIPO-H-5H-A,,,2013,0,0,0,0,0,85,RINGWIDTH,1,CO-PIPO-H-4H-both.tif,10/29/2013 22:48,                   ,,2047 13114 8 RGB,Intr 0.021101 0.021161 N,Regent Instruments Inc.  WinDENDRO Reg 2009b,0.0 [0],174.0000 11685.0000 294.0000 375.0000  1.0000,Tg A Int Y,50%,N F Acq,12 1.2922 Lin 1.00,0.1630 0.3580 0.5650 0.7595 0.9735 1.1605 1.3575 1.5370 1.7370 1.9300 2.1280 2.3400 ,22 41 67 92 117 137 155 171 184 195 204 211 ,0.2106 0.4626 0.7301 0.9814 1.2580 1.4996 1.7542 1.9861 2.2446 2.4939 2.7498 3.0237 ,0,0,0,0,0,0,239.3489,0.508,1.502,1.649,2.129,1.982,1.665,2.656,1.788,1.328,1.59,1.304,0.635,1.17,2.166,2.978,2.01,2.285,1.988,2.619,2.326,1.943,1.732,1.986,2.411,2.577,2.581,3.132,3.532,2.725,2.619,4.433,3.205,3.1,2.074,2.538,2.13,2.132,2.831,3.47,2.96,3.107,3.696,3.566,4.069,4.731,3.341,4.333,4.562,4.16,4.006,3.523,3.702,2.651,3.511,3.951,4.271,3.21,3.057,2.281,3.065,3.003,3.618,2.518,2.222,2.116,2.158,2.582,2.129,1.943,2.196,2.677,3.3,3.826,3.104,3.252,2.916,3.423,2.534,2.463,2.412,2.99,3.234,2.453,5.005,0.641,,,,,,,,,,,,,,,,,,,,,,,,,,,,,,,,,,,,,,,,,,,,,,,,,,,,,,,,,,,,,,,,,,,,,,,,,,,,
CO,PIPO,H,10H,A,10H-A,CO-PIPO-H-10H-A,,,2013,0,0,0,0,0,97,RINGWIDTH,1,NotAFile,10/30/2013 9:38,                   ,,2008 12326 8 RGB,Intr 0.021101 0.021161 N,EPSON EPSON Flatbed Scanner EPSON Perfection V700/V750 1.8 V3.24 3.24,0.0 [0],217.0000 11163.0000 251.0000 346.0000  1.0000,Tg A Int Y,50%,N F Acq,12 1.2922 Lin 1.00,0.1630 0.3580 0.5650 0.7595 0.9735 1.1605 1.3575 1.5370 1.7370 1.9300 2.1280 2.3400 ,22 41 67 92 117 137 155 171 184 195 204 211 ,0.2106 0.4626 0.7301 0.9814 1.2580 1.4996 1.7542 1.9861 2.2446 2.4939 2.7498 3.0237 ,0,0,0,0,0,0,228.5443,0.253,1.242,1.365,1.329,1.076,1.554,2.669,1.849,1.362,1.736,1.639,0.443,1.71,1.881,1.84,1.198,1.838,1.012,1.643,1.916,1.638,1.977,1.937,1.694,1.454,1.561,2.366,3.263,1.787,2.127,2.52,2.677,2.346,1.712,2.283,2.389,1.016,2.198,2.667,2.373,2.134,2.323,2.323,2.804,3.674,2.773,3.04,2.312,2.387,2.335,1.799,2.433,2.36,2.751,2.135,3.501,3.023,2.366,2.47,3.296,2.462,2.675,2.093,2.69,3.485,2.69,2.961,2.407,1.991,2.371,2.43,2.728,3.256,2.666,2.785,2.806,2.702,2.814,1.89,2.265,2.322,2.243,2.304,2.963,1.892,2.735,2.388,2.684,1.777,1.791,1,1.231,3.578,3.802,3.972,3.684,0.671,,,,,,,,,,,,,,,,,,,,,,,,,,,,,,,,,,,,,,,,,,,,,,,,,,,,,,,,,,,,,,,,
CO,PIPO,H,10H,B,10H-B,CO-PIPO-H-10H-B,,,2013,0,0,0,0,0,94,RINGWIDTH,1,NotAFile,10/30/2013 9:38,                   ,,2008 12326 8 RGB,Intr 0.021101 0.021161 N,EPSON EPSON Flatbed Scanner EPSON Perfection V700/V750 1.8 V3.24 3.24,0.0 [0],1659.0000 12163.0000 1693.0000 1283.0000  1.0000,Tg A Int Y,50%,N F Acq,12 1.2922 Lin 1.00,0.1630 0.3580 0.5650 0.7595 0.9735 1.1605 1.3575 1.5370 1.7370 1.9300 2.1280 2.3400 ,22 41 67 92 117 137 155 171 184 195 204 211 ,0.2106 0.4626 0.7301 0.9814 1.2580 1.4996 1.7542 1.9861 2.2446 2.4939 2.7498 3.0237 ,0,0,0,0,0,0,230.2372,0.139,1.269,1.374,1.348,1.558,1.326,1.766,1.24,1.179,1.243,1.204,0.232,1.689,1.433,1.872,1.353,1.245,1,1.33,1.489,1.538,1.52,1.439,1.731,1.224,1.347,1.388,2.042,1.38,1.461,2.565,2.104,1.872,1.683,1.737,2.042,1.239,2.296,2.452,2.853,2.502,1.983,2.004,2.254,3.011,2.43,2.339,2.197,2.381,2.042,2.041,2.153,2.324,2.156,1.963,2.367,1.963,2.194,2.008,2.454,2.61,2.907,2.304,2.217,3.616,2.827,2.941,3.072,2.715,3.069,3.289,3.803,5.06,4.272,3.603,4.096,4.597,4.541,3.762,3.094,4.316,3.334,3.232,3.683,3.04,4.074,4.088,4.988,3.794,3.481,3.484,2.83,4.901,0.823,,,,,,,,,,,,,,,,,,,,,,,,,,,,,,,,,,,,,,,,,,,,,,,,,,,,,,,,,,,,,,,,,,,
CO,PIPO,H,10L,A,10L-A,CO-PIPO-H-10L-A,,,2013,0,0,0,0,0,81,RINGWIDTH,1,NotAFile,10/30/2013 9:48,                   ,,1988 12189 8 RGB,Intr 0.021101 0.021161 N,EPSON EPSON Flatbed Scanner EPSON Perfection V700/V750 1.8 V3.24 3.24,0.0 [0],298.0000 10768.0000 312.0000 362.0000  1.0000,Tg A Int Y,50%,N F Acq,12 1.2922 Lin 1.00,0.1630 0.3580 0.5650 0.7595 0.9735 1.1605 1.3575 1.5370 1.7370 1.9300 2.1280 2.3400 ,22 41 67 92 117 137 155 171 184 195 204 211 ,0.2106 0.4626 0.7301 0.9814 1.2580 1.4996 1.7542 1.9861 2.2446 2.4939 2.7498 3.0237 ,0,0,0,0,0,0,220.2058,0.951,2.172,3.596,3.152,1.968,3.152,5.966,3.406,3.088,3.734,2.359,1.324,1.517,2.871,3.546,2.932,4.11,3.979,6.44,3.885,3.926,3.461,3.895,3.803,3.702,4.218,5.285,7.313,5.438,4.569,3.957,3.143,2.53,1.677,1.849,1.574,1.851,2.715,3.067,2.903,2.065,2.174,2.352,2.781,3.463,3.517,3.155,2.936,3.77,3.525,2.295,1.615,1.661,1.995,2.386,2.576,3.401,2.128,1.613,1.176,1.106,2.235,1.431,0.977,1.877,1.8,1.924,1.032,0.761,1.073,0.758,0.862,1.355,1.748,1.357,1.132,0.408,0.391,1.595,1.995,1.138,,,,,,,,,,,,,,,,,,,,,,,,,,,,,,,,,,,,,,,,,,,,,,,,,,,,,,,,,,,,,,,,,,,,,,,,,,,,,,,,
CO,PIPO,H,10L,B,10L-B,CO-PIPO-H-10L-B,,,2013,0,0,0,0,0,57,RINGWIDTH,1,NotAFile,10/30/2013 9:48,                   ,,1988 12189 8 RGB,Intr 0.021101 0.021161 N,EPSON EPSON Flatbed Scanner EPSON Perfection V700/V750 1.8 V3.24 3.24,0.0 [0],1766.0000 10331.0000 1625.0000 2916.0000  1.0000,Tg A Int Y,50%,N F Acq,12 1.2922 Lin 1.00,0.1630 0.3580 0.5650 0.7595 0.9735 1.1605 1.3575 1.5370 1.7370 1.9300 2.1280 2.3400 ,22 41 67 92 117 137 155 171 184 195 204 211 ,0.2106 0.4626 0.7301 0.9814 1.2580 1.4996 1.7542 1.9861 2.2446 2.4939 2.7498 3.0237 ,0,0,0,0,0,0,156.94,1.108,2.372,3.321,3.47,2.472,3.576,4.178,3.001,3.105,2.471,2.103,1.849,2.953,2.746,2.808,2.561,2.797,2.58,3.043,2.369,2.512,3.793,3.549,3.264,3.543,3.415,3.812,4.909,3.748,2.643,2.678,2.511,1.883,1.485,1.758,1.508,1.397,2.65,3.015,2.905,2.623,3.413,2.272,2.777,2.713,3.055,2.393,1.738,2.077,2.564,1.962,1.834,0.759,0.985,1.725,1.634,0.648,,,,,,,,,,,,,,,,,,,,,,,,,,,,,,,,,,,,,,,,,,,,,,,,,,,,,,,,,,,,,,,,,,,,,,,,,,,,,,,,,,,,,,,,,,,,,,,,,,,,,,,,
CO,PIPO,H,11H,A,11H-A,CO-PIPO-H-11H-A,,,2013,0,0,0,0,0,98,RINGWIDTH,1,NotAFile,10/31/2013 11:25,                   ,,2244 12051 8 RGB,Intr 0.021101 0.021161 N,EPSON EPSON Flatbed Scanner EPSON Perfection V700/V750 1.8 V3.24 3.24,0.0 [0],418.0000 11364.0000 238.0000 304.0000  1.0000,Tg A Int Y,50%,N F Acq,12 1.2922 Lin 1.00,0.1630 0.3580 0.5650 0.7595 0.9735 1.1605 1.3575 1.5370 1.7370 1.9300 2.1280 2.3400 ,22 41 67 92 117 137 155 171 184 195 204 211 ,0.2106 0.4626 0.7301 0.9814 1.2580 1.4996 1.7542 1.9861 2.2446 2.4939 2.7498 3.0237 ,0,0,0,0,0,0,234.076,0.624,1.756,2.328,2.814,2.446,1.738,2.745,1.986,1.67,1.734,1.565,0.758,1.892,1.827,2.733,2.296,2.468,2.021,2.803,2.409,1.742,2.125,2.333,2.987,2.426,2.301,2.05,2.613,1.722,2.833,2.634,2.883,2.959,1.847,1.861,1.805,2.238,2.095,3.216,2.793,2.285,2.349,2.243,2.791,3.33,2.7,3.607,3.384,2.495,2.662,2.535,2.231,2.008,2.34,2.686,3.022,2.742,2.301,2.493,2.894,1.796,2.049,1.984,1.679,2.156,1.837,2.525,2.146,1.565,2.219,2.492,1.776,2.412,2.222,1.853,2.42,2.919,2.882,2.594,2.239,2.847,2.879,2.468,1.961,2.853,2.447,2.798,2.32,1.88,1.606,2.02,1.786,3.609,2.707,2.956,3.588,2.937,0.63,,,,,,,,,,,,,,,,,,,,,,,,,,,,,,,,,,,,,,,,,,,,,,,,,,,,,,,,,,,,,,,
CO,PIPO,H,11H,B,11H-B,CO-PIPO-H-11H-B,,,2013,0,0,0,0,0,89,RINGWIDTH,1,NotAFile,10/31/2013 11:25,                   ,,2244 12051 8 RGB,Intr 0.021101 0.021161 N,EPSON EPSON Flatbed Scanner EPSON Perfection V700/V750 1.8 V3.24 3.24,0.0 [0],1870.0000 10304.0000 1814.0000 410.0000  1.0000,Tg A Int Y,50%,N F Acq,12 1.2922 Lin 1.00,0.1630 0.3580 0.5650 0.7595 0.9735 1.1605 1.3575 1.5370 1.7370 1.9300 2.1280 2.3400 ,22 41 67 92 117 137 155 171 184 195 204 211 ,0.2106 0.4626 0.7301 0.9814 1.2580 1.4996 1.7542 1.9861 2.2446 2.4939 2.7498 3.0237 ,0,0,0,0,0,0,209.3743,0.823,1.917,1.997,2.533,2.316,1.64,3.302,2.384,2,1.742,2.239,0.945,2.099,1.663,3.291,2.116,2.939,1.924,2.791,1.925,1.81,2.414,2.078,2.435,1.805,1.95,1.828,2.602,1.52,1.971,2.544,2.796,2.685,1.766,1.819,1.64,1.923,2.258,2.423,2.518,2.073,2.426,2.105,3.254,3.059,2.718,2.223,2.676,2.656,2.396,1.762,2.378,1.918,2.342,2.232,2.975,2.596,2.235,2.61,3.205,2.399,2.072,2.172,1.859,2.472,1.949,2.913,2.852,2.203,2.537,3.327,2.702,2.902,3.198,2.257,2.466,3.551,2.697,2.514,1.602,2.49,2.224,1.653,1.068,1.724,1.582,1.805,1.683,0.409,,,,,,,,,,,,,,,,,,,,,,,,,,,,,,,,,,,,,,,,,,,,,,,,,,,,,,,,,,,,,,,,,,,,,,,,
CO,PIPO,H,11L,A,11L-A,CO-PIPO-H-11L-A,,,2013,0,0,0,0,0,89,RINGWIDTH,1,NotAFile,10/31/2013 11:38,                   ,,2067 11913 8 RGB,Intr 0.021101 0.021161 N,EPSON EPSON Flatbed Scanner EPSON Perfection V700/V750 1.8 V3.24 3.24,0.0 [0],177.0000 11385.0000 294.0000 147.0000  1.0000,Tg A Int Y,50%,N F Acq,12 1.2922 Lin 1.00,0.1630 0.3580 0.5650 0.7595 0.9735 1.1605 1.3575 1.5370 1.7370 1.9300 2.1280 2.3400 ,22 41 67 92 117 137 155 171 184 195 204 211 ,0.2106 0.4626 0.7301 0.9814 1.2580 1.4996 1.7542 1.9861 2.2446 2.4939 2.7498 3.0237 ,0,0,0,0,0,0,237.8247,0.677,2.473,2.894,3.703,3.31,2.776,4.655,2.957,2.202,2.497,1.89,1.096,1.602,1.819,3.383,2.939,3.087,2.045,2.93,2.743,2.302,2.26,3.147,3.633,3.195,2.645,2.582,3.887,3.257,3.039,2.188,3.328,3.395,3.063,2.601,3.148,2.218,3.14,3.5,3.458,3.005,3.238,2.095,3.28,3.915,3.553,3.976,2.622,2.45,2.931,1.919,2.472,2.007,2.264,2.793,2.937,2.802,2.172,2.134,2.303,1.657,1.99,1.575,1.368,1.24,1.877,2.062,1.394,1.68,2.063,1.801,1.829,1.963,2.076,1.447,1.98,2.45,3.612,3.413,1.52,1.732,2.102,1.926,2.547,2.26,2.713,3.531,3.825,0.878,,,,,,,,,,,,,,,,,,,,,,,,,,,,,,,,,,,,,,,,,,,,,,,,,,,,,,,,,,,,,,,,,,,,,,,,
CO,PIPO,H,11L,B,11L-B,CO-PIPO-H-11L-B,,,2013,0,0,0,0,0,88,RINGWIDTH,1,NotAFile,10/31/2013 11:38,                   ,,2067 11913 8 RGB,Intr 0.021101 0.021161 N,EPSON EPSON Flatbed Scanner EPSON Perfection V700/V750 1.8 V3.24 3.24,0.0 [0],1644.0000 9978.0000 1680.0000 152.0000  1.0000,Tg A Int Y,50%,N F Acq,12 1.2922 Lin 1.00,0.1630 0.3580 0.5650 0.7595 0.9735 1.1605 1.3575 1.5370 1.7370 1.9300 2.1280 2.3400 ,22 41 67 92 117 137 155 171 184 195 204 211 ,0.2106 0.4626 0.7301 0.9814 1.2580 1.4996 1.7542 1.9861 2.2446 2.4939 2.7498 3.0237 ,0,0,0,0,0,0,207.9334,1.206,2.627,2.693,4.282,4.381,2.977,6.139,4.126,1.857,2.674,2.484,1.389,1.811,2.285,3.236,1.873,2.781,2.135,2.675,3.513,3.005,3.11,3.3,3.364,3.365,3.111,2.243,3.534,2.722,2.996,2.121,2.834,3.704,2.279,2.423,1.689,1.712,2.451,2.959,2.574,2.532,2.901,1.721,2.968,2.989,2.625,2.553,2.117,1.735,2.287,1.408,2.239,2.157,1.972,1.572,1.826,2.362,1.679,1.815,1.405,1.102,1.408,1.216,0.913,1.048,1.169,1.305,1.045,1.073,1.269,1.024,1.012,1.299,1.418,1.466,1.88,2.089,2.02,1.393,1.075,1.213,1.656,1.721,2.104,2.54,2.843,3.712,0.527,,,,,,,,,,,,,,,,,,,,,,,,,,,,,,,,,,,,,,,,,,,,,,,,,,,,,,,,,,,,,,,,,,,,,,,,,
CO,PIPO,H,12H,A,12H-A,CO-PIPO-H-12H-A,,,2013,0,0,0,0,0,117,RINGWIDTH,1,NotAFile,10/31/2013 12:00,                   ,,2067 12838 8 RGB,Intr 0.021101 0.021161 N,EPSON EPSON Flatbed Scanner EPSON Perfection V700/V750 1.8 V3.24 3.24,0.0 [0],313.0000 11868.0000 243.0000 323.0000  1.0000,Tg A Int Y,50%,N F Acq,12 1.2922 Lin 1.00,0.1630 0.3580 0.5650 0.7595 0.9735 1.1605 1.3575 1.5370 1.7370 1.9300 2.1280 2.3400 ,22 41 67 92 117 137 155 171 184 195 204 211 ,0.2106 0.4626 0.7301 0.9814 1.2580 1.4996 1.7542 1.9861 2.2446 2.4939 2.7498 3.0237 ,0,0,0,0,0,0,244.3129,0.319,1.269,1.661,1.577,1.32,1.618,2.61,1.65,0.985,1.408,1.222,0.909,1.338,1.368,2.116,1.541,1.295,1.396,1.481,1.035,0.865,1.183,1.616,2.678,1.75,1.674,1.701,1.777,1.481,1.636,1.767,1.751,1.692,0.952,1.075,1.4,1.333,1.1,1.404,1.576,1.503,1.351,0.969,1.268,1.797,1.163,1.227,1.481,1.777,1.714,1.203,1.204,1.395,1.119,1.163,0.888,1.205,0.973,0.994,1.267,1.188,1.478,1.48,1.198,1.431,1.167,1.636,1.446,1.278,1.111,1.58,1.277,1.997,2.44,2.063,2.081,2.599,1.963,2.329,1.888,2.173,2.341,2.032,2.202,1.622,2.126,2.673,2.835,2.876,2.934,3.29,2.786,3.687,2.647,3.725,2.695,3.07,3.363,3.496,4.33,3.313,4.385,4.2,4.015,3.735,4.568,4.707,4.517,4.224,4.636,4.274,3.699,3.784,2.749,2.351,3.418,1.677,,,,,,,,,,,,,,,,,,,,,,,,,,,,,,,,,,,,,,,,,,,,
CO,PIPO,H,12H,B,12H-B,CO-PIPO-H-12H-B,,,2013,0,0,0,0,0,120,RINGWIDTH,1,NotAFile,10/31/2013 12:00,                   ,,2067 12838 8 RGB,Intr 0.021101 0.021161 N,EPSON EPSON Flatbed Scanner EPSON Perfection V700/V750 1.8 V3.24 3.24,0.0 [0],1744.5000 11684.5000 1660.5000 920.0000  1.0000,Tg A Int Y,50%,N F Acq,12 1.2922 Lin 1.00,0.1630 0.3580 0.5650 0.7595 0.9735 1.1605 1.3575 1.5370 1.7370 1.9300 2.1280 2.3400 ,22 41 67 92 117 137 155 171 184 195 204 211 ,0.2106 0.4626 0.7301 0.9814 1.2580 1.4996 1.7542 1.9861 2.2446 2.4939 2.7498 3.0237 ,0,0,0,0,0,0,227.7989,0.3,1.033,1.222,1.321,1.316,1.447,2.075,1.37,0.943,1.198,1.033,0.824,1.014,1.48,1.882,1.459,1.502,0.994,1.226,0.505,0.462,1.111,1.619,1.726,1.339,1.491,1.693,2.225,1.511,1.435,2.292,2.01,1.904,0.762,1.286,1.281,1.42,1.501,1.976,1.597,1.572,1.337,0.875,1.24,1.863,1.557,1.415,1.18,1.431,1.232,0.939,1.398,1.213,1.274,1.222,0.998,0.98,0.961,1.148,1.314,1.206,1.704,1.581,1.023,1.324,0.8,0.832,0.667,0.691,0.652,0.937,0.985,2.303,1.634,2.147,1.95,1.759,2.138,2.088,1.439,1.868,2.224,1.524,2.448,2.093,1.591,2.089,2.808,1.843,2.345,2.428,2.252,3.255,2.383,2.698,2.458,1.791,2.878,1.798,2.201,1.706,2.261,3.143,2.28,2.596,3.278,2.385,3.099,2.143,2.569,3.051,1.596,1.915,1.724,1.794,2.808,1.692,2.009,2.824,0.5,,,,,,,,,,,,,,,,,,,,,,,,,,,,,,,,,,,,,,,,,
CO,PIPO,H,12L,A,12L-A,CO-PIPO-H-12L-A,,,2013,0,0,0,0,0,104,RINGWIDTH,1,NotAFile,10/31/2013 12:13,                   ,,2067 12366 8 RGB,Intr 0.021101 0.021161 N,EPSON EPSON Flatbed Scanner EPSON Perfection V700/V750 1.8 V3.24 3.24,0.0 [0],177.0000 11649.0000 312.0000 387.0000  1.0000,Tg A Int Y,50%,N F Acq,12 1.2922 Lin 1.00,0.1630 0.3580 0.5650 0.7595 0.9735 1.1605 1.3575 1.5370 1.7370 1.9300 2.1280 2.3400 ,22 41 67 92 117 137 155 171 184 195 204 211 ,0.2106 0.4626 0.7301 0.9814 1.2580 1.4996 1.7542 1.9861 2.2446 2.4939 2.7498 3.0237 ,0,0,0,0,0,0,238.3368,0.573,1.359,1.638,2.337,2.359,2.482,2.289,2.119,1.325,1.773,1.876,1.258,1.838,2.436,3.479,2.105,1.79,1.867,2.257,1.86,1.836,1.915,2.412,3.113,2.673,2.674,2.002,2.843,2.063,2.338,2.966,3.029,2.852,1.504,1.325,1.752,2.129,1.996,2.21,2.278,1.804,1.693,1.183,1.977,2.399,1.737,1.755,1.145,1.395,0.85,0.99,1.819,2.362,2.103,1.989,1.482,1.917,1.378,0.861,1.127,0.921,1.468,1.811,1.317,1.917,1.293,1.674,1.368,1.24,1.175,1.137,1.223,1.643,1.729,2.14,2.05,2.495,2.456,2.21,2.868,2.286,2.59,3.388,3.295,2.328,2.25,3.417,3.265,3.68,3.028,2.761,3.071,4,3.248,3.361,3.49,2.455,3.497,3.403,3.881,3.847,3.571,4.966,3.333,,,,,,,,,,,,,,,,,,,,,,,,,,,,,,,,,,,,,,,,,,,,,,,,,,,,,,,,,
CO,PIPO,H,12L,B,12L-B,CO-PIPO-H-12L-B,,,2013,0,0,0,0,0,107,RINGWIDTH,1,NotAFile,10/31/2013 12:13,                   ,,2067 12366 8 RGB,Intr 0.021101 0.021161 N,EPSON EPSON Flatbed Scanner EPSON Perfection V700/V750 1.8 V3.24 3.24,0.0 [0],1618.0000 11856.0000 1794.0000 700.0000  1.0000,Tg A Int Y,50%,N F Acq,12 1.2922 Lin 1.00,0.1630 0.3580 0.5650 0.7595 0.9735 1.1605 1.3575 1.5370 1.7370 1.9300 2.1280 2.3400 ,22 41 67 92 117 137 155 171 184 195 204 211 ,0.2106 0.4626 0.7301 0.9814 1.2580 1.4996 1.7542 1.9861 2.2446 2.4939 2.7498 3.0237 ,0,0,0,0,0,0,236.1059,0.537,1.266,2.453,2.263,2.877,2.433,3.041,2.492,1.41,2.099,1.82,1.69,1.183,2.324,3.256,2.029,2.437,2.136,2.466,1.732,1.967,1.735,1.986,2.406,2.381,2.261,1.999,3.058,1.712,1.827,1.804,1.882,1.951,0.97,1.184,1.326,0.986,1.28,1.175,1.721,1.154,1.532,1.133,0.944,1.705,1.892,1.996,1.784,2.425,1.672,1.266,1.971,1.883,1.671,1.689,1.284,1.009,0.944,0.418,0.292,0.54,1.161,1.625,1.28,1.276,1.208,1.452,1.182,1.088,0.857,1.007,1.054,1.346,1.493,1.913,1.567,2.383,1.696,2.038,2.594,2.034,2.447,2.244,2.385,2.768,2.831,3.433,2.918,2.898,3.118,3.688,3.067,3.647,2.959,3.066,4.032,2.656,4.342,3.335,4.335,3.555,4.084,5.091,3.366,3.382,4.054,1.877,,,,,,,,,,,,,,,,,,,,,,,,,,,,,,,,,,,,,,,,,,,,,,,,,,,,,,
CO,PIPO,H,1H,A,1H-A,CO-PIPO-H-1H-A,,,2013,0,0,0,0,0,54,RINGWIDTH,1,CO-PIPO-H-1H-Both.tif,10/31/2013 12:42,                   ,,2559 10613 8 RGB,Intr 0.021101 0.021161 N,Regent Instruments Inc.  WinDENDRO Reg 2009b,0.0 [0],314.0000 7134.0000 418.0000 210.0000  1.0000,Tg A Int Y,50%,N F Acq,12 1.2922 Lin 1.00,0.1630 0.3580 0.5650 0.7595 0.9735 1.1605 1.3575 1.5370 1.7370 1.9300 2.1280 2.3400 ,22 41 67 92 117 137 155 171 184 195 204 211 ,0.2106 0.4626 0.7301 0.9814 1.2580 1.4996 1.7542 1.9861 2.2446 2.4939 2.7498 3.0237 ,0,0,0,0,0,0,146.5384,0.708,1.864,1.643,2.242,2.513,1.974,2.713,2.146,1.834,1.973,2.013,1.038,1.564,2.045,3.043,2.387,2.133,1.864,2.404,2.061,1.858,2.626,2.154,1.822,1.712,1.996,1.852,2.064,1.854,1.601,2.432,1.623,2.38,1.489,1.398,1.743,1.428,1.656,1.995,1.771,1.424,2.072,2.261,2.015,1.966,2.374,4.99,2.406,2.534,1.424,1.291,1.89,0.831,2.549,,,,,,,,,,,,,,,,,,,,,,,,,,,,,,,,,,,,,,,,,,,,,,,,,,,,,,,,,,,,,,,,,,,,,,,,,,,,,,,,,,,,,,,,,,,,,,,,,,,,,,,,,,,
CO,PIPO,H,1H,B,1H-B,CO-PIPO-H-1H-B,,,2013,0,0,0,0,0,73,RINGWIDTH,1,CO-PIPO-H-1H-Both.tif,10/31/2013 12:42,                   ,,2559 10613 8 RGB,Intr 0.021101 0.021161 N,Regent Instruments Inc.  WinDENDRO Reg 2009b,0.0 [0],1876.0000 8738.0000 2024.0000 528.0000  1.0000,Tg A Int Y,50%,N F Acq,12 1.2922 Lin 1.00,0.1630 0.3580 0.5650 0.7595 0.9735 1.1605 1.3575 1.5370 1.7370 1.9300 2.1280 2.3400 ,22 41 67 92 117 137 155 171 184 195 204 211 ,0.2106 0.4626 0.7301 0.9814 1.2580 1.4996 1.7542 1.9861 2.2446 2.4939 2.7498 3.0237 ,0,0,0,0,0,0,173.7632,0.253,0.928,1.432,1.428,1.575,1.542,1.854,1.445,1.574,1.624,1.344,0.735,1.149,1.753,2.115,1.929,1.723,1.42,2.42,1.853,1.492,2.547,2.345,1.934,1.915,2.002,2.125,2.182,1.672,1.92,2.098,1.875,2.392,1.431,1.74,1.93,1.635,1.98,2.961,2.233,2.141,2.533,2.201,2.581,3.481,3.188,4.307,2.734,3.615,2.676,2.17,2.489,1.885,2.759,2.271,2.504,1.956,2.592,2.669,2.697,2.566,1.64,2.007,1.778,1.985,2.881,3.527,2.842,2.16,2.426,2.487,2.772,1.05,,,,,,,,,,,,,,,,,,,,,,,,,,,,,,,,,,,,,,,,,,,,,,,,,,,,,,,,,,,,,,,,,,,,,,,,,,,,,,,,,,,,,,,,
CO,PIPO,H,1L,A,1L-A,CO-PIPO-H-1L-A,,,2013,0,0,0,0,0,73,RINGWIDTH,1,CO-PIPO-H-1L_both.tif,10/31/2013 13:08,                   ,,2244 11224 8 RGB,Intr 0.021101 0.021161 N,Regent Instruments Inc.  WinDENDRO Reg 2009b,0.0 [0],427.0000 8908.5000 356.0000 1349.0000  1.0000,Tg A Int Y,50%,N F Acq,12 1.2922 Lin 1.00,0.1630 0.3580 0.5650 0.7595 0.9735 1.1605 1.3575 1.5370 1.7370 1.9300 2.1280 2.3400 ,22 41 67 92 117 137 155 171 184 195 204 211 ,0.2106 0.4626 0.7301 0.9814 1.2580 1.4996 1.7542 1.9861 2.2446 2.4939 2.7498 3.0237 ,0,0,0,0,0,0,160.1363,0.909,2.093,2.781,2.949,3.145,2.535,3.37,2.899,2.35,2.806,2.507,2.47,2.432,2.497,3.132,2.346,2.43,2.156,3.706,3.441,3.011,3.502,4.169,2.938,3.884,3.632,3.105,3.686,2.57,2.729,2.982,3.276,3.193,2.666,2.515,1.841,1.524,1.333,1.013,1.689,1.501,2.073,2.072,2.856,2.617,1.029,2.338,1.856,1.646,0.924,1.525,2.016,2.052,1.267,1.501,1.179,0.868,1.463,1.453,1.695,1.531,0.994,0.924,1.06,0.631,0.58,0.539,1.119,0.982,0.818,1.114,0.884,0.03,,,,,,,,,,,,,,,,,,,,,,,,,,,,,,,,,,,,,,,,,,,,,,,,,,,,,,,,,,,,,,,,,,,,,,,,,,,,,,,,,,,,,,,,
CO,PIPO,H,1L,B,1L-B,CO-PIPO-H-1L-B,,,2013,0,0,0,0,0,71,RINGWIDTH,1,CO-PIPO-H-1L_both.tif,10/31/2013 13:08,                   ,,2244 11224 8 RGB,Intr 0.021101 0.021161 N,Regent Instruments Inc.  WinDENDRO Reg 2009b,0.0 [0],1692.0000 9306.0000 1635.0000 366.0000  1.0000,Tg A Int Y,50%,N F Acq,12 1.2922 Lin 1.00,0.1630 0.3580 0.5650 0.7595 0.9735 1.1605 1.3575 1.5370 1.7370 1.9300 2.1280 2.3400 ,22 41 67 92 117 137 155 171 184 195 204 211 ,0.2106 0.4626 0.7301 0.9814 1.2580 1.4996 1.7542 1.9861 2.2446 2.4939 2.7498 3.0237 ,0,0,0,0,0,0,189.3486,1.355,2.857,3.449,3.661,3.83,3.936,5.343,4.118,3.507,3.822,2.876,1.923,3.107,3.215,3.701,3.583,3.251,3.451,4.125,3.332,3.026,3.893,4.567,4.168,3.449,3.869,3.51,4.444,2.856,2.833,2.556,3.074,3.951,3.835,5.189,1.603,0.801,1.502,1.418,2.201,2.112,2.555,2.733,3.369,2.214,1.335,2.65,2.835,3.254,2.259,1.926,1.361,1.001,0.916,1.765,1.394,0.897,1.023,1.076,1.233,1.364,2.496,0.988,0.95,0.73,0.51,0.602,1.59,1.474,0.913,0.849,,,,,,,,,,,,,,,,,,,,,,,,,,,,,,,,,,,,,,,,,,,,,,,,,,,,,,,,,,,,,,,,,,,,,,,,,,,,,,,,,,,,,,,,,,
CO,PIPO,H,3H,A,3H-A,CO-PIPO-H-3H-A,,,2013,0,0,0,0,0,161,RINGWIDTH,1,CO-PIPO-H-3H-Both.tif,10/31/2013 13:36,                   ,,2008 13370 8 RGB,Intr 0.021101 0.021161 N,Regent Instruments Inc.  WinDENDRO Reg 2009b,0.0 [0],216.0000 13281.0000 252.0000 270.0000  1.0000,Tg A Int Y,50%,N F Acq,12 1.2922 Lin 1.00,0.1630 0.3580 0.5650 0.7595 0.9735 1.1605 1.3575 1.5370 1.7370 1.9300 2.1280 2.3400 ,22 41 67 92 117 137 155 171 184 195 204 211 ,0.2106 0.4626 0.7301 0.9814 1.2580 1.4996 1.7542 1.9861 2.2446 2.4939 2.7498 3.0237 ,0,0,0,0,0,0,275.3321,0.106,0.107,0.762,0.99,0.821,0.865,0.759,0.783,0.588,0.526,0.348,0.223,0.2,0.287,0.369,0.359,0.244,0.294,0.398,0.253,0.189,0.232,0.228,0.21,0.125,0.272,0.23,0.398,0.294,0.481,0.607,0.482,0.638,0.517,0.538,0.603,0.605,0.711,0.545,0.512,0.491,0.416,0.333,0.355,0.372,0.494,0.478,0.627,0.652,0.463,0.42,0.686,0.573,0.843,0.772,1.362,1.32,1.348,1.142,1.437,1.14,0.716,0.712,0.689,0.793,0.88,1.387,1.18,1.348,1.369,1.746,1.66,2.149,1.408,1.76,1.791,1.945,1.794,1.755,1.71,1.797,2.581,3.089,3.893,2.221,2.836,3.15,3.171,2.579,2.929,3.299,2.316,3.882,2.847,2.937,2.482,1.995,3.037,2.718,3.771,3.286,3.026,4.234,4.095,3.851,4.061,4.154,3.535,4.036,3.15,3.562,2.657,3.376,2.994,2.455,2.877,2.335,2.041,3.087,2.376,1.958,2.4,2.82,2.292,2.604,2.279,2.031,2.052,2.494,2.148,2.454,3.229,2.148,2.452,2.712,2.431,3.119,2.727,2.692,2.494,1.972,1.931,1.602,2.44,2.455,2.671,2.401,1.681,1.218,1.781,2.847,2.599,2.186,1.556,1.29,1.5,1.226,0.487,1.083,1.623,0.829
CO,PIPO,H,3H,B,3H-B,CO-PIPO-H-3H-B,,,2013,0,0,0,0,0,134,RINGWIDTH,1,CO-PIPO-H-3H-Both.tif,10/31/2013 13:36,                   ,,2008 13370 8 RGB,Intr 0.021101 0.021161 N,Regent Instruments Inc.  WinDENDRO Reg 2009b,0.0 [0],1736.0000 12934.0000 1692.0000 560.0000  1.0000,Tg A Int Y,50%,N F Acq,12 1.2922 Lin 1.00,0.1630 0.3580 0.5650 0.7595 0.9735 1.1605 1.3575 1.5370 1.7370 1.9300 2.1280 2.3400 ,22 41 67 92 117 137 155 171 184 195 204 211 ,0.2106 0.4626 0.7301 0.9814 1.2580 1.4996 1.7542 1.9861 2.2446 2.4939 2.7498 3.0237 ,0,0,0,0,0,0,261.8529,0.19,0.733,0.856,0.995,0.905,0.786,1.241,0.931,1.112,0.79,0.686,0.229,0.665,0.96,1.32,1.11,0.985,1.089,1.32,1.297,0.898,1.393,1.204,1.367,1.185,1.634,1.445,1.833,1.263,1.534,1.87,1.639,1.77,1.078,1.418,1.185,0.719,1.269,1.352,0.994,0.74,0.528,0.571,0.985,0.689,0.802,0.72,0.761,0.895,0.838,0.575,0.802,0.906,0.848,0.864,1.329,1.282,1.324,1.135,1.815,1.522,1.333,1.819,1.439,1.881,1.5,2.177,1.905,1.903,1.82,2.071,2.158,2.643,2.244,2.494,2.089,2.623,2.285,2.325,2.113,2.307,2.518,2.919,3.023,2.516,3.025,2.793,3.15,3.277,2.666,3.278,2.899,3.491,2.642,2.977,3.266,2.447,3.631,3.171,3.288,3.392,3.31,3.206,3.744,3.589,3.536,3.9,3.415,3.249,2.985,3.406,3.13,2.93,2.408,1.658,2.085,2.03,1.915,2.666,2.013,1.669,2.268,2.491,2.41,2.404,2.149,1.952,1.706,2.874,1.763,2.433,2.721,1.499,0.507,,,,,,,,,,,,,,,,,,,,,,,,,,,
