"","Transect","Species","Elev","Tree","Tag","2013","2012","2011","2010","2009","2008","2007","2006","2005","2004","2003","2002","2001","2000","1999","1998","1997","1996","1995","1994","1993","1992","1991","1990","1989","1988","1987","1986","1985","1984","1983","1982","1981","1980","1979","1978","1977","1976","1975","1974","1973","1972","1971","1970","1969","1968","1967","1966","1965","1964","1963","1962","1961","1960","1959","1958","1957","1956","1955","1954","1953","1952","1951","1950","1949","1948","1947","1946","1945","1944","1943","1942","1941","1940","1939","1938","1937","1936","1935","1934","1933","1932","1931","1930","1929","1928","1927","1926","1925","1924","1923","1922","1921","1920","1919","1918","1917","1916","1915","1914","1913","1912","1911","1910","1909","1908","1907","1906","1905","1904","1903","1902"
"47","CO","PIPO","H","01H","PIPO-H-01H",0.4805,1.396,1.5375,1.835,2.044,1.758,2.2835,1.7955,1.704,1.7985,1.6785,0.8865,1.3565,1.899,2.579,2.158,1.928,1.642,2.412,1.957,1.675,2.5865,2.2495,1.878,1.8135,1.999,1.9885,2.123,1.763,1.7605,2.265,1.749,2.386,1.46,1.569,1.8365,1.5315,1.818,2.478,2.002,1.7825,2.3025,2.231,2.298,2.7235,2.781,4.6485,2.57,3.0745,2.05,1.7305,2.1895,1.358,2.654,2.271,2.504,1.956,2.592,2.669,2.697,2.566,1.64,2.007,1.778,1.985,2.881,3.527,2.842,2.16,2.426,2.487,2.772,1.05,NA,NA,NA,NA,NA,NA,NA,NA,NA,NA,NA,NA,NA,NA,NA,NA,NA,NA,NA,NA,NA,NA,NA,NA,NA,NA,NA,NA,NA,NA,NA,NA,NA,NA,NA,NA,NA,NA,NA
"48","CO","PIPO","H","01L","PIPO-H-01L",1.132,2.475,3.115,3.305,3.4875,3.2355,4.3565,3.5085,2.9285,3.314,2.6915,2.1965,2.7695,2.856,3.4165,2.9645,2.8405,2.8035,3.9155,3.3865,3.0185,3.6975,4.368,3.553,3.6665,3.7505,3.3075,4.065,2.713,2.781,2.769,3.175,3.572,3.2505,3.852,1.722,1.1625,1.4175,1.2155,1.945,1.8065,2.314,2.4025,3.1125,2.4155,1.182,2.494,2.3455,2.45,1.5915,1.7255,1.6885,1.5265,1.0915,1.633,1.2865,0.8825,1.243,1.2645,1.464,1.4475,1.745,0.956,1.005,0.6805,0.545,0.5705,1.3545,1.228,0.8655,0.9815,0.884,0.03,NA,NA,NA,NA,NA,NA,NA,NA,NA,NA,NA,NA,NA,NA,NA,NA,NA,NA,NA,NA,NA,NA,NA,NA,NA,NA,NA,NA,NA,NA,NA,NA,NA,NA,NA,NA,NA,NA,NA
"41","CO","PIPO","H","10H","PIPO-H-10H",0.196,1.2555,1.3695,1.3385,1.317,1.44,2.2175,1.5445,1.2705,1.4895,1.4215,0.3375,1.6995,1.657,1.856,1.2755,1.5415,1.006,1.4865,1.7025,1.588,1.7485,1.688,1.7125,1.339,1.454,1.877,2.6525,1.5835,1.794,2.5425,2.3905,2.109,1.6975,2.01,2.2155,1.1275,2.247,2.5595,2.613,2.318,2.153,2.1635,2.529,3.3425,2.6015,2.6895,2.2545,2.384,2.1885,1.92,2.293,2.342,2.4535,2.049,2.934,2.493,2.28,2.239,2.875,2.536,2.791,2.1985,2.4535,3.5505,2.7585,2.951,2.7395,2.353,2.72,2.8595,3.2655,4.158,3.469,3.194,3.451,3.6495,3.6775,2.826,2.6795,3.319,2.7885,2.768,3.323,2.466,3.4045,3.238,3.836,2.7855,2.636,2.242,2.0305,4.2395,2.3125,3.972,3.684,0.671,NA,NA,NA,NA,NA,NA,NA,NA,NA,NA,NA,NA,NA,NA,NA
"42","CO","PIPO","H","10L","PIPO-H-10L",1.0295,2.272,3.4585,3.311,2.22,3.364,5.072,3.2035,3.0965,3.1025,2.231,1.5865,2.235,2.8085,3.177,2.7465,3.4535,3.2795,4.7415,3.127,3.219,3.627,3.722,3.5335,3.6225,3.8165,4.5485,6.111,4.593,3.606,3.3175,2.827,2.2065,1.581,1.8035,1.541,1.624,2.6825,3.041,2.904,2.344,2.7935,2.312,2.779,3.088,3.286,2.774,2.337,2.9235,3.0445,2.1285,1.7245,1.21,1.49,2.0555,2.105,2.0245,2.128,1.613,1.176,1.106,2.235,1.431,0.977,1.877,1.8,1.924,1.032,0.761,1.073,0.758,0.862,1.355,1.748,1.357,1.132,0.408,0.391,1.595,1.995,1.138,NA,NA,NA,NA,NA,NA,NA,NA,NA,NA,NA,NA,NA,NA,NA,NA,NA,NA,NA,NA,NA,NA,NA,NA,NA,NA,NA,NA,NA,NA,NA
"43","CO","PIPO","H","11H","PIPO-H-11H",0.7235,1.8365,2.1625,2.6735,2.381,1.689,3.0235,2.185,1.835,1.738,1.902,0.8515,1.9955,1.745,3.012,2.206,2.7035,1.9725,2.797,2.167,1.776,2.2695,2.2055,2.711,2.1155,2.1255,1.939,2.6075,1.621,2.402,2.589,2.8395,2.822,1.8065,1.84,1.7225,2.0805,2.1765,2.8195,2.6555,2.179,2.3875,2.174,3.0225,3.1945,2.709,2.915,3.03,2.5755,2.529,2.1485,2.3045,1.963,2.341,2.459,2.9985,2.669,2.268,2.5515,3.0495,2.0975,2.0605,2.078,1.769,2.314,1.893,2.719,2.499,1.884,2.378,2.9095,2.239,2.657,2.71,2.055,2.443,3.235,2.7895,2.554,1.9205,2.6685,2.5515,2.0605,1.5145,2.2885,2.0145,2.3015,2.0015,1.1445,1.606,2.02,1.786,3.609,2.707,2.956,3.588,2.937,0.63,NA,NA,NA,NA,NA,NA,NA,NA,NA,NA,NA,NA,NA,NA
"44","CO","PIPO","H","11L","PIPO-H-11L",0.9415,2.55,2.7935,3.9925,3.8455,2.8765,5.397,3.5415,2.0295,2.5855,2.187,1.2425,1.7065,2.052,3.3095,2.406,2.934,2.09,2.8025,3.128,2.6535,2.685,3.2235,3.4985,3.28,2.878,2.4125,3.7105,2.9895,3.0175,2.1545,3.081,3.5495,2.671,2.512,2.4185,1.965,2.7955,3.2295,3.016,2.7685,3.0695,1.908,3.124,3.452,3.089,3.2645,2.3695,2.0925,2.609,1.6635,2.3555,2.082,2.118,2.1825,2.3815,2.582,1.9255,1.9745,1.854,1.3795,1.699,1.3955,1.1405,1.144,1.523,1.6835,1.2195,1.3765,1.666,1.4125,1.4205,1.631,1.747,1.4565,1.93,2.2695,2.816,2.403,1.2975,1.4725,1.879,1.8235,2.3255,2.4,2.778,3.6215,2.176,0.878,NA,NA,NA,NA,NA,NA,NA,NA,NA,NA,NA,NA,NA,NA,NA,NA,NA,NA,NA,NA,NA,NA,NA
"45","CO","PIPO","H","12H","PIPO-H-12H",0.3095,1.151,1.4415,1.449,1.318,1.5325,2.3425,1.51,0.964,1.303,1.1275,0.8665,1.176,1.424,1.999,1.5,1.3985,1.195,1.3535,0.77,0.6635,1.147,1.6175,2.202,1.5445,1.5825,1.697,2.001,1.496,1.5355,2.0295,1.8805,1.798,0.857,1.1805,1.3405,1.3765,1.3005,1.69,1.5865,1.5375,1.344,0.922,1.254,1.83,1.36,1.321,1.3305,1.604,1.473,1.071,1.301,1.304,1.1965,1.1925,0.943,1.0925,0.967,1.071,1.2905,1.197,1.591,1.5305,1.1105,1.3775,0.9835,1.234,1.0565,0.9845,0.8815,1.2585,1.131,2.15,2.037,2.105,2.0155,2.179,2.0505,2.2085,1.6635,2.0205,2.2825,1.778,2.325,1.8575,1.8585,2.381,2.8215,2.3595,2.6395,2.859,2.519,3.471,2.515,3.2115,2.5765,2.4305,3.1205,2.647,3.2655,2.5095,3.323,3.6715,3.1475,3.1655,3.923,3.546,3.808,3.1835,3.6025,3.6625,2.6475
"46","CO","PIPO","H","12L","PIPO-H-12L",0.555,1.3125,2.0455,2.3,2.618,2.4575,2.665,2.3055,1.3675,1.936,1.848,1.474,1.5105,2.38,3.3675,2.067,2.1135,2.0015,2.3615,1.796,1.9015,1.825,2.199,2.7595,2.527,2.4675,2.0005,2.9505,1.8875,2.0825,2.385,2.4555,2.4015,1.237,1.2545,1.539,1.5575,1.638,1.6925,1.9995,1.479,1.6125,1.158,1.4605,2.052,1.8145,1.8755,1.4645,1.91,1.261,1.128,1.895,2.1225,1.887,1.839,1.383,1.463,1.161,0.6395,0.7095,0.7305,1.3145,1.718,1.2985,1.5965,1.2505,1.563,1.275,1.164,1.016,1.072,1.1385,1.4945,1.611,2.0265,1.8085,2.439,2.076,2.124,2.731,2.16,2.5185,2.816,2.84,2.548,2.5405,3.425,3.0915,3.289,3.073,3.2245,3.069,3.8235,3.1035,3.2135,3.761,2.5555,3.9195,3.369,4.108,3.701,3.8275,5.0285,3.3495,3.382,4.054,1.877,NA,NA,NA,NA,NA
"49","CO","PIPO","H","2H","PIPO-H-2H",0.247,1.732,1.831,2.062,1.751,1.4705,2.6905,1.907,1.373,1.898,1.8565,1.2765,1.4815,2.0095,2.721,2.1175,2.0675,1.9635,2.238,1.9775,1.846,2.3145,2.079,2.3605,1.7085,1.41,1.837,2.4,1.6755,1.8495,2.372,2.356,2.196,1.448,1.454,1.662,1.8605,2.0805,2.354,1.819,1.822,2.1985,1.5865,1.8475,2.3775,2.0915,2.122,2.3125,2.7345,1.572,1.75,1.947,1.925,2.144,1.5635,2.205,2.52,1.787,2.2475,2.9885,2.241,2.533,1.98,2.3605,2.4985,2.537,3.444,3.1155,3.0835,2.725,3.0485,2.4585,3.5105,3.429,2.629,2.8725,3.1915,2.993,2.701,2.766,3.13,3.0555,3.0765,4.264,2.8275,3.338,3.6015,2.9765,2.9435,3.253,4.441,3.0665,4.431,3.1285,3.6405,4.1435,1.7735,2.4205,3.1585,1.659,2.4925,3.297,3.3865,3.376,2.6635,2.502,1.177,NA,NA,NA,NA,NA
"50","CO","PIPO","H","2L","PIPO-H-2L",0.1545,0.662,0.563,0.776,0.663,0.282,0.6865,0.481,0.222,0.6025,0.5895,0.428,0.559,0.8,1.3395,1.3075,1.0535,1.088,1.2155,0.872,0.7445,1.056,1.0535,1.384,1.088,0.9615,1.0645,1.8425,1.588,1.394,1.722,1.6455,1.447,0.99,0.9485,1.054,1.002,1.5385,1.7735,1.4785,1.906,1.957,1.244,1.6295,2.101,1.991,2.0535,2.1095,2.3025,1.883,1.4735,1.7145,1.529,1.6365,0.8855,1.392,1.6355,1.357,1.1165,1.802,1.361,1.826,1.7645,1.9775,1.903,1.935,2.017,1.815,2.031,2.261,2.7305,2.628,2.5335,2.677,2.942,3.239,3.383,3.0115,3.1415,3.057,3.3695,3.4645,4.096,5.148,3.636,3.558,4.507,4.3445,4.568,4.3995,5.3105,4.9785,6.6555,4.9855,5.5065,4.3515,3.0705,4.1355,3.5875,4.48,3.4665,3.9585,4.5445,3.4635,4.1405,5.3325,5.7035,4.8705,4.56,4.3905,4.242,3.84
"51","CO","PIPO","H","3H","PIPO-H-3H",0.148,0.42,0.809,0.9925,0.863,0.8255,1,0.857,0.85,0.658,0.517,0.226,0.4325,0.6235,0.8445,0.7345,0.6145,0.6915,0.859,0.775,0.5435,0.8125,0.716,0.7885,0.655,0.953,0.8375,1.1155,0.7785,1.0075,1.2385,1.0605,1.204,0.7975,0.978,0.894,0.662,0.99,0.9485,0.753,0.6155,0.472,0.452,0.67,0.5305,0.648,0.599,0.694,0.7735,0.6505,0.4975,0.744,0.7395,0.8455,0.818,1.3455,1.301,1.336,1.1385,1.626,1.331,1.0245,1.2655,1.064,1.337,1.19,1.782,1.5425,1.6255,1.5945,1.9085,1.909,2.396,1.826,2.127,1.94,2.284,2.0395,2.04,1.9115,2.052,2.5495,3.004,3.458,2.3685,2.9305,2.9715,3.1605,2.928,2.7975,3.2885,2.6075,3.6865,2.7445,2.957,2.874,2.221,3.334,2.9445,3.5295,3.339,3.168,3.72,3.9195,3.72,3.7985,4.027,3.475,3.6425,3.0675,3.484,2.8935
"52","CO","PIPO","H","3L","PIPO-H-3L",0.255,1.0845,0.9675,1.384,1.395,1.057,1.435,1.1915,0.6875,1.1635,1.067,0.707,0.895,1.236,1.4915,1.6505,1.268,1.468,1.321,1.066,1.109,1.235,1.564,1.392,1.1095,1.124,1.1695,1.443,1.056,1.2045,1.5835,1.438,1.689,0.9525,1.003,0.964,1.158,1.2855,1.782,1.277,1.2355,1.5935,1.1505,1.3835,1.8955,1.757,2.05,2.08,2.2805,1.8515,1.283,1.7025,1.2675,1.3305,1.1305,1.3635,1.5805,1.1795,1.338,1.73,1.731,1.563,1.5105,1.566,1.9365,1.661,1.83,1.605,2.188,2.419,2.0085,2.062,2.4835,1.851,1.45,1.681,2.309,2.381,2.7185,2.175,2.65,2.6335,3.0865,3.579,3.0975,3.399,3.2665,3.604,3.439,3.513,4.185,2.647,4.3305,3.3585,4.04,3.9565,2.484,3.3375,3.037,3.4515,3.239,2.95,4.1415,3.164,3.474,3.6675,4.383,3.554,3.7385,3.4345,3.546,3.098
"53","CO","PIPO","H","4H","PIPO-H-4H",0.165,0.4965,0.8555,1.0545,0.8015,0.4305,0.8435,0.698,0.465,0.939,1.2335,0.654,1.1505,1.4515,2.2105,1.637,1.161,1.372,2.0595,1.512,1.5535,1.415,1.7885,2.2065,1.945,1.903,2.1465,2.1475,1.5975,1.713,2.3295,2.036,2.1195,1.4065,1.249,1.3235,1.3805,1.6945,2.255,2.051,2.004,1.901,1.2585,2.325,2.591,2.549,3.0835,2.254,2.453,2.1675,1.6875,1.7465,2.013,1.7035,1.7865,2.1005,2.7065,1.6285,2.4515,2.832,2.507,2.5235,2.354,1.8925,2.706,2.2065,3.042,2.6405,2.3255,2.5155,2.592,2.4465,2.593,2.5035,2.095,2.461,2.613,2.449,2.4045,2.111,2.704,2.3545,2.9825,3.033,2.905,2.515,3.068,2.5435,2.628,2.101,2.8505,1.891,2.8705,1.893,1.9445,2.129,1.3465,2.069,1.515,1.815,1.667,1.94,1.7655,1.8225,2.0605,2.197,1.908,1.625,1.6765,1.4225,1.692,1.1565
"54","CO","PIPO","H","4L","PIPO-H-4L",0.66,2.871,3.0125,3.1175,2.732,2.654,3.8755,2.324,3.018,3.4285,2.3465,2.34,2.6065,2.444,3.8855,3.5355,3.2235,2.902,4.051,3.5805,3.146,3.99,3.756,3.748,3.182,3.7095,3.55,4.501,2.96,2.7115,3.6315,3.517,3.809,2.723,2.66,3.4645,3.5125,3.8095,4.5545,4.2175,4.1115,3.143,2.832,3.544,4.0685,3.3565,4.127,3.582,4.103,4.4475,3.3815,3.586,3.4825,3.34,3.486,2.7085,3.0975,3.2685,3.3635,3.567,3.997,3.4215,3.6745,3.332,4.106,3.3725,3.191,2.6465,3.0945,3.218,4.142,3.24,2.37,1.74,2.01,4.591,0.452,NA,NA,NA,NA,NA,NA,NA,NA,NA,NA,NA,NA,NA,NA,NA,NA,NA,NA,NA,NA,NA,NA,NA,NA,NA,NA,NA,NA,NA,NA,NA,NA,NA,NA,NA
"55","CO","PIPO","H","5H","PIPO-H-5H",0.475,1.3345,1.553,1.805,1.9235,1.4975,2.4285,1.656,1.2665,1.415,1.4065,0.714,1.0835,1.96,2.503,2.143,2.4415,1.739,2.6445,2.214,1.827,2.0195,2.0615,2.3745,2.282,2.517,2.922,3.4265,2.642,2.659,4.2395,2.9935,2.69,1.7865,2.4395,1.9815,1.835,2.6005,3.0045,2.739,2.749,3.2445,3.01,3.2395,3.949,3.0765,3.6905,3.93,3.602,3.4725,3.2435,3.5255,2.5805,3.003,3.213,3.379,2.892,2.5515,2.099,2.519,2.6405,2.8745,2.103,1.7565,1.915,1.935,2.409,2.1695,1.7925,2.0875,2.3315,3.14,3.2305,3.0345,2.9115,2.8355,3.395,2.4925,2.275,2.531,2.684,3.5915,2.825,3.534,0.641,NA,NA,NA,NA,NA,NA,NA,NA,NA,NA,NA,NA,NA,NA,NA,NA,NA,NA,NA,NA,NA,NA,NA,NA,NA,NA,NA
"56","CO","PIPO","H","5L","PIPO-H-5L",0.4235,1.197,1.198,1.725,2.348,1.679,3.616,2.305,1.7555,2.0415,2.0665,0.934,1.479,1.398,2.6535,2.317,2.6675,2.1155,2.601,1.3695,1.1025,1.6825,1.736,2.5015,1.934,2.424,2.055,2.6715,1.5645,1.5055,2.07,1.7525,1.787,1.3835,1.5805,1.325,1.535,2.823,3.037,3.4225,2.0515,3.039,3.2715,3.189,3.6535,3.065,3.1705,3.466,3.8735,3.0965,2.6515,2.647,2.148,2.7815,2.66,3.0305,3.196,3.966,3.427,4.5245,4.259,3.224,3.5865,3.198,3.9115,3.185,4.335,3.886,3.512,3.4635,3.121,4.051,4.166,3.867,4.1525,4.1,2.6405,3.893,3.065,3.64,2.858,3.574,2.691,0.576,NA,NA,NA,NA,NA,NA,NA,NA,NA,NA,NA,NA,NA,NA,NA,NA,NA,NA,NA,NA,NA,NA,NA,NA,NA,NA,NA,NA
"57","CO","PIPO","H","6H","PIPO-H-6H",0.1155,0.2445,0.4765,0.3315,0.3865,0.338,0.431,0.294,0.2675,0.263,0.2995,0.1415,0.627,0.6785,0.9755,0.9865,1.2585,1.012,1.1595,0.6845,0.651,0.978,0.923,1.1055,0.759,1.183,1.146,1.401,0.9205,0.9685,1.3765,1.196,1.259,0.662,0.92,0.874,0.98,1.0365,1.3745,1.0805,1.3205,1.1025,1.0875,0.9285,1.41,1.0735,1.477,1.2335,1.7885,1.015,0.8955,1.072,1.014,0.968,0.9515,0.916,1.076,1.0335,0.914,1.2695,1.163,1.29,1.1055,0.922,1.646,1.4055,1.442,1.397,1.3355,1.2675,1.4185,1.3225,1.6325,1.5625,1.1535,1.7945,1.666,1.5635,1.5165,1.253,1.2385,2.0365,1.968,2.7745,2.4295,2.2835,2.657,2.711,2.616,1.946,1.8065,1.4595,3.202,2.5085,2.424,2.313,1.8335,2.5565,2.589,3.1245,2.4075,3.065,3.3585,2.6905,2.534,3.6095,3.755,3.6085,3.4605,2.7515,2.983,2.3925
"58","CO","PIPO","H","6L","PIPO-H-6L",0.768,1.6655,1.9295,2.4405,2.4065,2.078,3.2365,2.4265,1.5615,2.078,1.817,1.491,2.024,2.625,3.99,3.0535,3.349,3.6395,3.5395,2.393,2.0005,2.235,2.3775,3.762,2.738,3.553,3.484,3.234,2.9345,3.418,3.1285,2.8375,3.4095,1.945,2.501,2.5015,2.8215,2.978,3.0495,3.7185,2.8975,3.6465,3.4545,3.775,3.8875,3.389,4.197,3.7515,3.6235,3.1225,2.9215,2.7975,2.6665,2.6535,2.32,2.698,2.8955,2.786,3.0005,3.642,3.259,2.8505,2.5185,3.18,4,3.1395,2.347,2.451,2.21,2.152,2.236,2.792,3.703,2.363,2.392,2.352,3.299,4.07,2.253,3.124,NA,NA,NA,NA,NA,NA,NA,NA,NA,NA,NA,NA,NA,NA,NA,NA,NA,NA,NA,NA,NA,NA,NA,NA,NA,NA,NA,NA,NA,NA,NA,NA
"59","CO","PIPO","H","7H","PIPO-H-7H",0.236,0.7805,1.006,0.669,0.783,0.6375,1.6055,1.084,0.806,0.929,0.8345,0.322,0.984,1.215,1.7305,1.2975,1.455,1.053,1.5805,1.2605,1.1135,1.2125,1.195,1.6225,1.205,1.4525,1.613,2.13,1.4895,1.5335,2.2695,1.8095,1.978,1.0575,1.236,1.204,0.9385,1.2405,1.5725,1.4395,1.5915,1.6865,1.592,1.8695,2.2475,1.731,2.1215,2.255,2.513,2.0425,1.438,1.9585,2.056,1.834,1.4575,1.924,1.795,1.5235,1.789,2.032,1.616,2.063,1.767,1.5725,2.301,1.995,2.3285,1.9665,1.8645,2.2425,2.1565,1.8365,2.5755,2.5135,2.101,2.63,3.529,2.651,2.8025,2.245,2.85,3.177,2.9255,3.2295,3.1775,3.0825,3.337,3.6575,3.122,2.9935,3.0525,2.354,3.5485,3.144,3.977,3.2675,2.6125,3.5685,3.068,3.8225,2.009,3.45,4.302,3.066,2.753,5.295,NA,NA,NA,NA,NA,NA
"60","CO","PIPO","H","7L","PIPO-H-7L",0.899,1.2805,1.417,1.1125,1.042,0.99,2.016,1.3285,0.9725,1.4115,1.609,1.1815,1.071,1.8245,2.9565,2.105,2.7915,2.195,3.582,2.65,1.7635,2.2255,2.931,3.8705,2.6505,2.9575,2.5835,3.1815,2.474,2.812,3.4615,2.628,2.0835,1.378,1.602,2.1325,2.95,3.0495,3.292,3.4295,2.401,2.807,2.8225,3.9795,4.505,2.8935,3.9745,3.9645,4.935,3.4145,3.2825,3.536,2.626,3.0525,4.1005,4.6375,3.666,2.7445,2.654,2.533,2.406,2.282,2.66,2.32,2.912,2.616,2.603,1.635,1.589,1.832,1.613,2.165,2.537,2.637,1.486,1.453,2.361,2.265,1.729,1.486,2.156,1.139,1.439,NA,NA,NA,NA,NA,NA,NA,NA,NA,NA,NA,NA,NA,NA,NA,NA,NA,NA,NA,NA,NA,NA,NA,NA,NA,NA,NA,NA,NA
"61","CO","PIPO","H","8H","PIPO-H-8H",0.368,1.34,1.556,1.95,1.677,1.7555,2.612,1.692,1.574,1.405,1.543,0.179,1.9995,1.754,3.165,1.822,2.052,1.679,2.026,1.5295,1.7595,2.037,1.525,2.283,1.7735,2.2565,2.18,2.982,2.095,2.163,2.7895,2.29,2.3845,1.708,1.8565,2.07,1.3645,1.7805,2.647,2.3945,2.0525,2.3795,1.975,2.672,2.812,2.7495,3.073,2.7025,3.3345,2.401,1.8825,2.1105,2.1195,2.025,1.9105,2.7435,2.9125,1.7915,2.0765,2.397,2.4455,2.887,2.4045,2.1435,2.7285,1.949,2.44,1.974,1.8,2.3885,2.56,2.9205,3.2435,3.0345,2.2865,3.048,3.5555,1.896,2.238,2.786,2.296,3.143,0.458,NA,NA,NA,NA,NA,NA,NA,NA,NA,NA,NA,NA,NA,NA,NA,NA,NA,NA,NA,NA,NA,NA,NA,NA,NA,NA,NA,NA,NA
"62","CO","PIPO","H","8L","PIPO-H-8L",0.9965,2.325,2.489,3.48,3.237,2.4165,4.5705,3.4485,2.0285,2.4495,2.932,1.1385,2.874,3.7175,4.329,3.3075,3.466,2.4425,3.3225,2.889,2.8955,3.1925,3.077,3.286,2.9425,3.235,3.256,4.146,2.6575,2.971,3.71,3.339,3.5225,2.208,2.092,2.3695,2.0955,2.3985,2.854,2.9205,2.306,2.4605,2.706,3.3255,2.8885,2.511,3.0035,2.012,2.128,2.0225,2.099,2.2505,2.0045,1.9835,2.065,2.0845,2.3955,2.2655,2.2935,2.678,2.7205,2.146,1.8105,1.8565,1.9325,1.7425,1.8395,1.671,1.7335,1.7205,1.2915,1.915,1.999,1.654,1.419,2.16,0.348,NA,NA,NA,NA,NA,NA,NA,NA,NA,NA,NA,NA,NA,NA,NA,NA,NA,NA,NA,NA,NA,NA,NA,NA,NA,NA,NA,NA,NA,NA,NA,NA,NA,NA,NA
"63","CO","PIPO","H","9H","PIPO-H-9H",0.169,0.8635,1.0035,0.908,0.8135,0.982,1.4345,1.3185,1.077,1.0235,1.0555,0.3475,0.886,1.3695,1.571,1.287,1.266,1.1395,1.36,1.0345,0.9275,1.1705,1.1625,1.401,1.289,1.4585,1.552,1.76,1.1565,1.1125,1.4985,1.5415,1.5985,0.899,0.8665,1.172,0.946,1.2045,1.2395,1.093,1.0155,0.8155,0.709,1.7915,1.8355,1.7575,1.6095,1.781,1.9465,1.9775,1.651,1.7085,1.322,1.836,1.662,1.572,1.5245,1.1735,1.506,1.562,1.3315,1.7465,1.667,1.545,1.873,2.099,2.0025,1.931,1.9015,2.0935,2.8035,2.5755,3.198,3.1105,2.8545,2.7755,3.255,2.7755,2.453,2.7395,2.698,2.512,2.4475,2.7355,2.409,3.2075,4.2215,4.0215,3.33,3.2925,2.796,2.755,3.9695,3.946,5.475,2.5135,4.223,3.976,3.35,3.211,2.136,NA,NA,NA,NA,NA,NA,NA,NA,NA,NA,NA
"64","CO","PIPO","H","9L","PIPO-H-9L",0.401,1.4385,1.9335,2.1745,2.3055,2.0035,3.1535,2.2085,1.4385,1.92,1.7595,1.0445,1.53,2.1425,2.608,2.207,2.576,2.7775,2.993,2.008,1.9445,2.1455,1.952,2.3955,2.29,1.8695,2.6345,3.206,2.3595,2.825,3.2585,2.9725,2.884,2.1565,2.422,2.26,1.7345,3.0865,2.686,2.782,2.4505,3.327,2.1035,2.852,3.6955,3.066,3.4005,3.486,3.6665,2.5515,2.528,2.5985,2.6015,2.635,2.6605,3.3585,3.25,2.861,3.4215,3.2505,2.9355,2.0605,3.589,2.862,4.02,3.208,4.11,3.824,3.131,3.553,3.925,3.1,4.149,4.099,4.319,4.386,4.96,4.519,3.095,3.99,3.61,4.354,3.796,3.968,1.488,NA,NA,NA,NA,NA,NA,NA,NA,NA,NA,NA,NA,NA,NA,NA,NA,NA,NA,NA,NA,NA,NA,NA,NA,NA,NA,NA
"3","CO","PIPO","L","01H","PIPO-L-01H",0.507,0.59,1.622,1.057,1.227,1.015,1.141,1.15,1.544,0.697,0.583,0.042,0.67,0.786,2.069,1.559,2.006,0.735,1.765,1.366,1.097,1.576,1.455,1.178,1.091,1.379,1.359,2.018,1.156,1.2,2.254,1.157,1.261,1.085,1.199,1.103,0.43,0.9,1.818,1.094,1.439,0.953,0.887,0.559,1.534,1.182,1.44,1.414,2.177,1.275,1.39,0.97,1.146,0.746,0.288,1.535,2.348,1.948,2.507,1.781,1.848,2.557,1.014,1.476,2.394,2.105,2.069,1.892,1.986,2.314,2.992,2.787,3.402,2.218,1.894,2.17,2.641,1.925,1.491,1.197,1.157,1.981,1.273,2.514,2.538,2.307,3.703,3.198,3.749,NA,NA,NA,NA,NA,NA,NA,NA,NA,NA,NA,NA,NA,NA,NA,NA,NA,NA,NA,NA,NA,NA,NA
"4","CO","PIPO","L","01L","PIPO-L-01L",0.317,0.296,0.676,0.486,0.571,0.528,0.549,0.38,0.591,0.33,0.324,0.084,0.36,0.591,1.077,0.824,0.886,0.63,1.087,0.621,0.635,1.205,0.867,0.801,0.631,0.904,0.82,1.119,0.992,0.904,1.095,0.972,0.634,0.697,0.802,0.908,0.338,0.972,0.952,0.741,0.973,0.888,0.888,0.55,1.312,1.417,1.1,1.079,0.973,1.016,0.843,0.857,0.578,0.719,0.211,0.909,1.393,1.079,1.311,1.268,1.311,1.58,0.674,1.058,1.693,1.46,1.756,1.227,1.375,1.291,1.926,2.094,2.941,1.984,1.987,2.239,2.427,1.733,1.456,1.247,1.618,2.077,2.179,2.881,2.322,2.304,2.45,2.723,2.442,2.286,2.681,2.442,3.205,3.203,3.019,2.624,2.343,2.688,2.571,3.648,0.328,NA,NA,NA,NA,NA,NA,NA,NA,NA,NA,NA
"1","CO","PIPO","L","10H","PIPO-L-10H",0.2585,0.3165,0.7915,0.757,0.8645,0.703,0.7475,0.579,0.979,0.6725,0.662,0.0735,0.669,0.703,1.3835,1.4095,1.393,0.955,2.155,1.6425,1.5085,1.6465,1.647,2.363,1.6305,1.777,1.9985,1.79,1.4095,1.1235,2.141,1.548,1.267,1.1195,1.373,1.119,0.411,1.455,1.4225,1.273,1.744,1.163,1.725,1.3235,1.554,1.656,1.4145,1.374,1.543,1.025,0.975,1.185,1.192,1.6045,0.802,1.4,2.5975,1.2675,1.1435,1.144,1.4575,1.4915,0.923,1.4105,2.223,1.7775,2.4445,1.859,2.429,2.369,3.121,2.395,3.0045,2.4735,2.4915,2.9665,2.77,2.319,2.519,1.7825,2.695,3.842,3.0845,3.7495,4.5215,3.783,4.451,NA,NA,NA,NA,NA,NA,NA,NA,NA,NA,NA,NA,NA,NA,NA,NA,NA,NA,NA,NA,NA,NA,NA,NA,NA
"2","CO","PIPO","L","10L","PIPO-L-10L",0.2215,0.3115,1.07,0.981,0.9735,0.762,0.804,0.559,0.8025,0.5185,0.465,0.1485,0.591,0.624,1.2905,1.312,1.0215,0.747,1.616,1.023,1.2735,1.0745,1.0025,1.727,1.179,1.3585,1.9335,1.7165,0.912,1.373,3.1385,1.902,1.322,1.5555,1.5655,0.921,0.2715,1.577,1.826,1.4605,2.4105,1.5845,2.1015,1.9865,2.6435,2.603,2.498,2.255,1.94,1.1395,1.0775,1.1405,1.435,1.994,0.917,2.124,3.155,1.554,1.608,1.3625,2.2605,2.9595,1.2905,1.703,2.591,2.262,2.856,2.261,2.329,2.187,2.8735,2.173,3.0705,2.462,2.254,2.9705,2.5615,2.3145,2.8555,1.7585,2.8415,3.412,2.799,4.925,4.7255,3.547,3.506,3.7205,2.926,2.82,3.329,2.2,3.5175,1.6645,2.305,1.721,2.083,NA,NA,NA,NA,NA,NA,NA,NA,NA,NA,NA,NA,NA,NA,NA
"5","CO","PIPO","L","2H","PIPO-L-2H",0.2045,0.2695,0.635,0.809,0.7655,0.6895,0.6085,0.4085,0.7545,0.408,0.5335,0.0635,0.42,0.4945,1.1635,0.803,0.9605,0.5615,1.3265,0.823,0.7875,1.3195,0.8,0.919,0.84,1.107,1.098,1.6415,1.12,1.2205,1.1305,1.3295,1.012,0.861,0.6815,0.638,0.163,0.854,0.946,0.688,1.0965,0.7985,0.911,1.014,1.606,1.1735,1.6055,1.373,1.6645,0.6255,0.6865,0.7305,0.7265,0.8935,0.23,0.7555,1.8925,0.8285,1.315,0.861,1.0595,1.76,0.8775,1.1805,2.194,1.5765,2.2425,1.8295,1.947,1.978,2.516,2.403,3.4015,2.7525,2.475,3.2545,2.971,1.6695,1.6725,1.2745,1.3385,2.56,1.7065,2.634,2.409,1.964,2.951,2.726,1.868,2.3005,3.279,2.087,3.3145,3.114,3.586,2.741,2.177,3.402,3.296,2.794,NA,NA,NA,NA,NA,NA,NA,NA,NA,NA,NA,NA
"6","CO","PIPO","L","2L","PIPO-L-2L",0.2525,0.3825,0.8315,0.636,0.791,0.4885,0.669,0.4535,0.7265,0.534,0.396,0.0595,0.361,0.477,1.0125,0.8115,1.522,0.6675,1.605,1.075,1.1975,1.763,1.1585,0.9715,0.8415,1.404,1.1785,1.675,1.1945,1.13,1.7325,1.1945,0.926,0.863,1.0465,1,0.416,1.062,1.482,1.165,1.5505,1.2445,1.4975,1.6835,2.0225,1.9265,1.879,1.4885,1.8595,1.1515,1.019,0.875,0.695,0.9485,0.128,1.1935,1.8375,1.0545,1.768,1.3405,1.521,1.711,1.2005,1.614,2.796,1.9755,2.2555,1.8195,1.976,2.2305,2.692,2.502,4.0645,2.8505,2.727,3.685,4.0695,3.0975,3.041,2.8415,3.4905,5.1715,2.101,5.013,4.006,3.687,4.328,3.411,3.729,3.005,4.481,3.861,3.04,NA,NA,NA,NA,NA,NA,NA,NA,NA,NA,NA,NA,NA,NA,NA,NA,NA,NA,NA
"7","CO","PIPO","L","3H","PIPO-L-3H",0.103,0.369,0.9015,0.8075,0.7345,0.765,0.767,0.7325,0.9935,0.377,0.392,0.063,0.321,0.4995,1.2165,0.9645,1.399,0.46,2.1905,1.0965,0.969,0.968,0.8075,0.6295,0.953,1.201,1.547,1.989,1.2215,1.324,1.9495,1.421,1.5665,1.318,0.8855,1.139,0.2315,1.0595,2.1095,1.4015,1.646,1.193,1.7885,1.042,2.0575,2.066,1.982,1.465,1.625,1.1195,1.023,0.9765,0.654,0.5585,0.1835,1.2005,1.599,1.066,1.638,1.376,1.3205,2.1495,0.6425,1.0465,1.6865,1.319,1.7255,1.1945,1.95,1.7435,2.734,2.476,2.9895,2.1865,2.6365,3.0895,3.567,2.659,2.288,1.514,2.209,2.3275,1.743,4.1905,4.128,3.1535,4.5055,4.602,3.9545,5.026,4.8615,4.527,5.7255,5.286,5.049,4.799,5.255,3.543,NA,NA,NA,NA,NA,NA,NA,NA,NA,NA,NA,NA,NA,NA
"8","CO","PIPO","L","3L","PIPO-L-3L",0.228,0.496,1.1005,1.227,1.089,0.804,0.859,1.0455,1.089,0.7825,0.7715,0.0815,0.9225,1.12,1.807,1.318,1.825,0.923,2.0525,1.1695,1.0235,1.734,1.173,1.0035,1.426,1.592,1.6295,2.3635,1.2875,1.342,2.5485,2.119,1.3665,1.306,1.7275,1.247,0.6405,1.395,2.1905,1.6925,2.205,1.652,2.2955,1.3695,2.421,2.25,2.2065,1.6635,2.1375,1.5205,1.531,1.516,1.5045,1.3165,0.7635,1.8985,2.855,1.5855,2.0095,1.57,1.7755,2.5245,1.487,1.727,2.5725,1.8545,2.304,1.666,2.2275,2.3625,2.9755,2.9945,3.5905,2.7865,2.532,3.304,3.1865,2.838,2.8745,2.3615,3.1615,4.3255,3.443,4.9,4.0305,4.1185,5.188,4.996,4.3265,5.1455,5.4935,4.2865,5.8265,5.889,4.755,7.778,NA,NA,NA,NA,NA,NA,NA,NA,NA,NA,NA,NA,NA,NA,NA,NA
"9","CO","PIPO","L","4H","PIPO-L-4H",0.195,0.347,0.8225,0.8065,0.8325,0.632,0.6615,0.802,0.937,0.4455,0.3675,0.0315,0.47,0.662,1.401,0.966,1.6415,0.7025,1.732,1.0025,0.9665,1.2965,0.7,0.4315,0.793,1.366,1.361,1.94,1.253,1.3025,2.0265,1.64,1.4365,0.9905,1.0275,1.1155,0.4475,1.1125,1.482,1.229,1.5385,1.0035,1.196,1.1815,2.0005,1.985,1.841,1.395,1.597,1.2215,0.9045,1.1085,0.838,1.012,0.2025,1.0215,1.822,1.2,1.452,1.0915,1.269,1.5055,0.6015,0.963,1.779,1.264,1.532,1.231,2.2475,1.906,2.472,2.0685,2.9175,2.373,2.023,2.42,2.821,2.619,2.261,1.7485,2.2355,3.3215,1.966,3.436,3.453,3.084,4.3285,4.43,4.636,2.762,NA,NA,NA,NA,NA,NA,NA,NA,NA,NA,NA,NA,NA,NA,NA,NA,NA,NA,NA,NA,NA,NA
"10","CO","PIPO","L","4L","PIPO-L-4L",0.4795,0.5545,1.1355,1.22,1.0525,0.6045,0.8045,0.521,0.718,0.475,0.5455,0.05,0.476,0.5185,0.971,0.693,1.5115,0.627,2.129,1.2725,0.9435,1.37,1.39,1.146,1.0405,1.4865,1.1145,1.733,0.957,0.9235,2.016,1.9385,1.5955,1.002,1.258,1.131,0.2755,1.3825,1.654,0.9465,1.0295,1.4175,1.787,1.2465,2.1975,2.5125,2.9775,2.515,3.202,2.04,2.174,1.855,1.5,1.581,0.708,2.2835,2.4185,2.402,2.883,2.297,3.192,2.6265,1.6125,2.184,2.765,2.5605,2.8,2.392,2.538,4.792,2.955,2.334,2.856,2.389,2.501,2.607,2.386,2.647,2.616,3.2,5.241,NA,NA,NA,NA,NA,NA,NA,NA,NA,NA,NA,NA,NA,NA,NA,NA,NA,NA,NA,NA,NA,NA,NA,NA,NA,NA,NA,NA,NA,NA,NA
"11","CO","PIPO","L","5H","PIPO-L-5H",0.057,0.096,0.224,0.236,0.2905,0.3085,0.2575,0.2815,0.4295,0.214,0.2995,0.0315,0.313,0.2985,0.526,0.509,0.899,0.204,1.1415,0.6235,0.7825,0.555,0.442,0.5785,0.4775,1.0785,1.0515,0.754,0.5475,0.5845,1.3305,1.0345,0.688,0.7465,0.778,0.708,0.161,0.5005,0.4755,0.5315,0.7165,0.429,0.4195,0.652,1.214,1.221,1.1035,1.319,1.205,0.9265,0.799,0.902,0.636,0.742,0.0865,1.1955,1.318,0.999,0.85,0.52,0.721,1.52,0.4025,0.6275,1.4545,1.231,1.484,1.0745,1.9735,1.343,1.834,1.655,1.764,1.7555,1.286,1.78,1.809,1.612,1.6565,0.5545,0.839,1.9955,1.331,2.321,3.0245,1.7915,2.566,2.881,1.4615,2.715,2.8335,3.082,3.2285,3.6925,5.333,3.659,3.609,4.9595,5.6375,5.2505,4.8375,5.278,6.55,4.884,4.25,6.088,4.99,5.287,4.032,3.682,4.997,2.97
"12","CO","PIPO","L","5L","PIPO-L-5L",0.7205,1.262,1.5505,1.7175,1.5255,1.933,2.072,2.4025,2.151,1.3405,1.4085,0.7235,1.889,2.7315,3.517,2.6595,2.0935,2.4825,3.5665,1.7185,0.595,1.2975,1.447,1.737,2.4735,3.0825,2.5005,3.668,1.74,3.0215,2.36,2.767,2.188,1.877,2.7265,1.842,0.866,2.095,2.486,1.8175,1.8145,1.4635,1.491,1.2355,3.38,1.198,1.0605,3.2915,2.822,1.7985,1.1315,1.6565,1.303,1.278,0.9605,1.6235,2.5295,2.1665,2.2125,1.722,2.2785,2.346,1.195,1.9125,2.4185,1.5685,2.2685,1.81,2.043,1.8255,2.9795,2.1855,2.6405,2.019,2.4045,2.739,2.8875,2.107,2.394,1.896,1.9465,3.232,1.7085,2.8865,3.2535,2.8105,3.184,3.223,2.9545,3.8455,4.7425,6.323,NA,NA,NA,NA,NA,NA,NA,NA,NA,NA,NA,NA,NA,NA,NA,NA,NA,NA,NA,NA
"13","CO","PIPO","L","6H","PIPO-L-6H",0.2575,0.2375,0.691,0.624,0.4215,0.6535,0.622,0.3785,0.808,0.4435,0.49,0.167,0.4845,0.4325,1.1055,1.037,1.58,0.535,1.458,1.2265,1.364,1.7845,1.314,2.3125,2.111,1.522,0.4855,1.033,0.9595,0.939,2.22,1.4335,1.1165,1.3885,1.767,1.3695,0.357,1.1,1.411,0.6565,1.733,1.0575,1.1205,0.8615,1.525,1.497,1.773,1.753,1.5405,1.277,0.9465,1.0865,0.9865,1.0095,0.153,1.208,1.8085,0.9725,0.992,0.778,1.144,2.0235,0.7605,0.9815,1.488,1.2745,1.7735,1.058,1.826,1.735,1.7955,2.255,3.1455,1.93,2.183,2.764,2.3215,1.6555,1.8515,1.1825,1.6205,2.687,1.4665,2.7745,2.688,2.7515,3.338,3.5295,1.7285,2.816,3.312,3.266,3.9445,4.005,4.038,3.0575,2.7535,4.463,3.736,5.431,7.83,5.026,4.638,3.197,5.611,NA,NA,NA,NA,NA,NA,NA
"14","CO","PIPO","L","6L","PIPO-L-6L",0.4395,0.6845,1.1915,1.0315,0.969,0.7715,0.8765,0.71,0.93,0.6045,0.6435,0.1295,0.7985,0.9855,1.3725,1.709,1.9875,0.9775,1.937,1.0965,1.338,1.663,1.265,1.713,1.596,1.815,2.3435,1.9835,1.4075,0.684,2.9765,1.881,1.7135,1.839,1.841,1.3,0.378,1.586,2.1135,1.548,1.809,1.042,1.456,0.741,2.1315,2.04,2.46,2.172,1.7705,1.1345,0.884,0.947,0.924,1.0795,0.4465,1.7085,2.924,1.6015,1.5445,1.2215,1.945,2.8075,1.223,1.3345,1.591,1.2015,1.555,1.72,1.837,2.3285,2.3295,2.4035,3.0105,2.519,2.2965,3.104,2.976,2.2665,2.7745,1.848,2.0375,2.529,2.329,3.1975,3.5375,2.887,3.7565,3.8935,2.487,3.009,3.1755,2.744,4.2595,4.0165,4.163,3.836,4.91,NA,NA,NA,NA,NA,NA,NA,NA,NA,NA,NA,NA,NA,NA,NA
"15","CO","PIPO","L","7H","PIPO-L-7H",0.0835,0.203,0.506,0.702,0.6955,0.5225,0.493,0.3345,0.8985,0.3365,0.4945,0.073,0.537,0.3975,1.1625,0.954,1.1865,0.4405,1.388,0.828,0.856,0.9575,0.5925,0.7575,0.702,0.758,0.915,1.215,0.685,0.762,1.3635,0.845,0.639,1.0105,0.8915,0.6775,0.0795,0.8025,1.1005,0.5835,0.9025,0.518,0.4435,0.349,0.9635,0.97,1.2215,0.254,0.768,0.9655,0.4605,0.347,0.4255,0.4155,0.3045,0.7115,1.4755,0.848,0.668,0.9785,1.0845,1.503,0.544,0.7425,0.999,0.7885,1.3575,1.178,1.2985,1.42,1.8575,1.9995,2.289,1.4965,1.1405,2.141,2.278,1.693,1.989,1.101,1.8205,2.4,1.2095,2.291,2.1415,2.2585,3.398,3.3015,1.5185,1.9905,2.71,1.9975,3.4535,2.994,3.1475,2.6535,2.2075,3.7195,2.886,4.3525,2.862,3.702,5.1945,4.2945,5.0045,5.759,7.352,8.759,NA,NA,NA,NA
"16","CO","PIPO","L","7L","PIPO-L-7L",0.3575,0.4305,1.0155,0.896,0.9575,1.2,0.963,0.653,1.2565,0.664,0.5815,0.122,0.801,1.0315,2.3,2.1795,2.368,1.1705,2.505,1.3265,1.694,2.286,1.33,1.7505,1.984,1.9745,3.0315,3.306,2.397,1.0535,2.8555,2.4965,2.018,1.902,2.738,2.1505,0.807,2.463,2.4215,1.929,2.378,1.439,1.6415,1.258,2.288,2.3235,1.76,1.3815,2.133,2.177,1.161,1.343,1.3835,0.787,0.421,2.192,2.065,1.3965,1.227,1.213,1.7615,2.9295,1.0755,1.9565,2.3995,1.69,1.887,1.64,2.433,2.5765,2.769,2.959,3.7185,2.221,2.7545,3.6375,4.2705,2.3505,1.621,1.221,2.261,3.156,1.726,2.844,3.904,2.607,3.906,3.597,2.355,NA,NA,NA,NA,NA,NA,NA,NA,NA,NA,NA,NA,NA,NA,NA,NA,NA,NA,NA,NA,NA,NA,NA
"17","CO","PIPO","L","8H","PIPO-L-8H",0.1305,0.1865,0.7405,0.419,0.5485,0.3685,0.4065,0.262,0.344,0.2595,0.168,0.038,0.211,0.2315,0.5095,0.592,0.626,0.2945,1.1135,0.692,0.6445,0.8795,0.567,0.8655,0.5745,0.9315,1.067,1.057,0.633,0.5345,1.165,0.939,0.8115,0.774,0.8245,0.638,0.177,0.78,0.936,0.7485,1.4495,0.9765,1.271,0.753,1.297,1.4145,1.6205,1.703,1.558,0.942,0.7475,0.8585,0.8785,1.053,0.432,1.346,1.9645,0.946,0.875,0.9155,1.5935,2.3435,0.997,1.165,1.927,1.7475,2.48,1.886,2.2575,2.0685,2.3145,2.514,2.6265,2.379,2.3185,2.863,2.8305,2.5315,2.5785,1.9575,2.443,3.4205,2.746,3.857,3.5475,3.17,3.6165,4.163,3.305,2.9695,3.7805,2.8125,4.9625,5.099,3.099,NA,NA,NA,NA,NA,NA,NA,NA,NA,NA,NA,NA,NA,NA,NA,NA,NA
"18","CO","PIPO","L","8L","PIPO-L-8L",0.53,0.8025,1.816,1.4675,1.5085,1.5895,1.3475,0.9935,1.3165,0.6685,0.436,0.1405,1.047,0.935,1.789,1.802,2.231,1.25,2.197,1.546,1.6895,2.22,1.8705,2.839,2.3185,2.4025,3.2295,3.2335,1.6885,1.5735,3.9835,3.117,2.0105,2.5535,2.929,1.9955,1.0605,3.746,3.3665,2.3245,3.985,2.732,3.5795,2.6515,3.468,3.6985,3.5665,4.116,3.988,2.341,2.1985,1.9715,1.5445,2.0375,1.794,2.448,3.401,2.094,2.3965,2.5915,2.7205,3.48,1.7775,2.459,3.9455,2.4535,3.4075,2.5935,3.4435,4.1485,2.628,2.473,3.558,3.112,3.215,NA,NA,NA,NA,NA,NA,NA,NA,NA,NA,NA,NA,NA,NA,NA,NA,NA,NA,NA,NA,NA,NA,NA,NA,NA,NA,NA,NA,NA,NA,NA,NA,NA,NA,NA,NA,NA
"19","CO","PIPO","L","9H","PIPO-L-9H",0.2955,0.412,0.716,0.7315,0.769,0.582,0.72,0.436,0.614,0.4975,0.518,0.0435,0.5845,0.6325,1.0205,0.987,1.0845,0.6955,1.575,1.065,1.0155,1.237,0.9475,1.1785,1.014,1.1515,1.206,1.184,0.7075,0.637,1.2905,0.955,0.8495,0.8585,1.083,0.6995,0.335,0.9335,1.148,0.78,1.451,1.0105,1.1415,0.8125,1.3505,1.546,1.433,1.362,1.4045,1.1085,0.8345,0.814,0.79,0.837,0.3435,1.0815,1.736,0.946,1.138,0.936,1.273,1.6715,0.8505,1.197,1.683,1.447,1.6935,1.4005,1.598,1.489,1.749,1.6725,1.9945,1.6895,1.6555,1.6335,1.53,0.965,1.0285,0.897,1.519,1.4885,1.033,1.6195,1.557,1.512,1.7405,1.876,1.584,1.647,1.746,1.4695,2.527,2.1835,2.2385,2.25,2.1575,3.164,2.6145,3.49,2.7955,3.1405,2.2515,2.664,NA,NA,NA,NA,NA,NA,NA,NA
"20","CO","PIPO","L","9L","PIPO-L-9L",0.42,0.537,0.847,0.7265,0.835,0.7395,0.718,0.4645,0.726,0.4355,0.527,0.093,0.6585,0.7085,1.636,1.362,1.4845,0.7155,1.6565,1.173,1.1395,1.6225,1.3505,1.6495,1.4155,2.1275,2.145,2.179,1.401,1.4215,2.377,1.745,1.4195,1.338,1.5385,1.1225,0.684,1.742,1.9725,1.56,2.1445,2.25,2.738,1.979,2.602,2.5385,2.37,2.4275,2.3365,1.685,1.401,1.222,1.317,1.8665,1.4425,1.8825,2.628,1.7165,1.7065,2.1685,2.352,2.8415,2,2.419,3.6585,2.2115,2.7715,2.1365,2.8885,3.125,4.235,3.387,3.222,2.3715,2.126,2.403,2.1955,1.573,1.8315,1.287,1.928,2.729,NA,NA,NA,NA,NA,NA,NA,NA,NA,NA,NA,NA,NA,NA,NA,NA,NA,NA,NA,NA,NA,NA,NA,NA,NA,NA,NA,NA,NA,NA
"23","CO","PIPO","M","01H","PIPO-M-01H",0.4345,1.128,1.4795,1.589,1.3425,0.93,1.7375,0.993,1.2855,1.0135,0.693,0.4065,1.481,1.651,1.7555,1.502,1.9405,1.038,2.3515,1.4665,1.883,1.8885,1.6665,1.5445,1.8285,2.0155,1.5495,2.294,1.862,1.707,1.8475,2.25,1.4505,1.469,1.635,1.3465,0.644,1.329,1.6335,1.3505,1.544,1.6125,1.659,1.5115,1.819,2.3055,2.0375,2.1,2.1975,1.847,1.5835,2.1765,2.057,1.7705,0.7855,2.127,2.433,1.8925,2.087,1.656,1.795,2.2555,1.3595,1.9965,2.31,2.402,3.1985,2.1985,2.93,2.5955,3.293,3.61,3.901,3.31,2.4715,3.5865,3.468,3.4485,3.436,1.9475,2.4895,2.9665,2.541,3.281,3.2275,3.5815,3.6945,3.702,2.9895,3.365,4.324,4.094,4.304,3.882,4.4585,4.168,3.2405,4.559,3.4965,3.081,4.423,4.756,4.486,4.249,4.16,2.361,1.987,NA,NA,NA,NA,NA
"24","CO","PIPO","M","01L","PIPO-M-01L",0.343,0.7235,1.201,1.0965,1.0135,0.843,1.183,0.973,1.142,0.8985,0.9825,0.277,0.9465,1.0855,1.327,0.9225,1.404,1.0145,1.5505,1.258,1.195,1.608,1.436,1.6815,1.4915,1.5515,1.7625,2.036,1.353,1.6465,2.0785,1.571,1.5105,0.975,1.3935,1.3715,0.8935,1.759,1.9515,1.5175,1.4765,1.393,1.3085,1.012,1.903,1.7765,1.5235,1.3965,1.587,1.1365,0.989,1.2465,1.3535,1.279,0.5135,1.611,1.706,1.4205,1.503,1.609,1.6095,1.4955,1.2825,1.38,1.962,1.8225,2.851,2.1445,2.0325,1.8965,2.9215,2.593,2.6565,2.493,2.127,2.5385,3.4705,2.8955,2.708,1.9505,2.082,2.659,2.798,3.2695,3.6535,3.7725,4.252,3.521,3.5925,3.778,4.838,5.786,3.92,4.575,5.021,4.6835,4.7945,6.514,3.486,3.027,2.492,1.599,NA,NA,NA,NA,NA,NA,NA,NA,NA,NA
"21","CO","PIPO","M","10H","PIPO-M-10H",0.3425,0.882,1.2205,1.316,1.096,1.0645,0.907,0.8435,1.1625,0.804,0.7575,0.095,0.844,0.853,1.742,1.3215,1.5935,0.655,1.33,1.1275,1.3665,1.2125,1.0515,0.9525,0.897,1.1225,1.3335,1.607,1.0375,1.1615,1.2235,1.066,0.7425,0.7515,0.754,0.7535,0.2615,0.668,0.8485,0.5215,0.932,0.756,0.7885,0.6305,1.069,0.939,0.779,1.0045,0.9735,0.6635,0.5295,0.551,0.478,0.521,0.1345,0.5495,0.757,0.3635,0.862,0.749,0.519,0.728,0.3435,0.573,1.022,0.709,0.8075,0.6295,0.692,0.8275,1.0355,0.9305,0.7585,0.6295,0.5135,0.6865,0.781,0.736,0.785,0.388,0.7105,1.0625,0.5685,1.4415,1.327,0.933,1.626,1.597,1.1315,1.4855,1.3965,1.615,2.358,2.5515,2.454,2.1235,2.4575,4.269,3.2135,4.288,3.2595,4.609,4.981,4.924,2.828,NA,NA,NA,NA,NA,NA,NA
"22","CO","PIPO","M","10L","PIPO-M-10L",0.135,0.3645,0.4765,0.5475,0.463,0.4515,0.6905,0.5275,0.6155,0.299,0.3345,0.0575,0.2475,0.9345,1.3435,1.029,1.2265,0.8935,1.5635,1.1225,1.356,1.2285,1.252,1.305,1.4195,1.701,1.8375,2.711,1.482,1.32,1.546,1.4095,1.0555,1.023,1.0485,1.049,0.391,0.907,1.0765,0.9715,1.192,0.766,1.013,0.501,1.662,1.78,2.0295,2.0745,2.299,1.348,1.163,1.4535,1.4795,1.6585,0.672,1.633,2.29,1.5755,1.856,2.0315,1.624,1.1605,1.058,1.205,1.7835,1.28,1.799,1.1065,1.8645,1.8225,2.3955,2.491,3.0825,2.31,1.919,2.4765,3.333,2.926,2.478,2.191,3.0015,4.182,3.27,2.853,3.367,3.121,3.77,4.146,3.288,3.269,NA,NA,NA,NA,NA,NA,NA,NA,NA,NA,NA,NA,NA,NA,NA,NA,NA,NA,NA,NA,NA,NA
"25","CO","PIPO","M","2H","PIPO-M-2H",0.2765,0.8095,1.1725,1.056,1.132,0.707,1.242,0.9315,1.4095,0.96,0.957,0.047,1.1865,1.0405,1.554,1.2255,1.3635,0.499,1.318,0.951,0.2405,0.7065,0.9715,0.7815,1.203,1.1585,0.7,1.3515,1.386,1.301,1.372,1.2395,1.39,0.808,1.2115,1.553,0.549,1.1165,1.656,1.4055,1.124,1.1255,1.4365,1.001,1.377,1.297,1.1095,1.0395,1.22,1.0505,0.539,0.849,1.1485,0.8985,0.275,0.972,1.2355,0.82,0.997,1.1515,0.8525,1.237,0.6475,0.729,1.245,0.918,1.0165,0.8205,1.234,1.124,1.2735,1.1105,1.254,1.19,0.9925,1.0845,1.7615,1.1905,1.537,0.9065,1.013,1.562,1.403,1.405,1.853,1.8965,2.041,2.45,1.8455,2.3885,2.295,2.1295,3.251,3.25,3.3285,3.1255,2.7015,4.2575,3.899,3.943,2.944,4.1305,4.3045,3.7885,3.8785,4.355,4.055,4.19,4.5625,5.079,2.055,2.137
"26","CO","PIPO","M","2L","PIPO-M-2L",0.2445,1.054,0.8235,1.1095,1.0185,0.7855,1.234,0.9485,1.202,0.703,0.7295,0.333,1.079,1.3445,1.6055,1.2045,1.533,1.3195,2.0305,1.3175,1.414,1.57,1.501,1.752,1.6635,1.707,1.9985,2.5555,2.1055,1.9655,2.252,2.46,2.175,1.498,1.879,1.9545,1.256,1.8875,2.1135,1.662,1.631,1.0585,0.8935,0.8065,0.9255,1.0185,0.958,0.8365,1.1035,0.6285,0.536,0.608,0.923,0.6795,0.4745,0.8425,1.1035,0.6065,0.8355,0.9395,0.834,1.087,0.773,0.737,1.084,0.7685,1.1135,0.8505,1.148,1.1135,1.7995,1.467,1.917,1.2015,1.49,1.8425,1.462,1.469,1.4585,1.181,0.926,1.3795,2.064,2.3385,2.475,1.9165,2.8715,2.389,1.966,2.4905,2.7045,2.5705,3.834,2.6375,3.605,3.3075,3.016,4.3955,3.6335,4.8735,3.7825,4.6115,5.357,4.5515,4.505,2.5425,5.19,NA,NA,NA,NA,NA
"27","CO","PIPO","M","3H","PIPO-M-3H",0.3005,0.7295,0.699,0.6815,0.692,0.506,0.674,0.598,0.822,0.53,0.451,0.155,0.4035,0.4345,0.8595,0.5885,0.6905,0.544,0.702,0.5325,0.435,0.4595,0.456,0.6445,0.4435,0.7035,0.906,1.2425,0.6835,0.7255,1.0115,0.959,0.737,0.356,0.4685,0.468,0.2705,0.4025,0.6115,0.3055,0.5685,0.475,0.4225,0.4705,0.7335,0.807,0.911,0.7265,0.871,0.5995,0.3575,0.5165,0.3095,0.5765,0.3455,0.3695,0.5585,0.339,0.464,0.579,0.5875,0.7985,0.607,0.4595,0.8485,0.718,0.859,0.567,0.7765,0.754,1.2235,0.828,1.034,1.0265,0.7445,0.8925,1.1925,0.8955,1.187,0.6035,1.0325,1.116,1.0625,1.5915,1.5165,1.4625,1.5035,1.5685,1.363,1.556,1.774,1.7515,2.5775,2.373,2.462,1.867,1.923,2.4865,2.1395,2.7115,1.7715,2.4225,2.524,2.1165,2.176,2.7755,2.908,2.971,2.827,1.8735,2.309,1.0765
"28","CO","PIPO","M","3L","PIPO-M-3L",0.247,0.402,0.5605,0.5065,0.6435,0.443,0.666,0.3485,0.4915,0.2605,0.518,0.0465,0.2985,0.4575,0.8755,0.6025,0.9515,0.592,1.0785,0.7785,0.796,0.941,0.8335,1.0975,0.7915,1.0475,1.0035,1.257,0.8765,0.9295,1.3625,1.2905,1.04,0.654,0.8755,0.8485,0.4285,0.8745,1.2245,0.8985,1.022,0.922,0.919,0.8615,1.2735,1.5005,1.8685,1.3115,1.4175,1.225,0.799,0.8785,1.468,1.4025,0.8035,1.6705,2.421,1.5325,1.9915,1.933,2.075,1.9045,1.6855,1.6735,2.282,1.725,2.556,1.691,1.847,1.814,2.8375,2.0735,2.286,2.2575,2.05,2.215,2.7985,2.273,2.43,1.7995,2.1885,2.914,2.362,3.052,3.0585,2.577,3.0485,3.296,2.6825,2.5595,2.903,2.6895,4.5395,3.438,5.04,3.8435,3.458,3.7835,4.511,4.13,2.622,0.979,NA,NA,NA,NA,NA,NA,NA,NA,NA,NA
"29","CO","PIPO","M","4H","PIPO-M-4H",0.314,0.4805,0.5855,0.8375,0.871,0.628,0.9085,0.5105,0.549,0.323,0.38,0.125,0.32,0.7745,1.103,0.7185,0.6855,1.1545,1.467,1.301,1.223,1.258,1.709,1.7405,1.4315,1.7775,2.082,2.5725,1.8155,1.5945,1.22,1.2655,1.4425,0.985,1.55,1.3565,0.9345,1.663,1.7865,1.5635,1.4615,1.677,1.7,1.477,1.9525,1.7585,1.665,1.534,1.786,1.132,0.6795,1.208,1.066,1.1935,0.6105,1.1945,1.487,1.097,1.712,1.6455,1.654,1.5155,1.1705,1.2145,1.745,1.292,1.71,1.1025,1.3405,1.3955,1.586,1.4005,1.804,1.407,1.055,1.498,2.2435,1.5555,1.5565,1.305,1.6075,1.9925,1.7945,2.3575,1.887,2.0625,2.488,2.907,2.26,2.304,2.38,2.477,4.0465,3.3705,3.981,3.389,3.355,5.3595,3.7185,5.249,4.726,4.743,6.445,NA,NA,NA,NA,NA,NA,NA,NA,NA
"30","CO","PIPO","M","4L","PIPO-M-4L",0.807,1.4395,1.5235,1.7615,1.5105,1.5435,1.8385,1.1535,1.575,1.4365,1.14,0.8185,1.664,1.3735,2.379,1.7875,1.883,1.777,2.3485,1.7595,1.604,1.8085,1.3315,1.7225,1.3935,1.406,1.6705,1.8615,1.4275,1.5885,1.5835,1.987,2.092,1.2135,2.193,1.5055,1.1135,1.777,2.377,1.5855,1.8545,1.7925,1.438,1.577,1.8935,1.775,2.112,1.4575,1.64,1.269,0.9445,1.1655,1.3745,1.3165,1.1355,1.1485,1.674,1.3345,1.583,1.5145,1.2895,1.3795,1.2565,1.2025,1.7065,1.1695,1.7355,1.4535,1.7715,2.0275,2.829,2.4505,3.7005,3.2365,3.4445,3.8735,4.4265,3.7055,1.873,2.609,3.027,3.163,2.831,2.932,3.293,3.33,4.772,NA,NA,NA,NA,NA,NA,NA,NA,NA,NA,NA,NA,NA,NA,NA,NA,NA,NA,NA,NA,NA,NA,NA,NA,NA
"31","CO","PIPO","M","5H","PIPO-M-5H",0.253,0.6535,0.992,0.9595,0.769,0.716,0.9375,0.8195,0.9555,0.7115,0.7215,0.068,0.665,0.809,1.374,0.9885,1.402,0.8505,1.378,1.024,1.0745,1.48,1.0725,1.206,1.0835,1.624,1.6115,1.878,1.2365,1.4045,1.807,1.5695,1.1575,0.7995,1.168,1.228,0.6755,1.1865,1.344,1.057,1.636,1.2185,1.395,1.344,1.5295,1.426,1.436,1.2405,1.362,1.1105,0.6845,1.051,1.1155,1.0745,0.628,1.241,1.5725,1.138,1.499,1.4025,1.5345,1.515,1.1635,1.348,1.8865,1.5875,1.722,1.2435,1.472,1.5815,2.011,1.8575,2.2965,1.605,1.6105,2.0565,2.6875,2.4215,2.2765,1.7695,2.0935,2.834,2.215,3.0665,2.921,2.757,3.7505,4.3825,3.352,4.0255,5.04,4.468,5.6365,5.4845,6.187,4.894,4.4055,6.8265,5.2745,4.0805,4.617,4.591,4.78,3.862,2.289,NA,NA,NA,NA,NA,NA,NA
"32","CO","PIPO","M","5L","PIPO-M-5L",0.276,0.775,0.852,0.8205,0.8565,0.69,1.0665,0.836,0.909,0.9185,0.7755,0.4565,1.5735,1.6805,2.4445,1.501,1.923,0.985,1.669,1.955,1.5575,1.9815,1.4405,1.7575,1.4085,1.4815,1.644,2.3835,1.61,1.5985,2.0415,1.734,1.572,1.2935,1.383,1.1155,0.7185,1.2855,1.753,1.2345,1.447,1.458,1.022,0.9105,1.175,1.044,1.079,0.855,0.966,0.535,0.7595,0.7295,1.06,1.1695,0.6105,1.1365,1.5585,0.91,1.0655,1.0815,0.9795,0.9995,0.7475,0.9775,1.6,1.327,2.133,1.547,1.881,1.809,1.9185,2.243,2.273,1.759,1.9955,2.4145,2.5065,2.3465,2.197,1.401,2.32,2.3865,2.858,3.7625,3.664,3.1775,3.8745,4.144,3.8015,3.848,4.9455,4.145,5.974,5.338,4.416,4.253,3.952,5.7955,5.513,8.694,6.686,NA,NA,NA,NA,NA,NA,NA,NA,NA,NA,NA
"33","CO","PIPO","M","6H","PIPO-M-6H",0.327,0.767,0.9975,1.2225,1.1265,0.982,1.0975,0.9665,1.0135,0.486,0.6425,0.1515,1.0235,1.3945,1.912,1.4475,1.4695,1.012,2.0175,1.5575,1.7635,1.7365,1.417,1.9005,1.847,1.537,1.555,1.696,1.0885,1.169,1.4185,1.613,1.3795,0.8625,0.981,0.8595,0.437,0.852,1.056,0.8075,1.0275,0.9,1.0165,0.937,1.448,1.27,1.417,1.34,1.204,0.9435,0.6065,0.788,0.7575,0.779,0.257,0.977,1.4295,1.011,1.2455,1.2305,1.1175,1.215,0.841,0.735,1.4385,0.9335,1.069,0.852,1.062,0.9985,1.5985,1.23,1.2595,1.2605,0.941,1.1115,1.6145,1.6355,1.599,1.178,1.385,1.877,1.823,2.288,2.0255,2.1765,2.626,3.0945,2.537,2.632,3.11,2.816,3.649,3.275,3.827,3.1825,3.427,4.336,3.2465,4.0685,3.466,3.786,4.26,4.159,3.7745,NA,NA,NA,NA,NA,NA,NA
"34","CO","PIPO","M","6L","PIPO-M-6L",0.103,0.5095,0.695,0.8225,0.735,0.6065,0.5975,0.4725,1.0405,0.715,0.516,0.0835,0.871,0.953,1.863,1.288,1.34,1.0165,1.832,1.423,1.2775,1.5355,1.083,1.3865,1.611,1.3715,1.7335,1.747,1.2,1.169,1.4835,1.378,1.177,0.766,0.996,0.9225,0.6395,0.922,1.3105,0.9785,1.098,0.898,0.888,0.433,0.9715,1.237,1.8165,1.677,1.404,0.922,0.8985,1.172,1.405,1.1975,0.6715,1.2885,1.779,1.3155,1.4895,1.562,1.2965,1.298,1.199,1.127,1.645,1.238,1.307,1.3305,1.502,1.3495,1.6105,1.602,1.7365,1.352,1.08,1.728,1.7235,1.7915,1.958,1.752,2.337,2.818,2.4695,3.5125,3.426,3.2185,3.7945,3.4505,3.443,3.1065,4.2925,3.606,4.8775,4.6365,4.631,5.579,5.0405,3.527,5.681,5.071,3.928,6.853,3.202,NA,NA,NA,NA,NA,NA,NA,NA,NA
"35","CO","PIPO","M","7H","PIPO-M-7H",0.4215,0.8605,1.206,1.2395,1.0315,0.9065,1.1805,0.733,1.2085,0.811,0.863,0.2945,0.798,1.1345,1.9865,1.4245,1.488,0.8545,1.5705,1.3915,1.18,1.3865,1.2355,1.449,1.438,1.75,1.687,1.9465,1.7255,1.8955,1.989,2.2705,1.592,1.1845,1.4685,1.0345,0.4435,1.091,1.4855,0.85,1.1375,0.938,1.081,0.7315,1.6995,1.4945,1.4845,1.423,1.353,0.857,0.837,0.911,1.0135,0.788,0.349,1.2565,1.733,1.2125,1.6275,1.151,1.3725,1.4255,1.0115,0.668,1.3235,1.0395,1.0615,0.983,1.0895,1.0265,1.3935,1.507,1.5405,1.1735,1.0065,1.141,1.319,1.353,1.4875,1.0795,1.6095,1.848,1.7005,2.3735,1.716,2.017,2.5315,2.4765,2.152,1.896,2.282,2.0735,3.4755,2.9355,3.2885,3.2625,2.523,4.665,2.6075,4.301,4.542,3.19,4.315,4.4,3.264,NA,NA,NA,NA,NA,NA,NA
"36","CO","PIPO","M","7L","PIPO-M-7L",0.375,0.5925,0.825,0.8145,0.8565,0.666,0.772,0.592,0.814,0.4735,0.572,0.2085,0.7415,0.8655,1.439,1.0365,1.2265,0.909,1.2905,0.9615,0.93,1.2985,1.341,1.468,1.2555,1.3775,1.158,1.562,1.1715,0.9075,1.0965,0.6945,0.6585,0.6175,0.744,0.8195,0.527,0.8125,1.3795,1.0605,1.1425,1.258,1.2515,0.9535,1.76,1.5195,1.414,1.355,1.684,1.1035,1.0165,1.1275,1.265,1.466,1.1265,1.474,2.345,1.9095,2.6785,2.093,2.0655,2.2285,1.678,2.2235,2.715,1.933,2.728,2.251,2.6015,2.795,3.495,3.219,3.407,2.998,2.751,3.281,2.8735,3.4115,3.186,2.8205,2.944,3.14,3.377,3.8145,3.885,3.5285,4.6125,4.208,3.8005,4.1945,5.005,4.506,5.8945,4.825,4.3155,5.597,2.835,4.067,2.974,2.97,2.673,3.046,1.766,0.403,NA,NA,NA,NA,NA,NA,NA,NA
"37","CO","PIPO","M","8H","PIPO-M-8H",0.2845,0.5705,1.0235,1.045,1.12,0.8955,0.9355,0.7055,1.181,0.693,0.673,0.1335,0.974,1.304,1.875,1.755,1.6285,1.1475,2.1485,1.611,2.0775,2.1255,1.7295,1.8675,1.907,2.1125,2.6845,2.9775,2.349,2.0445,2.132,1.6135,1.2095,1.3405,1.2535,1.33,0.4495,1.144,1.903,0.9535,1.6985,1.385,1.268,1.189,2.1955,1.8445,2.222,1.857,2.159,1.623,1.1505,1.464,1.5815,1.348,0.7735,2.293,2.2985,1.686,2.1835,1.5,1.434,1.8935,0.89,1.2675,2.237,2.1015,2.536,1.4435,1.999,2.1365,2.755,2.5045,2.769,2.3135,1.939,2.9505,3.042,2.962,2.789,1.624,2.3075,3.463,2.16,3.5785,3.5515,3.609,4.2915,3.84,3.683,4.6455,4.7715,3.865,5.3305,4.066,4.642,4.163,4.999,5.889,4.258,5.479,4.613,5.397,6.718,5.626,3.418,2.515,2.153,0.91,2.19,NA,NA,NA
"38","CO","PIPO","M","8L","PIPO-M-8L",0.342,0.708,1.235,1.446,1.2335,1.153,0.899,1.0995,1.612,0.8295,0.581,0.2445,1.2445,1.365,2.4945,2.063,1.8885,1.4065,2.474,1.552,1.992,1.4705,2.0765,1.738,2.0325,2.476,2.763,3.566,2.2755,1.7695,2.4945,2.811,1.629,2.0305,1.946,1.322,0.6555,1.819,2.696,2.0195,2.2115,1.768,2.1825,1.165,3.0675,2.549,3.121,3.2705,3.186,1.625,1.383,1.8705,1.8395,1.692,0.9415,2.6215,3.13,2.423,2.8955,2.176,3.21,4.161,2.469,3.5605,4.0435,2.3135,2.8975,2.014,3.3255,3.212,3.7175,3.6495,3.5095,2.822,2.7825,4.7315,4.7765,4.0315,3.198,2.34,3.4725,4.191,2.8715,3.6345,3.7115,3.7575,4.093,3.234,3.231,3.997,5.5375,3.098,3.797,5.006,NA,NA,NA,NA,NA,NA,NA,NA,NA,NA,NA,NA,NA,NA,NA,NA,NA,NA
"39","CO","PIPO","M","9H","PIPO-M-9H",0.174,0.285,0.6225,0.7495,0.6965,0.5905,0.5905,0.4845,0.8755,0.317,0.4855,0.075,0.5045,0.589,1.012,1.2045,1.2235,0.592,1.3925,1.107,1.127,1.0765,0.95,0.7075,0.7615,1.056,1.5165,1.7015,1.0945,1.231,1.6,1.421,0.8955,1.0215,1.2105,0.822,0.3155,0.7335,1.1795,0.652,0.716,0.284,0.483,0.305,0.8515,0.9035,1.1125,1.2635,1.506,1.0945,0.8095,0.8625,1.2085,1.104,0.348,1.0965,1.2745,0.7695,0.9285,0.7385,0.864,1.0745,0.474,0.496,1.1035,0.7585,0.843,0.6735,1.0505,1.1005,1.2165,1.3125,1.327,1.022,0.9035,1.146,1.335,1.1575,0.9605,0.5635,1.1875,1.5235,0.7535,1.812,1.5735,1.7065,2.0515,2.65,1.787,2.4415,2.3315,2.2875,3.267,2.8855,3.195,2.968,2.8635,2.7855,4,4.813,4.214,1.721,NA,NA,NA,NA,NA,NA,NA,NA,NA,NA
"40","CO","PIPO","M","9L","PIPO-M-9L",0.331,0.3785,0.767,0.568,0.6585,0.4805,0.6485,0.407,0.579,0.365,0.653,0.0465,0.452,0.6345,1.281,0.8715,1.124,0.5675,1.247,1.049,0.8395,1.233,0.979,0.832,0.8335,1.337,1.4475,1.683,1.1,1.0665,1.3945,1.0395,1.0215,0.85,0.9455,0.6445,0.271,0.617,0.8705,0.598,0.872,0.61,0.8425,0.5995,1.0175,1.0035,1.419,1.148,1.445,0.955,0.7395,1.0735,0.95,0.834,0.358,1.215,1.7385,1.0775,1.5425,1.1855,1.6555,1.9615,1.129,1.456,2.203,1.562,1.7025,1.4445,1.8095,1.9425,2.4355,1.922,2.406,2.202,1.9155,2.6175,2.557,2.597,2.592,1.7185,2.6595,3.3735,2.697,3.827,3.916,3.3765,3.11,4.4165,3.2465,4.089,2.028,NA,NA,NA,NA,NA,NA,NA,NA,NA,NA,NA,NA,NA,NA,NA,NA,NA,NA,NA,NA,NA
