Year,ID1,ID2,Latitude,Longitude,Elevation,Tmax01,Tmax02,Tmax03,Tmax04,Tmax05,Tmax06,Tmax07,Tmax08,Tmax09,Tmax10,Tmax11,Tmax12,Tmin01,Tmin02,Tmin03,Tmin04,Tmin05,Tmin06,Tmin07,Tmin08,Tmin09,Tmin10,Tmin11,Tmin12,Tave01,Tave02,Tave03,Tave04,Tave05,Tave06,Tave07,Tave08,Tave09,Tave10,Tave11,Tave12,PPT01,PPT02,PPT03,PPT04,PPT05,PPT06,PPT07,PPT08,PPT09,PPT10,PPT11,PPT12
1901,CO,PIPO-H,37.4732,-108.2355,2682,3.5,4.6,5.7,9.7,14.8,21.7,26.2,24.9,21,15.6,10.3,4.9,-12.2,-8.7,-10.9,-6.8,-2.3,1.1,6.1,7.9,1.5,-0.1,-6.7,-11.8,-4.3,-2.1,-2.6,1.4,6.2,11.4,16.2,16.4,11.2,7.7,1.8,-3.4,26,42,17,42,41,20,42,56,11,42,17,18
1902,CO,PIPO-H,37.4732,-108.2355,2682,4.8,5.5,4,13.1,17.2,25.6,24,24.6,20.1,14.5,5.8,1.2,-10.1,-10.2,-8.6,-3.4,0.3,3.8,3.7,6.4,2.5,-0.5,-5.6,-11.9,-2.7,-2.4,-2.3,4.9,8.7,14.7,13.8,15.5,11.3,7,0.1,-5.4,39,39,35,11,50,19,32,72,69,28,34,81
1903,CO,PIPO-H,37.4732,-108.2355,2682,0.6,-1.1,5.6,9.3,14.3,20.2,23.7,24.8,17.9,15.4,9.8,4.4,-12.2,-14.2,-6.9,-3,0,4.1,5.5,6.3,2.5,-0.9,-7.4,-13.3,-5.8,-7.7,-0.7,3.2,7.2,12.2,14.6,15.5,10.2,7.2,1.2,-4.4,32,58,58,48,51,26,87,58,77,7,4,10
1904,CO,PIPO-H,37.4732,-108.2355,2682,2.3,7.5,8.8,12.6,16,20.9,23.8,22.5,19.9,12.5,9.4,2.4,-13.7,-7.6,-5.6,-2.8,0.7,2.1,3.9,7.2,3.5,-1.7,-9.1,-11.3,-5.7,-0.1,1.6,4.9,8.4,11.5,13.8,14.8,11.7,5.4,0.1,-4.5,9,21,80,26,46,20,33,94,51,80,0,36
1905,CO,PIPO-H,37.4732,-108.2355,2682,0.4,2,7,9.3,13.1,22,23.1,24.5,19.5,13.4,6.7,0.3,-10.9,-11.7,-4.8,-3.5,-1.2,2.7,4,5.7,2.9,-2.9,-6.7,-14.2,-5.2,-4.8,1.1,2.9,5.9,12.4,13.6,15.1,11.2,5.2,0,-6.9,90,77,141,75,45,23,44,32,70,4,106,15
1906,CO,PIPO-H,37.4732,-108.2355,2682,1.6,6.1,6,9.7,14.8,21.2,22.2,22.2,18.5,13.6,6.2,4.9,-12.7,-8.8,-6.7,-3.8,0.1,1.6,5.1,5.2,2,-1.9,-6.6,-7.2,-5.5,-1.4,-0.4,3,7.5,11.4,13.6,13.7,10.3,5.9,-0.2,-1.1,76,14,111,74,51,6,59,51,84,26,82,99
1907,CO,PIPO-H,37.4732,-108.2355,2682,2.4,8.2,8.9,10.8,12.1,19.2,23.7,21.8,19.4,14.5,6.5,2.9,-8.1,-5.9,-5.6,-2.6,-1.5,0.4,4.9,6.4,2,0.8,-7.9,-11.3,-2.8,1.1,1.7,4.1,5.3,9.8,14.3,14.1,10.7,7.6,-0.7,-4.2,85,45,74,57,61,38,47,132,24,37,37,61
1908,CO,PIPO-H,37.4732,-108.2355,2682,2,2.3,8.2,11.4,12.5,20.6,23.8,21.7,19.5,10.8,6.5,0.9,-10.9,-11.1,-7.1,-3.6,-2.4,0.5,5.2,5.7,1.8,-3.4,-9.5,-13,-4.5,-4.4,0.6,3.9,5,10.5,14.5,13.7,10.6,3.7,-1.5,-6,54,79,48,72,55,13,59,125,39,64,40,110
1909,CO,PIPO-H,37.4732,-108.2355,2682,3.8,2.3,5.6,9.1,13.2,22.9,24.3,21.8,17.7,15.4,6.4,-4,-8.4,-11.8,-8.6,-5.3,-1.9,2.8,6,7.4,2.9,-1.5,-7.2,-16.6,-2.3,-4.8,-1.5,1.9,5.6,12.9,15.2,14.6,10.3,7,-0.4,-10.3,97,48,59,43,25,12,71,109,86,12,51,99
1910,CO,PIPO-H,37.4732,-108.2355,2682,0.8,1.9,11.6,12.2,17,23.3,25.1,23.7,21.3,13.4,8.3,3.6,-12,-12,-5,-3.4,0.3,3.1,5.7,6.4,4.2,-1,-5.4,-9.3,-5.6,-5.1,3.3,4.4,8.6,13.2,15.4,15.1,12.7,6.2,1.5,-2.8,60,36,35,32,6,24,41,46,30,93,57,36
1911,CO,PIPO-H,37.4732,-108.2355,2682,3.6,3.3,8.2,10.3,16,20.9,21,23.2,19.4,11.8,4.4,-0.2,-7.3,-9.7,-4.7,-3.3,-0.1,2.8,5.8,5.3,4.7,-1.6,-9.8,-13.6,-1.9,-3.2,1.7,3.5,7.9,11.9,13.4,14.3,12,5.1,-2.7,-6.9,104,104,118,40,14,47,122,69,82,110,26,23
1912,CO,PIPO-H,37.4732,-108.2355,2682,3,4.3,5,8.1,15.5,20.7,22.5,22.8,17.3,11.3,6.9,-0.2,-12.6,-10.5,-5.7,-5,-0.1,3,5.4,5.1,-1,-2.1,-8.2,-14.1,-4.8,-3.1,-0.3,1.6,7.7,11.9,14,14,8.1,4.6,-0.6,-7.1,14,11,108,40,7,39,64,57,5,70,12,12
1913,CO,PIPO-H,37.4732,-108.2355,2682,0.2,1.7,3.7,10.8,17.3,20.6,24,23.7,17.7,12,7,-1.3,-14.1,-11.1,-9.9,-4,0.2,2.9,5.2,6.4,1.5,-3,-4.9,-13.5,-7,-4.7,-3.1,3.4,8.8,11.8,14.6,15,9.6,4.5,1.1,-7.4,29,81,70,24,16,36,55,45,82,40,80,72
1914,CO,PIPO-H,37.4732,-108.2355,2682,1.4,1.9,8.2,11.2,15.8,21.4,22.2,22.9,19.6,12.8,9.8,-0.3,-10.4,-11.8,-7,-1.7,1.2,2.8,6,5.9,2.9,-0.6,-7.7,-12.5,-4.5,-5,0.6,4.7,8.5,12.1,14.1,14.4,11.3,6.1,1.1,-6.4,68,36,24,39,57,24,67,32,15,85,4,47
1915,CO,PIPO-H,37.4732,-108.2355,2682,-1.5,1.8,5.2,11.3,12.4,19.5,22.5,22.3,18.6,16,6.6,2.7,-13.8,-11.5,-8,-2.2,-1.4,1.6,3.8,4.7,2.1,-2.4,-8.5,-10.3,-7.6,-4.9,-1.4,4.5,5.5,10.5,13.2,13.5,10.3,6.8,-1,-3.8,73,80,14,64,50,15,62,33,68,2,44,59
1916,CO,PIPO-H,37.4732,-108.2355,2682,1.1,3.9,9.5,11.4,15.3,22.3,23,20.9,18.6,11.1,7.3,1.1,-10.6,-9.2,-5.4,-3.6,-1.9,0.7,5.8,5.5,2,-0.7,-9.6,-13.4,-4.8,-2.7,2,3.9,6.7,11.5,14.4,13.2,10.3,5.2,-1.1,-6.1,66,61,95,38,20,2,73,80,44,89,4,51
1917,CO,PIPO-H,37.4732,-108.2355,2682,-1.1,0.7,3.5,8.2,10.5,21.7,24.8,23.2,20.7,16.7,11.1,7,-14.1,-11.3,-11.7,-5.2,-1.5,1.2,5.6,4.4,2.6,-3.1,-7.3,-9.5,-7.6,-5.3,-4.1,1.5,4.5,11.4,15.2,13.8,11.6,6.8,1.9,-1.2,53,30,17,45,34,7,55,42,46,1,3,5
1918,CO,PIPO-H,37.4732,-108.2355,2682,0,3.3,9,9.7,14.8,24.5,22.4,22.4,19.2,13.8,4,-0.1,-12.9,-9.8,-5.7,-4.6,-1.7,5.6,5.6,5.2,2.1,0.2,-9.8,-12.8,-6.5,-3.2,1.6,2.5,6.5,15.1,14,13.8,10.7,7,-2.9,-6.4,63,47,113,24,9,23,89,45,91,36,47,73
1919,CO,PIPO-H,37.4732,-108.2355,2682,-0.3,-0.6,4.2,11.3,16.8,21.9,22.7,24.5,19.7,10.4,6.8,3.4,-16.3,-12.8,-9,-2.9,1.2,2.5,7,6.2,3.9,-3.3,-8.7,-11.3,-8.3,-6.7,-2.4,4.2,9,12.2,14.9,15.3,11.8,3.5,-0.9,-4,5,77,60,67,34,16,90,65,65,67,68,38
1920,CO,PIPO-H,37.4732,-108.2355,2682,2.9,5.1,6.4,7.2,15.7,20.2,24.2,22.2,18.7,11.9,6.8,1.4,-10.7,-8.1,-8.1,-7.1,0.7,2.4,4.4,4.3,1.2,-2.6,-7.9,-12.4,-3.9,-1.5,-0.8,0.1,8.2,11.3,14.3,13.3,10,4.7,-0.6,-5.5,72,62,78,62,67,32,29,47,56,56,25,23
1921,CO,PIPO-H,37.4732,-108.2355,2682,3.3,5.7,9.5,9.4,15.5,20.6,23.3,21.9,20.7,15.8,9.6,4.7,-8.9,-10,-5.8,-5.6,-0.6,2.9,5.9,6.4,1.4,-0.3,-8,-8.5,-2.8,-2.2,1.9,1.9,7.5,11.7,14.6,14.2,11.1,7.8,0.8,-1.9,33,12,46,36,40,30,77,99,15,42,17,78
1922,CO,PIPO-H,37.4732,-108.2355,2682,-0.1,1.6,5.2,8.6,15.8,22.7,24.8,23.3,20.5,15.7,5.2,3,-14.4,-11.4,-9.4,-5.9,-0.6,3.1,5.2,6.8,2.5,-2.7,-9.3,-9.3,-7.2,-4.9,-2.1,1.3,7.6,12.9,15,15.1,11.5,6.5,-2.1,-3.1,52,51,79,38,36,16,34,58,19,13,85,66
1923,CO,PIPO-H,37.4732,-108.2355,2682,5.1,3.1,4.7,10.2,16.6,21,24.1,21.7,17.1,11.7,7,1.5,-9.5,-11.6,-9,-4.6,0,1.2,6.3,5.5,1.5,-3,-7.6,-10.4,-2.2,-4.2,-2.2,2.8,8.3,11.1,15.2,13.6,9.3,4.4,-0.3,-4.4,43,29,44,46,38,9,65,110,51,25,36,62
1924,CO,PIPO-H,37.4732,-108.2355,2682,0.1,5.3,3.6,10.4,16.4,23.2,24.4,24,20.5,13.9,9.2,-1,-15.9,-8.4,-9.4,-5,-0.2,2.8,4.9,4,1.3,-2.6,-8.3,-14,-7.9,-1.6,-2.9,2.7,8.1,13,14.7,14,10.9,5.6,0.4,-7.5,22,20,91,39,12,8,57,19,40,43,14,90
1925,CO,PIPO-H,37.4732,-108.2355,2682,-0.7,4.6,8.7,12.6,17.7,20.2,24.3,20.9,18.5,11.6,4.5,1.7,-16.3,-9.9,-6.7,-3.3,1.7,3.1,6.6,5.7,2.6,-2.4,-9.6,-11.5,-8.5,-2.6,1,4.6,9.7,11.6,15.5,13.3,10.5,4.6,-2.6,-4.9,15,16,68,30,28,33,79,85,105,94,20,29
1926,CO,PIPO-H,37.4732,-108.2355,2682,-0.5,4.2,7.1,9.8,13.3,20.8,22.4,23.5,19.2,14.2,5.6,0.1,-13.5,-8.7,-7.1,-3.3,-0.3,2.6,5.7,5.1,2.2,-1.3,-7.7,-13.7,-7,-2.2,0,3.2,6.5,11.7,14.1,14.3,10.7,6.4,-1,-6.8,19,31,57,90,65,8,70,35,74,29,34,59
1927,CO,PIPO-H,37.4732,-108.2355,2682,4,5.6,5.5,9.7,15.6,19,22.5,20.3,16.5,13.2,6,-0.3,-9.9,-10.3,-7.9,-4.6,-0.9,2.1,5.3,5,2.2,-3,-6.9,-15.8,-2.9,-2.4,-1.2,2.6,7.3,10.5,13.9,12.6,9.3,5.1,-0.4,-8.1,22,108,65,24,23,32,52,86,112,35,39,55
1928,CO,PIPO-H,37.4732,-108.2355,2682,1,1.5,7.3,8.8,14.4,20.1,24.2,22.6,20.6,13,4.8,-1.3,-12.3,-10,-6.5,-5,0.8,0.6,5.5,4.9,0.3,-1.6,-10.2,-13.9,-5.7,-4.3,0.4,1.9,7.6,10.3,14.8,13.7,10.4,5.7,-2.7,-7.6,18,66,61,22,53,10,51,52,18,89,78,38
1929,CO,PIPO-H,37.4732,-108.2355,2682,-1.5,-1.4,5,8.4,14.5,21.4,24.9,23,18.9,14.6,6.3,5.2,-13.6,-14.2,-8.6,-6.3,-0.9,1.2,6.3,6.2,2,-1.4,-11.2,-12.2,-7.5,-7.8,-1.8,1.1,6.8,11.3,15.6,14.6,10.4,6.6,-2.4,-3.5,66,59,43,61,29,2,101,104,108,36,11,7
1930,CO,PIPO-H,37.4732,-108.2355,2682,-1.1,5.4,7.2,14.4,14.1,23.2,23.5,23.9,20.3,14.7,6,2.3,-15,-10.1,-9.2,-2.4,-1.9,2.1,5.6,5.4,0.7,-3.9,-10.6,-15,-8.1,-2.3,-1,6,6.1,12.6,14.6,14.6,10.5,5.4,-2.3,-6.3,101,32,46,61,36,20,77,82,44,15,61,1
1931,CO,PIPO-H,37.4732,-108.2355,2682,4.2,5,7,12.3,15.4,22.2,25.3,24.5,20.7,14.9,4.6,-0.5,-13.6,-7.5,-9.3,-4.4,-1.5,3.2,6,6,3.3,-1,-9.9,-16.2,-4.7,-1.2,-1.1,4,7,12.7,15.7,15.3,12,6.9,-2.6,-8.3,7,77,42,64,21,32,61,32,74,66,80,71
1932,CO,PIPO-H,37.4732,-108.2355,2682,-1.7,4.6,6.2,11.3,15.5,20.6,24,23.7,21.2,13.9,9.2,-1.3,-17,-8.6,-8.8,-4.9,-1.2,1.6,5.4,5.6,0.8,-2.9,-9.5,-15.5,-9.3,-2,-1.3,3.2,7.2,11.1,14.7,14.6,11,5.5,-0.1,-8.4,36,72,43,67,32,28,65,110,44,46,2,54
1933,CO,PIPO-H,37.4732,-108.2355,2682,-0.1,-0.7,8.2,8.3,12.8,22.9,25.1,24.2,21.4,16.3,9.9,4.5,-15.9,-18.5,-8.1,-7.2,-2.8,3.1,6.2,5.7,3.7,-0.5,-8.5,-9.4,-8,-9.6,0.1,0.6,5,13,15.6,14.9,12.6,7.9,0.7,-2.5,58,39,27,70,35,22,51,58,86,40,42,53
1934,CO,PIPO-H,37.4732,-108.2355,2682,5,6.3,12.2,13.5,19.1,22.1,25.7,24.3,19.5,16.5,6.4,1.5,-10.3,-6.7,-5.6,-2.9,1.6,1,5.9,7.6,0.7,-1.9,-8.4,-10.7,-2.7,-0.2,3.3,5.3,10.4,11.6,15.8,16,10.1,7.3,-1,-4.6,7,82,4,35,40,12,44,57,43,8,55,43
1935,CO,PIPO-H,37.4732,-108.2355,2682,1.3,3.2,4.9,8.5,11.7,22,22.6,22,19.6,13.3,4,0.4,-10.2,-9.6,-9.3,-4.3,-1.8,1.8,5.3,6.5,1,-4.2,-9.6,-12.3,-4.4,-3.2,-2.2,2.1,4.9,11.9,13.9,14.3,10.3,4.6,-2.8,-5.9,88,62,113,71,61,9,38,94,69,47,30,25
1936,CO,PIPO-H,37.4732,-108.2355,2682,0.2,1.6,7.3,11.1,16.5,22.8,22.9,22.4,20.2,14,8.9,3.5,-12.6,-10.5,-8,-4.6,0,4.1,5.8,6.8,2.2,-2,-9.3,-10.6,-6.2,-4.4,-0.4,3.2,8.3,13.4,14.4,14.6,11.2,6,-0.2,-3.5,16,78,62,17,48,27,39,117,51,64,15,69
1937,CO,PIPO-H,37.4732,-108.2355,2682,-2.3,2,6,11,17.4,21.3,23.4,24.8,21.1,14.9,9.1,3.2,-19.5,-14,-9,-6,-0.3,1.1,5,5.6,2,-2,-8.8,-10.1,-10.9,-6,-1.5,2.5,8.6,11.2,14.2,15.2,11.6,6.4,0.1,-3.4,54,97,76,21,36,15,70,37,63,30,16,57
1938,CO,PIPO-H,37.4732,-108.2355,2682,2.6,2.5,5.3,10.4,13.7,20.8,22.9,24,18.9,13.8,3.4,3.6,-11.1,-9.1,-7,-4.5,-1.4,2.9,3.6,5.6,3,-1.8,-13,-11.7,-4.2,-3.3,-0.8,2.9,6.2,11.8,13.3,14.8,10.9,6,-4.8,-4,61,60,122,37,28,58,20,47,87,63,28,34
1939,CO,PIPO-H,37.4732,-108.2355,2682,1.6,-1,7.4,12.5,16.5,21.6,23.8,23.2,18.5,12.6,8.3,5.1,-11.7,-16,-8.3,-2.5,-0.8,2.1,5,5.2,4.7,-3.6,-8.4,-11.3,-5.1,-8.5,-0.4,5,7.8,11.8,14.4,14.2,11.6,4.5,-0.1,-3.1,70,65,74,27,12,5,28,51,96,42,16,16
1940,CO,PIPO-H,37.4732,-108.2355,2682,0.4,1.8,7.8,10.1,16.5,23.2,25.2,24.2,18.9,14.7,5.7,3.6,-12.7,-10.7,-7.3,-3.5,0.5,3.5,5.8,5.8,4.3,-1.1,-9.2,-10.5,-6.1,-4.5,0.3,3.3,8.5,13.3,15.5,15,11.6,6.8,-1.8,-3.5,106,98,22,82,23,29,46,62,102,54,55,107
1941,CO,PIPO-H,37.4732,-108.2355,2682,3,5,7,7.5,14.9,18.4,22.9,22.5,17.4,11.8,7.6,3.6,-11.1,-7.4,-6.8,-5,1.4,2,4.6,5.5,1.2,-1,-8.8,-10.9,-4,-1.2,0.1,1.2,8.1,10.2,13.8,14,9.3,5.4,-0.6,-3.6,75,77,111,90,70,49,34,44,110,111,20,61
1942,CO,PIPO-H,37.4732,-108.2355,2682,3,1.2,4.7,10.2,14.5,21,23.6,22.9,20.4,14,9,4.8,-13.3,-13.5,-10.4,-2.5,-2.2,1,4.8,5.6,0.6,-1.6,-8.9,-10.7,-5.1,-6.1,-2.8,3.9,6.1,11,14.2,14.3,10.5,6.2,0.1,-2.9,24,63,73,50,21,2,21,26,42,55,11,74
1943,CO,PIPO-H,37.4732,-108.2355,2682,3.7,6.7,7.4,14.6,15.2,20.2,24,22.6,20.9,13.8,8.2,3,-11.9,-11.3,-8.4,-2.7,-1.3,2,4.9,7.7,1.9,-2.4,-9.4,-10,-4.1,-2.3,-0.5,6,7,11.1,14.5,15.2,11.4,5.7,-0.6,-3.5,104,30,100,28,67,32,47,96,42,74,22,35
1944,CO,PIPO-H,37.4732,-108.2355,2682,1.7,3.1,5.2,8,14.4,19.4,22.8,23.6,20.5,15,5.2,3.5,-12.2,-10.6,-9.8,-5.8,-0.5,0.6,4.1,4.8,1.5,0,-8,-12.2,-5.2,-3.7,-2.3,1.1,7,10,13.5,14.2,11,7.5,-1.4,-4.3,68,64,76,66,46,20,52,31,57,38,60,68
1945,CO,PIPO-H,37.4732,-108.2355,2682,2.9,4.5,5.1,8.1,15.3,18.7,23.4,23.5,19.9,14.5,6.6,0.3,-12.7,-9,-8.8,-6.5,-1.3,0,5.5,7.3,1.4,-0.1,-10.1,-16.1,-4.9,-2.2,-1.9,0.8,7,9.3,14.4,15.4,10.6,7.2,-1.7,-7.9,52,54,114,70,12,10,35,42,13,58,17,72
1946,CO,PIPO-H,37.4732,-108.2355,2682,2.8,5.2,8.5,13.5,13.5,22.7,24.1,23,20.7,11.7,5.6,6.3,-14.4,-11.9,-7.1,-1.3,-0.8,2.1,6.2,6.6,1.9,-2.9,-8.3,-9.7,-5.8,-3.3,0.7,6.1,6.3,12.4,15.2,14.8,11.3,4.4,-1.4,-1.7,22,17,65,70,55,18,67,76,55,82,75,44
1947,CO,PIPO-H,37.4732,-108.2355,2682,1.1,6.8,8.1,10.2,16.7,19.1,24.6,22,21.3,15,3.6,2.4,-14.5,-9.2,-8.3,-5,0.4,1.1,5.2,7.1,3.3,-0.6,-10.4,-12.8,-6.7,-1.2,-0.1,2.6,8.6,10.1,14.9,14.5,12.3,7.2,-3.4,-5.2,32,42,40,30,75,30,25,130,38,111,41,62
1948,CO,PIPO-H,37.4732,-108.2355,2682,3.8,2.6,3.2,11.6,16.1,20,24.3,23.7,21.6,14.6,4.1,2.8,-12.3,-10.8,-10.8,-3.7,0,2,3.6,5.2,1.9,-2.4,-11.7,-11.7,-4.2,-4.1,-3.8,3.9,8.1,11,14,14.5,11.8,6.1,-3.8,-4.4,13,75,82,36,42,46,23,79,39,68,11,73
1949,CO,PIPO-H,37.4732,-108.2355,2682,-0.9,0.9,6.9,12.4,14.2,19.5,23.6,23.9,21.5,12.8,11.9,3.1,-14,-16.2,-7.7,-4,-0.4,2.6,5.5,4.1,2.3,-3.1,-7.7,-13.4,-7.5,-7.6,-0.4,4.2,6.9,11,14.5,14,11.9,4.9,2.1,-5.2,99,51,66,75,51,55,59,28,37,72,22,44
1950,CO,PIPO-H,37.4732,-108.2355,2682,2.4,6.8,7.4,12.5,14.9,22,22.7,23.3,18.2,18.9,9.7,6.6,-12.6,-9.1,-8.6,-4.5,-2.8,0.7,4.9,3.1,1.3,-0.4,-8.4,-9.5,-5.1,-1.2,-0.6,4,6,11.3,13.8,13.2,9.8,9.2,0.7,-1.5,56,48,36,31,17,24,39,19,89,8,37,27
1951,CO,PIPO-H,37.4732,-108.2355,2682,3.4,4.6,7,10.3,15.7,20.6,25.7,23.2,21,13.4,4.9,0.4,-11.7,-10.2,-9.1,-3.9,-0.1,0.4,5.8,5.6,0.4,-2.3,-9.4,-13.7,-4.2,-2.8,-1.1,3.2,7.8,10.5,15.7,14.4,10.7,5.6,-2.2,-6.6,69,32,34,66,32,7,51,67,38,56,35,112
1952,CO,PIPO-H,37.4732,-108.2355,2682,1.9,2.5,3.1,11,15.7,21.4,23,23.5,20.8,18.1,5.1,2.5,-11.5,-12.4,-9.8,-3.2,0,3.3,5.4,7,2.7,-2.8,-10.5,-12.5,-4.8,-5,-3.3,3.9,7.8,12.4,14.2,15.2,11.7,7.7,-2.7,-5,95,34,60,54,10,28,52,36,53,0,70,50
1953,CO,PIPO-H,37.4732,-108.2355,2682,6.3,4.3,8.2,9.2,12.5,22.3,23.8,22.6,21.5,14.2,8.3,2.1,-9.8,-11.7,-7.3,-4.7,-1.8,3.4,6.7,5.2,1.3,-1.3,-6.8,-13.4,-1.7,-3.7,0.4,2.2,5.4,12.8,15.2,13.9,11.4,6.5,0.8,-5.7,56,18,58,71,23,6,64,50,3,104,49,32
1954,CO,PIPO-H,37.4732,-108.2355,2682,5.2,9.8,6,14.5,17,21.6,24.2,23.3,19.3,15.6,10.3,4,-9.8,-8.7,-8.2,-3.1,0.7,2.8,7.7,5.4,3.8,0,-7.1,-11.9,-2.3,0.6,-1.1,5.7,8.8,12.2,15.9,14.3,11.6,7.8,1.6,-4,37,15,73,20,51,26,80,40,92,43,29,39
1955,CO,PIPO-H,37.4732,-108.2355,2682,1.9,0.9,7,9.5,14.2,20.1,23.1,23.6,21.3,16.9,6.5,4.1,-13.2,-15.5,-9.1,-5.9,-0.9,1.9,4.8,7.2,1.9,-2.1,-8.8,-9.6,-5.7,-7.3,-1,1.8,6.6,11,13.9,15.4,11.6,7.4,-1.2,-2.8,56,78,3,40,44,13,44,111,14,3,48,70
1956,CO,PIPO-H,37.4732,-108.2355,2682,6.3,2.7,8.8,11.4,17.8,23.7,24.1,22.8,23,15.4,5.6,4.6,-7.7,-13.1,-9.4,-4.5,0.2,3.7,4.7,3.9,1.7,-2.6,-11.9,-14.2,-0.7,-5.2,-0.3,3.4,9,13.7,14.4,13.4,12.4,6.4,-3.1,-4.8,107,25,23,24,24,6,34,26,5,39,20,20
1957,CO,PIPO-H,37.4732,-108.2355,2682,2.5,7.3,7.6,8.7,12.1,21.2,22.7,22.3,20.8,12.1,3.7,5.2,-9.3,-7.4,-6.9,-4.6,-0.7,2.7,5.6,6.5,0.1,0.5,-9.5,-11.2,-3.4,-0.1,0.4,2,5.7,11.9,14.2,14.4,10.5,6.3,-2.9,-3,95,46,54,78,76,29,97,123,6,111,96,44
1958,CO,PIPO-H,37.4732,-108.2355,2682,4.7,6.9,4.4,9.1,18.6,23.5,24.3,25.4,20.1,15.8,8.2,7.1,-12.6,-8.8,-8.8,-5.1,1,3.5,3.8,6.3,3,-1.8,-8.1,-10.1,-4,-1,-2.2,2,9.8,13.5,14,15.9,11.6,7,0,-1.5,38,74,87,56,11,22,16,41,53,47,38,10
1959,CO,PIPO-H,37.4732,-108.2355,2682,5.6,4.3,8,12.1,15.9,23.4,25,22.8,19.4,13.9,7.9,5.7,-12,-11.5,-9.1,-4.1,0.2,4.5,5,6.5,1.5,-2,-9.3,-10.7,-3.2,-3.6,-0.6,4,8,13.9,15,14.7,10.4,6,-0.7,-2.5,19,70,8,65,17,29,33,79,55,122,25,69
1960,CO,PIPO-H,37.4732,-108.2355,2682,0.9,1.1,8.5,12,15.9,23.1,25,25.8,21.9,13.2,8.7,2.2,-14.5,-13.5,-7.2,-4.4,-1.3,3.1,5,5.3,3.9,-1,-7.9,-11.5,-6.8,-6.2,0.7,3.8,7.3,13.1,15,15.6,12.9,6.1,0.4,-4.6,53,79,52,62,34,16,20,27,45,103,30,49
1961,CO,PIPO-H,37.4732,-108.2355,2682,4.7,6,7,10.5,16.8,23.6,24.4,23.1,17,13.8,5.1,0.5,-13.9,-10.2,-6.7,-4.9,0,3.4,5.2,7.4,1,-2,-8.2,-14.8,-4.6,-2.1,0.1,2.8,8.4,13.5,14.8,15.3,9,5.9,-1.5,-7.2,29,26,117,43,21,9,34,89,75,74,34,30
1962,CO,PIPO-H,37.4732,-108.2355,2682,2.1,5,5.3,13.8,15.6,21.5,23.7,24.8,20.1,15.5,8.9,5.8,-13.6,-8.5,-10.1,-2.9,-0.8,2.1,5.1,4.8,3.3,-0.5,-5.8,-11.1,-5.7,-1.8,-2.4,5.5,7.4,11.8,14.4,14.8,11.7,7.5,1.5,-2.6,36,80,35,27,38,23,23,21,67,80,51,35
1963,CO,PIPO-H,37.4732,-108.2355,2682,-0.7,6.5,7,11.1,18.7,21,25.4,22.1,21.6,17.1,8.4,4,-16,-9.3,-8,-4.2,1.1,2,6.7,8,4.3,0.9,-7.1,-13.3,-8.3,-1.4,-0.5,3.4,9.9,11.5,16,15.1,12.9,9,0.6,-4.6,56,39,47,28,9,19,50,107,34,51,31,14
1964,CO,PIPO-H,37.4732,-108.2355,2682,2.9,2.7,4.4,8.9,15.5,20.8,24.5,22.2,18.6,17.6,5.7,2,-14.9,-15,-10.3,-5.2,0,2,7.1,6.1,2.8,-2.1,-8.3,-11.8,-6,-6.1,-3,1.9,7.8,11.4,15.8,14.1,10.7,7.8,-1.3,-4.9,25,15,68,86,26,13,84,74,50,0,66,79
1965,CO,PIPO-H,37.4732,-108.2355,2682,3.5,3.9,4.7,9,13.3,19,23.1,22.5,16.6,16.6,8.3,4.2,-9.4,-12.7,-9,-3.6,-0.4,1.8,6.8,5.5,2.3,-1.9,-5.1,-9.7,-3,-4.4,-2.1,2.7,6.5,10.4,14.9,14,9.4,7.4,1.6,-2.8,62,50,67,86,55,41,90,70,65,47,95,83
1966,CO,PIPO-H,37.4732,-108.2355,2682,1.7,1.4,9.5,12.4,17.8,21.6,25,24.1,20.4,14.9,9.5,2.5,-14.6,-14.3,-8,-4.3,0.6,3.1,7.2,6.3,2.9,-1.9,-5.9,-12,-6.4,-6.4,0.8,4,9.2,12.3,16.1,15.2,11.7,6.5,1.8,-4.7,26,37,49,34,44,27,44,48,43,22,41,87
1967,CO,PIPO-H,37.4732,-108.2355,2682,2.4,6.4,10.5,10.1,15.2,19.3,24,22.1,19.4,15.8,9.2,0.1,-13.6,-10.8,-5.7,-5,-1,2.3,7.2,5.9,3.3,-2.1,-7.6,-14.4,-5.6,-2.2,2.4,2.6,7.1,10.8,15.6,14,11.4,6.8,0.8,-7.1,37,11,20,21,32,39,65,84,40,9,12,98
1968,CO,PIPO-H,37.4732,-108.2355,2682,2.2,6,8.2,7.9,14.5,22.3,22.8,20.1,18.8,14.7,4.8,0.9,-14.1,-9,-7.9,-5.4,-0.7,2.3,6.1,4.9,0.8,-1.3,-7.4,-14.4,-5.9,-1.5,0.1,1.2,6.9,12.3,14.5,12.5,9.8,6.7,-1.3,-6.8,49,51,36,54,44,14,70,71,7,41,33,50
1969,CO,PIPO-H,37.4732,-108.2355,2682,3.3,2.5,4.2,12.3,17.4,18.7,23.7,24.2,19.5,9.2,6.6,4.1,-9.9,-11.3,-10,-3.5,0.7,2.4,7.1,7.7,3.8,-2,-8.8,-9.7,-3.3,-4.4,-2.9,4.4,9.1,10.6,15.4,16,11.7,3.6,-1.1,-2.8,133,79,63,28,35,45,53,61,84,121,37,23
1970,CO,PIPO-H,37.4732,-108.2355,2682,3.6,7.7,5,7.2,16.7,19.9,24.2,24.2,17.6,10.2,6.6,3.2,-12.1,-9.5,-8.4,-6.7,-0.9,2.7,6.4,7.6,1.5,-2.9,-7.5,-12.4,-4.3,-0.9,-1.7,0.3,7.9,11.3,15.3,15.9,9.6,3.6,-0.4,-4.6,20,14,90,43,5,35,46,74,103,50,54,40
1971,CO,PIPO-H,37.4732,-108.2355,2682,2.7,4.4,8.5,11.3,14.4,22.3,25,23.9,18.9,12.7,6,0.4,-12.9,-11.5,-8.9,-5.2,-1.7,2.4,6,7.1,0.2,-2.1,-8.6,-12.6,-5.1,-3.6,-0.2,3,6.3,12.4,15.5,15.5,9.6,5.3,-1.3,-6.1,20,38,2,49,59,7,34,131,52,92,59,94
1972,CO,PIPO-H,37.4732,-108.2355,2682,3.9,7.5,12.5,12.4,17.2,22,25.1,23.6,19.1,12.2,2.8,1,-12.2,-10.6,-6.3,-4.2,-1.4,3.6,5.6,5.9,2.7,2.2,-8.9,-14.2,-4.2,-1.6,3.1,4.1,7.9,12.8,15.4,14.8,10.9,7.2,-3.1,-6.6,5,0,10,22,10,45,51,60,60,157,67,101
1973,CO,PIPO-H,37.4732,-108.2355,2682,0.7,3.5,4.7,8.3,15.4,20.5,23.3,23.3,18.6,15.4,7.9,4,-15.3,-11.1,-7.9,-6.5,-1,2.2,5.6,5.7,0.3,-2.5,-7.4,-12.1,-7.3,-3.8,-1.6,0.9,7.2,11.3,14.5,14.5,9.5,6.5,0.3,-4.1,60,38,96,41,55,39,34,47,33,18,30,24
1974,CO,PIPO-H,37.4732,-108.2355,2682,0.8,2.8,10.6,11,19.2,23.4,23.2,22.7,20.3,13.6,7,1.6,-13.6,-14.9,-6,-5.9,-0.2,3.8,6,4.6,2.2,0.2,-8.2,-12.9,-6.4,-6.1,2.3,2.5,9.5,13.6,14.6,13.7,11.2,6.9,-0.6,-5.7,98,11,46,55,7,12,54,23,30,132,50,21
1975,CO,PIPO-H,37.4732,-108.2355,2682,0.9,2.7,5,7.7,13.6,20.2,23.3,23.3,19.6,15.7,8.4,3.3,-14.1,-12.4,-8.4,-6.8,-1.8,1.2,6.1,4.7,1.8,-3.4,-9.2,-12.4,-6.6,-4.8,-1.7,0.5,5.9,10.7,14.7,14,10.7,6.2,-0.4,-4.6,42,66,130,64,42,9,55,26,38,16,37,50
1976,CO,PIPO-H,37.4732,-108.2355,2682,3.4,6.5,7.6,11.5,16.7,21.8,24.8,22.5,18.7,13.3,8.8,5.4,-13.6,-8.2,-9.3,-4.3,0.2,2.1,5.9,5.2,2.8,-4.2,-10.2,-14,-5.1,-0.9,-0.9,3.6,8.4,11.9,15.4,13.8,10.7,4.6,-0.7,-4.3,8,92,31,34,44,7,58,54,84,8,2,3
1977,CO,PIPO-H,37.4732,-108.2355,2682,0.3,6.4,6.6,13.5,15.6,24,23.7,24.1,21,15.9,7.9,4.8,-15.5,-10.7,-10.1,-3.9,-0.9,4.9,7.4,7.8,4.1,-2,-7.1,-9.3,-7.6,-2.1,-1.8,4.8,7.3,14.4,15.5,15.9,12.6,7,0.4,-2.3,41,17,12,23,42,18,94,82,39,44,38,31
1978,CO,PIPO-H,37.4732,-108.2355,2682,2.1,3.3,9.2,11.5,14.1,22.4,25.6,22.9,20.2,16.6,6.2,-1,-9.4,-11.5,-5.7,-3.4,-1.2,2.9,5.4,4.4,2.9,-0.8,-6,-15.3,-3.7,-4.1,1.7,4.1,6.4,12.7,15.5,13.6,11.5,7.9,0.1,-8.1,114,72,146,74,66,13,22,20,50,62,103,79
1979,CO,PIPO-H,37.4732,-108.2355,2682,-2.6,3.6,5.9,11,15.1,21.2,24.7,22.8,22.8,16.9,3.1,4.8,-15.2,-12.3,-8.7,-5,-0.1,2.5,5.5,5.8,2.3,-1.2,-11,-10.8,-8.9,-4.3,-1.4,3,7.5,11.8,15.1,14.3,12.6,7.9,-4,-3,105,87,121,30,55,13,30,59,6,36,42,48
1980,CO,PIPO-H,37.4732,-108.2355,2682,2,4.8,4.5,9.9,13.1,23.6,25.4,23.7,21.1,14.6,8.4,7.9,-8,-9.2,-9.2,-5.2,-0.8,3.2,6.3,6.4,2.4,-2.5,-8.4,-8.1,-3,-2.2,-2.4,2.4,6.2,13.4,15.8,15.1,11.8,6,0,-0.1,80,84,103,60,73,2,27,61,53,56,28,14
1981,CO,PIPO-H,37.4732,-108.2355,2682,7.8,7.6,6.1,14.2,14.2,23.5,23.9,23.3,20.4,12.2,9,4.6,-9.5,-10.3,-7.7,-2.8,0.1,4.8,7.6,6.9,4.1,-0.3,-6.8,-10,-0.9,-1.4,-0.8,5.7,7.1,14.1,15.7,15.1,12.3,5.9,1.1,-2.7,13,19,100,55,58,21,102,68,57,91,34,32
1982,CO,PIPO-H,37.4732,-108.2355,2682,1.4,2.9,6.6,10.6,15,21.2,24.2,23.3,18.6,12.5,4.9,2.1,-12.8,-11.3,-6.8,-4.5,-0.2,2,5.6,8.4,4.6,-3.4,-7.3,-11.1,-5.7,-4.2,-0.1,3,7.4,11.6,14.9,15.9,11.6,4.6,-1.2,-4.5,71,44,112,19,54,7,44,121,102,27,89,58
1983,CO,PIPO-H,37.4732,-108.2355,2682,3.8,4.7,6.3,7.3,14.7,19.8,24.4,24.1,21.3,14.7,5.4,1.5,-10.3,-8.8,-6.3,-6.3,-1.2,2.8,6.8,8.5,3.6,-0.3,-7.7,-10,-3.2,-2,0,0.5,6.7,11.3,15.6,16.3,12.4,7.2,-1.2,-4.2,41,73,111,65,36,36,94,76,54,26,99,119
1984,CO,PIPO-H,37.4732,-108.2355,2682,2.3,4.5,7.7,9.2,19.7,20.7,24.8,23.4,20.4,8.4,6.3,2.9,-14.2,-11.5,-8.5,-5.9,1.4,3.7,7.6,7.7,3.9,-2.2,-7.9,-8.8,-6,-3.5,-0.4,1.7,10.5,12.2,16.2,15.6,12.2,3.1,-0.8,-2.9,24,22,59,58,22,44,47,100,56,118,35,90
1985,CO,PIPO-H,37.4732,-108.2355,2682,2.4,3.1,6.9,13.1,16,23.9,24.3,25,17.1,14,4.3,3.2,-10.4,-11.8,-6.3,-3.2,0.5,3.7,6.9,5.9,1.7,-0.4,-7.5,-11.6,-4,-4.4,0.3,4.9,8.3,13.8,15.6,15.5,9.4,6.8,-1.6,-4.2,36,19,130,83,33,9,79,35,113,67,94,20
1986,CO,PIPO-H,37.4732,-108.2355,2682,7.2,6,11.2,11.3,16.4,21.9,22.3,24.3,16.3,12.2,5.7,3.7,-9,-7.2,-5.6,-3.6,-0.6,4.6,5.6,7.4,2.3,-1.1,-6.9,-10.4,-0.9,-0.6,2.8,3.8,7.9,13.2,14,15.9,9.3,5.6,-0.6,-3.3,6,76,51,88,42,29,102,93,115,72,58,24
1987,CO,PIPO-H,37.4732,-108.2355,2682,2.2,3.8,6.7,13.9,15.6,23.4,24.2,22.6,20,15.8,6,1.5,-11.7,-8.6,-9.3,-3.7,0.4,3.7,4.7,6.3,1.6,-0.5,-7.4,-11.5,-4.8,-2.4,-1.3,5.1,8,13.5,14.5,14.4,10.8,7.6,-0.7,-5,54,100,69,38,60,17,37,108,29,88,88,44
1988,CO,PIPO-H,37.4732,-108.2355,2682,-0.2,5.4,8.2,12.8,16.5,22.9,24.5,23.4,19.5,17.5,5.9,2.8,-13.8,-11,-9.3,-3.8,-0.5,5.4,6.3,7.7,1.9,0,-7.7,-12.5,-7,-2.8,-0.6,4.5,8,14.2,15.4,15.5,10.7,8.7,-0.9,-4.9,91,29,17,62,31,21,48,81,47,20,74,75
1989,CO,PIPO-H,37.4732,-108.2355,2682,1.7,3.7,11.7,15.4,18.6,22.8,26.2,23.6,22.3,14.7,9.7,4.9,-14,-9.3,-5.4,-2.4,0.4,3.1,6.5,5.8,2.8,-2.1,-9,-13.1,-6.1,-2.8,3.1,6.5,9.5,12.9,16.3,14.7,12.6,6.3,0.3,-4.1,57,60,38,6,12,7,59,63,27,41,2,5
1990,CO,PIPO-H,37.4732,-108.2355,2682,1.7,4.4,9.6,13.2,16.7,25.5,23.7,23.3,21,14.9,6.5,-0.5,-12.8,-10.2,-5.7,-2.4,-0.7,4.5,6.9,6,5.1,-1.6,-7.3,-15.6,-5.6,-2.9,1.9,5.4,8,15,15.3,14.7,13.1,6.7,-0.4,-8.1,51,32,50,61,55,27,84,75,82,60,70,56
1991,CO,PIPO-H,37.4732,-108.2355,2682,0.8,6.9,5.8,9.9,16.7,20.8,23.7,23.7,20.2,16.3,5.1,0.5,-13.4,-9.7,-7.9,-5.5,-0.2,3.4,5.9,6.8,3.4,-1.2,-7.4,-12.3,-6.3,-1.4,-1,2.2,8.2,12.1,14.8,15.3,11.8,7.6,-1.2,-5.9,56,22,79,16,34,42,47,77,67,49,101,53
1992,CO,PIPO-H,37.4732,-108.2355,2682,1.8,5.1,9.1,15.3,17.4,21.6,22.7,22.7,21,16.6,2.9,1,-13.8,-9.5,-5.4,-1.1,2.1,3.1,5.6,6,2.9,0.1,-10.9,-13.1,-6,-2.2,1.8,7.1,9.7,12.3,14.1,14.4,11.9,8.3,-4,-6,38,55,95,23,61,27,65,99,37,28,55,58
1993,CO,PIPO-H,37.4732,-108.2355,2682,3.2,3.4,10,11.3,16.1,20.4,24.3,21.8,19.1,13,4.3,2,-8.6,-8.8,-6.9,-5.1,0.7,2.2,4.7,6.5,1.4,-1.6,-11.1,-13.8,-2.7,-2.7,1.6,3.1,8.4,11.3,14.5,14.1,10.2,5.7,-3.4,-5.9,98,70,58,30,35,10,7,133,29,53,78,17
1994,CO,PIPO-H,37.4732,-108.2355,2682,3.5,3.1,10.3,11.3,16,23.9,24.9,24.4,20,12.3,4.1,3.8,-13.4,-11.1,-5.8,-2.3,0.8,5.1,6.3,8.3,3.7,-1,-8.7,-11.3,-5,-4,2.2,4.5,8.4,14.5,15.6,16.4,11.8,5.7,-2.3,-3.7,26,45,21,73,56,17,33,89,52,55,102,43
1995,CO,PIPO-H,37.4732,-108.2355,2682,2.2,8.7,8.7,9.9,13,19.5,23,23.7,19.7,14.5,9.8,4,-10.5,-7.4,-5.6,-3.5,-0.6,2.5,5,7.7,3.7,-2.9,-6.6,-11.2,-4.2,0.6,1.5,3.2,6.2,11,14,15.7,11.7,5.8,1.6,-3.6,64,48,103,63,61,23,53,46,63,14,36,45
1996,CO,PIPO-H,37.4732,-108.2355,2682,3.6,6.3,9.4,12.8,18.9,22.4,25,24.1,17.9,12.4,6.2,4.3,-11.7,-9.4,-6.8,-3.3,1.7,4.4,7.5,7.1,2.8,-1.5,-6.5,-10.5,-4.1,-1.5,1.3,4.8,10.3,13.4,16.3,15.6,10.3,5.4,-0.2,-3.1,57,79,37,71,37,35,55,38,72,78,64,37
1997,CO,PIPO-H,37.4732,-108.2355,2682,3.5,4.9,9.8,8.6,16.9,21.6,23.3,22.4,19.3,13.8,6.3,2.2,-9.9,-10.6,-6.6,-6.6,0,3,4.9,6.1,4.2,-3.2,-8.8,-12.4,-3.2,-2.9,1.6,1,8.4,12.3,14.1,14.2,11.7,5.3,-1.2,-5.1,53,34,49,73,36,26,41,82,49,54,44,41
1998,CO,PIPO-H,37.4732,-108.2355,2682,6.2,4.4,7.4,8.9,16.8,20.8,24.2,24.4,21.8,13.5,7.6,3.7,-8.9,-9.9,-8.5,-6,-0.8,0.8,6.3,6.6,4.4,-1.7,-7.7,-13.6,-1.4,-2.7,-0.5,1.5,8,10.8,15.2,15.5,13.1,5.9,0,-5,40,49,92,52,35,23,107,49,80,69,41,43
1999,CO,PIPO-H,37.4732,-108.2355,2682,6.7,7.9,11.6,8.6,14.9,21.5,23.2,22,18.3,16.1,9.7,4.5,-9.2,-10.5,-6.8,-5.8,-1.6,1.8,5.8,5.4,1.4,-2.8,-6.5,-12.2,-1.2,-1.3,2.4,1.4,6.6,11.6,14.5,13.7,9.8,6.6,1.6,-3.8,49,31,55,64,36,31,54,102,61,37,44,26
2000,CO,PIPO-H,37.4732,-108.2355,2682,6.7,7.7,7.6,14.2,19.4,22.7,25.6,24.9,21.2,13.3,2.5,4.6,-8.7,-8,-7.5,-2.6,1.5,3.7,6.1,7.4,2.8,-1,-11,-11.2,-1,-0.2,0.1,5.8,10.4,13.2,15.8,16.1,12,6.2,-4.2,-3.3,50,76,93,51,18,25,24,43,32,74,52,21
2001,CO,PIPO-H,37.4732,-108.2355,2682,3.5,5.7,8.7,12.4,18.9,24,24.4,23.4,22.6,15.8,8.8,2.9,-11.9,-9.7,-6.4,-3.2,0.9,3.6,6.8,6.4,3.7,-1,-5.7,-11.9,-4.2,-2,1.2,4.6,9.9,13.8,15.6,14.9,13.2,7.4,1.6,-4.5,45,58,79,46,28,17,90,60,17,47,72,29
2002,CO,PIPO-H,37.4732,-108.2355,2682,4.2,5.2,8.1,15,16.7,25.3,26,24.4,18.9,12.9,6.3,4.3,-11.3,-13.1,-9.9,-2.5,0.9,4.3,7,5.6,3.1,-2.5,-8.4,-10.2,-3.6,-4,-0.9,6.2,8.8,14.8,16.5,15,11,5.2,-1,-2.9,48,17,52,41,21,8,24,88,70,64,62,35
2003,CO,PIPO-H,37.4732,-108.2355,2682,8.7,4.3,8.2,11.7,17.1,22.1,27.8,24.7,20.3,17.4,5.3,4.2,-8.2,-9.6,-7.1,-3.9,1.2,3.5,8.6,7.5,2,-0.1,-8.1,-10.5,0.3,-2.6,0.6,3.9,9.2,12.8,18.2,16.1,11.1,8.7,-1.4,-3.1,46,90,55,24,45,16,21,34,54,76,74,47
2004,CO,PIPO-H,37.4732,-108.2355,2682,1.6,2.2,12.3,11.1,17.9,22.4,24.5,23.1,18.8,13,5.2,2.9,-12.5,-12,-4.9,-3.6,0.8,3.3,5.7,5.3,2.3,-1,-7.5,-11.6,-5.5,-4.9,3.7,3.7,9.3,12.9,15.1,14.2,10.6,6,-1.1,-4.3,44,64,66,68,33,35,39,15,49,73,53,33
2005,CO,PIPO-H,37.4732,-108.2355,2682,3.7,5.8,7.2,11.6,17.1,20.8,25,22.8,20.4,14,8.6,4.5,-9.8,-7.9,-8.1,-4.8,-0.5,2,7.6,5.8,3.4,-0.4,-7.5,-11.4,-3.1,-1.1,-0.5,3.4,8.3,11.4,16.3,14.3,11.9,6.8,0.5,-3.4,57,103,48,43,46,16,45,60,30,79,43,66
2006,CO,PIPO-H,37.4732,-108.2355,2682,6.4,6.9,7.4,13.6,17.8,24.4,24.9,22.5,16.9,11.7,8.1,2.2,-9.6,-11.4,-7.7,-3.1,2.5,4.8,6.7,5.6,0.3,-1.8,-7.6,-11.8,-1.6,-2.2,-0.2,5.3,10.2,14.6,15.8,14,8.6,5,0.2,-4.8,45,51,77,41,26,29,91,94,85,96,45,27
2007,CO,PIPO-H,37.4732,-108.2355,2682,1.4,6,10.5,11.9,17.5,23.5,25.7,24.9,20.5,14.8,9.7,1.3,-14.1,-9.6,-6.4,-3.9,-0.8,3.6,7.3,8,3.8,-1.8,-7.7,-12.5,-6.3,-1.8,2,4,8.3,13.6,16.5,16.5,12.1,6.5,1,-5.6,87,51,54,66,46,30,75,60,51,23,30,63
2008,CO,PIPO-H,37.4732,-108.2355,2682,1,3.8,8,10.9,15,22.4,24.8,23.9,20.5,15.1,8.8,2.7,-13.8,-10.8,-8.6,-5.9,-1.7,3.1,6.4,6.6,2.4,-2,-7.7,-12.1,-6.4,-3.5,-0.3,2.5,6.6,12.7,15.6,15.2,11.5,6.6,0.6,-4.7,60,56,29,46,32,27,24,84,23,88,59,77
2009,CO,PIPO-H,37.4732,-108.2355,2682,4,7.6,9.7,10.9,18,20.3,25.7,24.7,20.4,12.2,9.2,-0.9,-12.1,-8.9,-7.2,-4.8,1.7,2.7,6.6,5.6,2.8,-3.2,-7.9,-16.5,-4.1,-0.7,1.2,3,9.8,11.5,16.1,15.1,11.6,4.5,0.6,-8.7,58,46,39,46,28,41,19,31,44,55,52,35
2010,CO,PIPO-H,37.4732,-108.2355,2682,1.6,2.2,6.7,11.2,15,23.2,24.9,22.5,21.9,15,5.9,4.8,-12.3,-11.4,-8.2,-4,-1.4,4.4,7.7,7.2,3.5,0.2,-9.3,-6.5,-5.3,-4.6,-0.7,3.6,6.8,13.8,16.3,14.9,12.7,7.6,-1.7,-0.8,87,70,63,42,16,9,51,84,45,55,30,83
2011,CO,PIPO-H,37.4732,-108.2355,2682,1.9,3.1,9.6,11.2,13.9,22.9,25.1,25.7,20.2,13.8,6.3,2.9,-13.5,-12.2,-6,-3.9,-1.2,3.4,7.6,8.2,4.1,-1.2,-7.7,-11.7,-5.8,-4.6,1.8,3.7,6.3,13.1,16.4,17,12.2,6.3,-0.7,-4.4,24,36,44,60,57,3,51,40,44,74,36,44
1901,CO,PIPO-L,37.4044,-108.3171,2279,3.9,5,6.5,11.8,17.6,25.1,30,28.2,23.8,17.9,12.2,6,-10.8,-6.7,-8.6,-4.2,0.7,5.2,10.8,11.7,5,2.5,-4.2,-9.9,-3.4,-0.8,-1,3.8,9.2,15.1,20.4,20,14.4,10.2,4,-2,19,32,10,30,36,15,38,38,10,36,15,13
1902,CO,PIPO-L,37.4044,-108.3171,2279,5.2,6.1,5,15.3,20.3,29.1,27.9,27.9,23,16.7,7.4,1.8,-8.6,-8.4,-6.5,-0.7,3.3,8.1,8.5,10.1,6.1,2.1,-3.1,-9.7,-1.7,-1.2,-0.7,7.3,11.8,18.6,18.2,19,14.6,9.4,2.2,-3.9,30,28,26,8,43,18,25,58,56,24,30,62
1903,CO,PIPO-L,37.4044,-108.3171,2279,1,-0.6,6.4,11.5,17.5,23.6,27.6,28,20.8,17.6,11.5,5.1,-10.6,-12.1,-4.6,-0.2,3.2,8.4,10.4,10.1,6.2,1.7,-4.8,-11,-4.8,-6.4,0.9,5.6,10.3,16,19,19.1,13.5,9.6,3.4,-2.9,19,43,44,33,43,21,70,45,60,6,3,5
1904,CO,PIPO-L,37.4044,-108.3171,2279,2.7,7.9,9.6,14.8,19,24.5,27.7,25.7,22.7,14.7,11.1,3,-12.3,-5.7,-3.3,-0.2,3.8,6.4,8.7,11.1,7,0.9,-6.6,-9.1,-4.8,1.1,3.2,7.3,11.4,15.4,18.2,18.4,14.9,7.8,2.2,-3.1,6,16,59,18,40,15,28,75,38,62,0,27
1905,CO,PIPO-L,37.4044,-108.3171,2279,0.7,2.4,7.7,11.6,16.2,25.5,27,27.8,22.3,15.5,8.2,0.9,-9.4,-9.6,-2.6,-0.9,2,6.9,8.8,9.5,6.4,-0.3,-4,-11.9,-4.3,-3.6,2.6,5.4,9.1,16.2,17.9,18.7,14.3,7.6,2.1,-5.5,63,57,107,52,37,18,36,22,56,3,94,12
1906,CO,PIPO-L,37.4044,-108.3171,2279,1.9,6.5,6.8,11.9,18,24.7,26.1,25.5,21.3,15.8,7.7,5.4,-11.1,-6.7,-4.4,-1.1,3.2,5.8,9.9,9.1,5.6,0.7,-4,-4.9,-4.6,-0.1,1.2,5.4,10.6,15.3,18,17.3,13.4,8.2,1.9,0.2,57,10,82,52,46,5,47,39,70,20,69,77
1907,CO,PIPO-L,37.4044,-108.3171,2279,2.7,8.6,9.7,13.1,15.2,22.7,27.6,25.1,22.1,16.5,8.2,3.5,-6.8,-4,-3.4,-0.2,1.6,4.7,9.7,10.2,5.6,3.4,-5.3,-9,-2,2.3,3.1,6.5,8.4,13.7,18.6,17.6,13.9,9.9,1.5,-2.7,63,33,58,38,52,31,39,101,19,33,33,47
1908,CO,PIPO-L,37.4044,-108.3171,2279,2.3,2.6,9.1,13.6,15.6,24.1,27.7,25,22.3,13,8.2,1.6,-9.5,-9.2,-4.9,-0.9,0.6,4.8,10,9.5,5.4,-0.8,-6.8,-10.6,-3.6,-3.3,2.1,6.3,8.1,14.4,18.8,17.3,13.9,6.1,0.7,-4.5,39,59,36,50,47,10,46,96,32,56,36,87
1909,CO,PIPO-L,37.4044,-108.3171,2279,4.3,3,6.4,11.3,16.4,26.6,28.2,25.1,20.5,17.5,8,-3.4,-6.8,-9.8,-6.4,-2.7,1.2,7.1,10.9,11.2,6.4,1.1,-4.7,-14.5,-1.2,-3.4,0,4.3,8.8,16.8,19.6,18.2,13.4,9.3,1.7,-9,70,34,47,30,22,10,59,85,67,10,45,78
1910,CO,PIPO-L,37.4044,-108.3171,2279,1.2,2.6,12.3,14.5,20.2,27,29.1,27,24.2,15.6,10.1,4.3,-10.4,-9.9,-2.8,-0.7,3.4,7.4,10.5,10.2,7.8,1.5,-2.9,-7,-4.6,-3.7,4.8,6.9,11.8,17.2,19.8,18.6,16,8.6,3.6,-1.3,42,26,27,22,5,21,36,33,22,73,53,29
1911,CO,PIPO-L,37.4044,-108.3171,2279,4,3.8,9,12.6,19.1,24.3,24.8,26.5,22.1,13.7,5.9,0.7,-5.7,-7.7,-2.4,-0.6,2.9,7,10.6,9.2,8.5,1.3,-6.7,-11.2,-0.9,-1.9,3.3,6,11,15.7,17.7,17.9,15.3,7.5,-0.4,-5.3,76,79,85,29,12,36,99,59,67,97,21,16
1912,CO,PIPO-L,37.4044,-108.3171,2279,3.5,5.1,5.6,10.4,18.6,24.3,26.4,26,20,13.3,8.4,0.5,-11.3,-8.5,-3.1,-2.2,3.2,7.5,10.3,9.2,2.7,0.6,-5.5,-11.9,-3.9,-1.7,1.2,4.1,10.9,15.9,18.3,17.6,11.3,7,1.4,-5.7,8,8,81,28,6,30,54,51,3,65,9,9
1913,CO,PIPO-L,37.4044,-108.3171,2279,0.5,2.2,4.2,12.8,20.3,24.1,27.7,27,20.3,13.9,8.3,-0.6,-12.7,-9,-7.6,-1.4,3.4,7.4,10.1,10.2,5.3,-0.1,-2,-11.2,-6.1,-3.4,-1.7,5.7,11.8,15.8,18.9,18.6,12.8,6.9,3.2,-5.9,19,62,54,16,14,27,47,34,63,35,76,53
1914,CO,PIPO-L,37.4044,-108.3171,2279,1.6,2.2,8.9,13.3,18.9,24.9,26,26.2,22.3,15.1,11.1,0.2,-8.9,-9.6,-4.5,0.8,4.3,7,10.8,9.7,6.7,2,-4.9,-10.1,-3.6,-3.7,2.2,7,11.6,15.9,18.4,18,14.5,8.5,3.1,-5,49,28,19,28,48,18,60,28,12,83,4,39
1915,CO,PIPO-L,37.4044,-108.3171,2279,-1.2,2.2,6,13.5,15.4,23.1,26.3,25.7,21.2,18.1,8.5,3.4,-12.6,-9.5,-5.7,0.4,1.7,5.7,8.6,8.6,5.7,0.2,-5.8,-7.9,-6.9,-3.6,0.2,6.9,8.6,14.4,17.4,17.2,13.5,9.1,1.3,-2.2,53,57,11,44,44,13,57,29,56,2,36,49
1916,CO,PIPO-L,37.4044,-108.3171,2279,1.4,4.4,10.3,13.6,18.3,25.7,27,24.3,21.5,13.6,8.8,1.8,-9,-7.4,-3.1,-1.1,1,4.8,10.6,9.3,5.6,1.8,-7,-11.1,-3.8,-1.5,3.6,6.3,9.7,15.3,18.8,16.8,13.6,7.7,0.9,-4.7,46,46,77,26,16,2,63,67,38,78,3,37
1917,CO,PIPO-L,37.4044,-108.3171,2279,-1,1.1,4.3,10.4,13.7,25.3,28.7,26.6,23.5,18.8,12.6,7.9,-12.7,-9.4,-9.5,-2.5,1.7,5.5,10.5,8.2,6.2,-0.2,-4.6,-7.3,-6.8,-4.2,-2.6,3.9,7.7,15.4,19.6,17.4,14.9,9.3,4,0.3,40,23,10,28,29,6,48,35,35,2,2,3
1918,CO,PIPO-L,37.4044,-108.3171,2279,0.5,3.8,9.6,11.8,17.7,27.9,26.3,25.6,21.9,15.9,5.4,0.6,-11.5,-8,-3.3,-1.9,1.4,10,10.3,9,5.9,2.9,-6.9,-10.8,-5.5,-2.1,3.2,5,9.5,19,18.3,17.3,13.9,9.4,-0.7,-5.1,42,35,79,16,8,20,71,31,76,28,40,61
1919,CO,PIPO-L,37.4044,-108.3171,2279,-0.3,-0.1,5.1,13.8,19.9,25.6,26.7,27.8,22.4,12.4,8.4,3.9,-15.2,-10.9,-6.7,-0.2,4.4,6.9,11.9,10.1,7.5,-0.7,-5.8,-9.1,-7.7,-5.5,-0.8,6.8,12.2,16.3,19.3,19,14.9,5.8,1.3,-2.6,4,59,45,48,28,13,72,54,48,57,59,30
1920,CO,PIPO-L,37.4044,-108.3171,2279,2.9,5.5,7.1,9.5,18.8,23.8,28,25.5,21.5,13.9,8.4,2.2,-9.1,-5.8,-5.6,-4.3,4,6.6,9.1,7.9,5,0.2,-5.2,-10.4,-3.1,-0.1,0.7,2.6,11.4,15.2,18.5,16.7,13.2,7,1.6,-4.1,59,47,52,41,57,26,21,35,42,43,21,17
1921,CO,PIPO-L,37.4044,-108.3171,2279,3.8,6.4,10.3,11.6,18.6,23.8,27.4,25.4,23.2,17.9,11.1,5.4,-7.5,-8,-3.6,-3.1,2.5,7.2,10.8,10.2,5.1,2.5,-5.3,-6.4,-1.8,-0.8,3.4,4.3,10.6,15.5,19.1,17.8,14.2,10.2,2.9,-0.5,19,7,32,21,32,22,66,80,10,34,14,57
1922,CO,PIPO-L,37.4044,-108.3171,2279,0.3,2,5.8,10.7,18.6,25.9,28.2,26.2,22.8,17.7,6.6,3.8,-12.8,-9.6,-7,-3.3,2.5,7.4,10.2,10.8,6.2,0.2,-6.6,-6.9,-6.2,-3.8,-0.6,3.7,10.5,16.6,19.2,18.5,14.5,8.9,0,-1.5,37,37,56,23,31,11,27,41,14,10,78,50
1923,CO,PIPO-L,37.4044,-108.3171,2279,5.6,3.5,5.2,12,19.5,24.6,28,25.2,20,13.8,8.6,2.1,-8,-9.7,-6.8,-1.9,3.1,5.5,11.2,9.3,5.4,-0.3,-4.8,-8,-1.2,-3.1,-0.8,5,11.3,15,19.6,17.2,12.7,6.8,1.9,-2.9,33,22,32,30,30,6,53,84,41,19,28,49
1924,CO,PIPO-L,37.4044,-108.3171,2279,0.4,5.9,4.4,12.6,19.5,26.7,28.2,27.3,23.2,15.8,10.6,-0.6,-14.7,-6.4,-7,-2.2,3.1,7.2,9.8,7.9,4.9,0.3,-5.5,-11.9,-7.1,-0.3,-1.3,5.2,11.3,16.9,19,17.6,14,8,2.6,-6.3,15,16,65,27,10,7,47,14,34,36,9,71
1925,CO,PIPO-L,37.4044,-108.3171,2279,-0.8,5.1,9.4,14.8,20.8,23.7,28.3,24.1,21,13.6,6.1,2.5,-14.9,-8,-4.3,-0.6,4.9,7.5,11.5,9.4,6.2,0.1,-6.8,-9.5,-7.8,-1.4,2.5,7.1,12.9,15.6,19.9,16.8,13.6,6.8,-0.4,-3.5,9,10,48,20,26,26,66,67,83,77,16,24
1926,CO,PIPO-L,37.4044,-108.3171,2279,0.2,4.9,7.8,11.8,16.3,24.2,26.2,26.8,21.9,16.5,7.3,0.7,-12,-6.9,-4.6,-0.6,3,7,10.7,8.9,5.8,1.3,-5.1,-11.6,-5.9,-1,1.6,5.6,9.6,15.6,18.4,17.9,13.9,8.9,1.1,-5.4,13,20,41,61,56,7,51,25,57,26,25,49
1927,CO,PIPO-L,37.4044,-108.3171,2279,4.3,6,6.1,11.9,18.7,22.2,26.4,23.5,19.2,15.2,7.4,0.5,-8.5,-8.1,-5.4,-1.9,2.2,6.2,10.2,8.8,5.8,-0.1,-4.2,-13.5,-2.1,-1,0.3,5,10.5,14.2,18.3,16.2,12.5,7.6,1.6,-6.5,13,81,50,16,20,25,43,71,88,28,35,44
1928,CO,PIPO-L,37.4044,-108.3171,2279,1.3,2,7.9,11,17.3,23.5,27.9,25.7,23.2,15,6.4,-0.8,-10.7,-7.8,-4.1,-2.3,4.1,4.9,10.4,8.9,4,1.2,-7.5,-11.4,-4.7,-2.9,1.9,4.4,10.7,14.2,19.2,17.3,13.6,8.1,-0.6,-6.1,14,51,47,14,45,8,40,40,15,75,75,31
1929,CO,PIPO-L,37.4044,-108.3171,2279,-1.2,-1,5.8,10.4,17.2,24.8,28.6,26.2,21.8,16.9,8.1,6,-12,-12.1,-6.3,-3.6,2.3,5.2,11.3,10.1,5.8,1.6,-8.6,-9.9,-6.6,-6.6,-0.3,3.4,9.7,15,20,18.2,13.8,9.3,-0.2,-2,45,47,31,40,24,2,81,84,84,30,11,5
1930,CO,PIPO-L,37.4044,-108.3171,2279,-0.7,5.7,7.8,16.6,17.1,26.7,27.3,27.1,23.2,16.8,7.6,3.1,-13.5,-8.2,-6.6,0.5,1.5,6.5,10.6,9.3,4.6,-1.2,-7.9,-12.4,-7.1,-1.2,0.6,8.5,9.3,16.6,19,18.2,13.9,7.8,-0.2,-4.7,73,24,35,43,29,15,59,66,32,11,57,1
1931,CO,PIPO-L,37.4044,-108.3171,2279,4.7,5.6,7.9,14.4,18.6,26,29.3,27.9,23.5,17.2,6.2,-0.3,-11.9,-5.2,-6.9,-1.5,1.9,7.6,11,9.8,7.4,1.9,-7.1,-13.7,-3.6,0.2,0.5,6.4,10.2,16.8,20.1,18.8,15.4,9.5,-0.4,-7,5,62,33,48,18,26,53,26,59,58,70,59
1932,CO,PIPO-L,37.4044,-108.3171,2279,-1.5,4.9,7.1,13.5,18.7,24.2,27.9,27,24.1,16.2,11,-0.9,-15.4,-6.3,-6.1,-2,2.2,5.8,10.4,9.6,4.6,-0.1,-6.9,-12.9,-8.4,-0.7,0.5,5.7,10.5,15,19.2,18.3,14.4,8,2.1,-6.9,26,50,33,45,28,24,57,88,36,38,1,45
1933,CO,PIPO-L,37.4044,-108.3171,2279,-0.1,-0.5,9,10.5,15.9,26.4,28.9,27.4,24.2,18.5,11.5,5.1,-14.5,-16.4,-5.7,-4.4,0.4,7.5,11.1,9.6,7.4,2.4,-5.8,-7,-7.3,-8.4,1.7,3.1,8.2,16.9,20,18.5,15.8,10.4,2.8,-1,44,31,20,52,29,18,42,45,69,34,35,40
1934,CO,PIPO-L,37.4044,-108.3171,2279,5.5,6.8,13,15.7,22.1,25.5,29.4,27.4,22.4,18.5,7.8,2,-8.5,-4.6,-3.2,-0.1,5,5.4,10.9,11.5,4.5,1,-5.5,-8.1,-1.5,1.1,4.9,7.8,13.5,15.5,20.1,19.5,13.5,9.8,1.2,-3,6,63,4,25,38,9,34,43,34,7,51,35
1935,CO,PIPO-L,37.4044,-108.3171,2279,1.5,3.4,5.4,10.5,14.8,25.4,26.2,25.1,22.4,15.5,5.5,0.9,-8.3,-7.2,-6.7,-1.4,1.3,6.3,10.2,10.5,4.8,-1.4,-6.7,-9.7,-3.4,-1.9,-0.7,4.6,8.1,15.8,18.2,17.8,13.6,7.1,-0.6,-4.4,66,52,87,47,48,8,30,68,59,41,28,21
1936,CO,PIPO-L,37.4044,-108.3171,2279,0.4,2.2,7.9,13.2,19.4,26.2,26.5,25.5,22.8,16.3,10.6,4.2,-10.9,-8.3,-5.5,-1.8,3.4,8.5,10.7,10.7,6,0.9,-6.6,-8,-5.2,-3.1,1.2,5.7,11.4,17.3,18.6,18.1,14.4,8.6,2,-1.9,10,58,46,10,45,23,28,95,44,55,13,53
1937,CO,PIPO-L,37.4044,-108.3171,2279,-2.1,2.1,6.6,13.2,20.5,24.6,27.1,28,24.1,17,10.7,3.8,-18.1,-11.8,-6.5,-3.2,3,5.4,9.8,9.5,5.7,0.6,-6.3,-7.6,-10.1,-4.8,0,5,11.7,15,18.5,18.8,14.9,8.8,2.2,-1.9,41,72,59,15,31,12,56,28,50,22,12,44
1938,CO,PIPO-L,37.4044,-108.3171,2279,3,3,5.9,12.6,16.9,24.3,26.7,27.2,22.1,16.3,5.3,4.4,-9.3,-6.9,-4.7,-1.9,1.7,7.1,8.4,9.5,6.8,0.9,-10.5,-9.1,-3.1,-1.9,0.6,5.4,9.3,15.7,17.6,18.4,14.4,8.6,-2.6,-2.3,47,45,88,25,23,45,16,35,71,51,21,27
1939,CO,PIPO-L,37.4044,-108.3171,2279,2.2,-0.5,8.2,14.8,19.8,25.2,27.6,26.5,21.5,14.9,10,5.9,-9.9,-13.9,-5.9,0,2.5,6.2,9.8,9.1,8.4,-0.8,-5.7,-9,-3.9,-7.2,1.2,7.4,11.1,15.7,18.7,17.8,15,7,2.1,-1.5,49,48,59,19,10,5,23,41,79,34,16,12
1940,CO,PIPO-L,37.4044,-108.3171,2279,1,2.4,8.7,12.4,19.7,26.7,28.9,27.3,21.8,16.9,7.1,3.9,-11,-8.4,-4.9,-0.9,3.7,7.8,10.6,9.5,8,1.5,-6.5,-8.1,-5,-3,1.9,5.8,11.7,17.3,19.8,18.4,14.9,9.2,0.3,-2.1,79,73,16,54,21,26,37,51,79,45,51,84
1941,CO,PIPO-L,37.4044,-108.3171,2279,3.4,5.4,7.6,9.6,17.9,21.9,26.7,25.7,20.2,13.9,9.1,4.1,-9.2,-5.2,-4.4,-2.4,4.4,6.1,9.4,9.2,4.8,1.7,-6.2,-8.6,-2.9,0.1,1.6,3.6,11.2,14,18,17.4,12.5,7.8,1.5,-2.3,58,59,85,62,59,38,30,34,88,95,18,50
1942,CO,PIPO-L,37.4044,-108.3171,2279,3.4,1.6,5.4,12.5,17.5,24.6,27.6,26.3,23.3,16.3,10.7,5.5,-12,-11.4,-8,0.2,0.9,5.2,9.5,9.4,4.2,1.1,-6.4,-8.4,-4.3,-4.9,-1.3,6.3,9.2,14.9,18.6,17.8,13.8,8.7,2.2,-1.5,16,46,54,34,21,2,17,20,34,47,8,58
1943,CO,PIPO-L,37.4044,-108.3171,2279,4,7,8.1,16.6,18.4,23.6,27.8,26,23.7,16.2,9.8,3.6,-10.3,-9.3,-5.8,-0.1,1.8,6.2,9.6,11.6,5.5,0.3,-6.9,-7.5,-3.1,-1.1,1.2,8.2,10.1,14.9,18.7,18.8,14.6,8.2,1.5,-2,72,24,74,18,57,29,34,73,36,57,18,29
1944,CO,PIPO-L,37.4044,-108.3171,2279,1.9,3.6,6.1,10,17.4,22.9,26.8,27,23.4,17.3,7,4.2,-10.9,-8.7,-7.5,-3.1,2.8,4.8,8.9,8.5,5,2.7,-5.4,-9.8,-4.5,-2.5,-0.7,3.4,10.1,13.9,17.8,17.7,14.2,10,0.8,-2.8,52,49,54,45,43,14,45,26,45,31,54,52
1945,CO,PIPO-L,37.4044,-108.3171,2279,3.3,5,5.8,10.4,18.4,22.3,27.4,26.9,22.9,16.7,8.3,0.8,-11.1,-6.9,-6.4,-3.9,1.8,4,10.3,11.1,4.9,2.5,-7.6,-13.8,-3.9,-1,-0.3,3.3,10.1,13.2,18.8,19,13.9,9.6,0.4,-6.5,41,39,88,45,9,9,26,37,9,51,12,57
1946,CO,PIPO-L,37.4044,-108.3171,2279,3.2,5.7,9.2,15.7,16.6,26.3,27.9,26.1,23.5,13.9,7.1,7,-12.8,-10,-4.8,1.4,2.3,6.4,11.1,10.5,5.6,-0.3,-5.5,-7.4,-4.8,-2.2,2.2,8.5,9.5,16.3,19.5,18.3,14.6,6.8,0.8,-0.2,15,13,47,50,47,15,56,59,45,67,66,36
1947,CO,PIPO-L,37.4044,-108.3171,2279,1.5,7.4,9,12.4,19.7,22.6,28.5,25.2,24.2,17.2,5.2,3.1,-12.8,-7.3,-5.9,-2.3,3.8,5.5,10.1,10.9,7,2.1,-7.7,-10.4,-5.7,0.1,1.5,5,11.7,14,19.3,18.1,15.6,9.6,-1.2,-3.6,22,30,27,18,64,22,18,104,28,92,38,52
1948,CO,PIPO-L,37.4044,-108.3171,2279,4.3,3,3.9,13.8,19.1,23.3,28,26.8,24.4,16.7,5.8,3.6,-10.7,-8.9,-8.3,-1,3.2,6.4,8.5,9.1,5.6,0.4,-8.9,-9.5,-3.2,-2.9,-2.2,6.4,11.2,14.9,18.2,17.9,15,8.5,-1.5,-2.9,8,57,57,22,37,36,18,63,34,63,9,54
1949,CO,PIPO-L,37.4044,-108.3171,2279,-0.5,1.2,7.6,14.6,17.2,22.9,27.3,27.1,24.3,15.1,13.5,3.8,-12.3,-14.2,-5.4,-1.3,2.8,7,10.4,7.8,5.9,-0.3,-5.3,-11.2,-6.4,-6.5,1.1,6.6,10,14.9,18.9,17.4,15.1,7.4,4.1,-3.7,71,40,48,52,44,43,50,18,30,57,19,34
1950,CO,PIPO-L,37.4044,-108.3171,2279,2.9,7.3,8.2,14.7,17.9,25.3,26.5,26.5,21.1,21.1,11.3,7.6,-11.2,-7.2,-6.2,-1.9,0.4,4.9,9.8,7,4.9,2.2,-5.8,-7.3,-4.1,0,1,6.4,9.2,15.1,18.1,16.8,13,11.7,2.8,0.1,39,38,26,19,15,18,36,15,75,7,29,16
1951,CO,PIPO-L,37.4044,-108.3171,2279,3.9,5,7.9,12.5,18.8,24.1,29.5,26.3,23.7,15.6,6.4,1,-10.1,-8.3,-6.7,-1.1,3.1,4.7,10.7,9.5,4,0.4,-6.6,-11.6,-3.1,-1.6,0.6,5.7,10.9,14.4,20.1,17.9,13.8,8,-0.1,-5.3,51,25,25,48,27,6,43,56,31,51,28,82
1952,CO,PIPO-L,37.4044,-108.3171,2279,2.2,3,4,13.2,18.8,24.8,26.9,26.9,23.7,20.5,6.7,3.1,-10,-10.3,-7.4,-0.5,3.1,7.4,10.1,10.8,6.2,-0.3,-7.9,-10.1,-3.9,-3.6,-1.7,6.4,11,16.1,18.5,18.8,15,10.1,-0.6,-3.5,70,25,45,39,9,25,47,28,42,0,64,38
1953,CO,PIPO-L,37.4044,-108.3171,2279,6.7,5,9.1,11.6,15.7,25.9,27.7,25.9,24.3,16.4,10,2.7,-8.2,-9.6,-5,-2.1,1.3,7.6,11.4,9,4.9,1.3,-4.2,-11.2,-0.7,-2.3,2,4.8,8.5,16.7,19.6,17.4,14.6,8.8,2.9,-4.3,42,13,43,50,16,4,50,39,2,87,46,25
1954,CO,PIPO-L,37.4044,-108.3171,2279,5.6,10.4,6.9,16.8,20.1,25.1,28.1,26.6,22.3,18,12.1,4.6,-8.4,-6.9,-5.9,-0.5,3.8,6.9,12.5,9.1,7.3,2.5,-4.6,-9.6,-1.4,1.8,0.5,8.1,12,16,20.3,17.8,14.8,10.3,3.8,-2.5,28,12,57,14,45,22,65,29,71,35,24,31
1955,CO,PIPO-L,37.4044,-108.3171,2279,2.4,1.4,8,11.8,17.4,23.8,26.9,26.9,24.2,19.2,8.2,4.8,-11.6,-13.3,-6.8,-3.3,2.2,6,9.5,11.2,5.4,0.5,-6.1,-7.4,-4.6,-6,0.6,4.2,9.8,14.9,18.2,19.1,14.8,9.8,1.1,-1.3,40,58,2,27,42,10,35,90,13,2,42,54
1956,CO,PIPO-L,37.4044,-108.3171,2279,6.9,3.3,9.6,13.5,20.7,27.2,27.8,26.1,25.6,17.6,7.3,5.3,-6,-11.1,-6.9,-1.8,3.4,8.1,9.6,7.8,5.3,0.2,-9.1,-11.9,0.5,-3.9,1.3,5.8,12.1,17.6,18.7,16.9,15.5,8.9,-0.9,-3.3,79,17,17,16,21,5,27,25,4,32,17,14
1957,CO,PIPO-L,37.4044,-108.3171,2279,3.1,7.7,8.5,10.9,15.2,24.6,26.5,25.5,23.5,14.2,5.2,5.9,-7.5,-5.4,-4.4,-1.9,2.6,7,10.6,10.6,3.8,3.3,-6.5,-8.7,-2.2,1.2,2,4.5,8.9,15.8,18.6,18,13.7,8.8,-0.6,-1.4,70,35,38,52,64,25,78,97,3,95,85,36
1958,CO,PIPO-L,37.4044,-108.3171,2279,5.2,7.4,5.1,11.3,21.7,26.9,28.1,28.6,22.9,18,9.9,7.8,-10.9,-6.8,-6.2,-2.4,4.2,7.8,8.5,10.1,6.6,0.7,-5.5,-7.9,-2.9,0.3,-0.6,4.5,12.9,17.3,18.3,19.4,14.7,9.4,2.2,0,26,56,69,39,10,21,15,31,43,43,32,7
1959,CO,PIPO-L,37.4044,-108.3171,2279,6.2,4.9,8.9,14.3,18.9,26.8,28.8,26.1,22.3,16.2,9.5,6.3,-10.5,-9.4,-6.8,-1.4,3.3,8.8,9.9,10.3,5,0.6,-6.7,-8.6,-2.1,-2.3,1.1,6.5,11.1,17.8,19.4,18.2,13.6,8.4,1.4,-1.1,12,51,6,45,15,26,25,67,38,106,21,53
1960,CO,PIPO-L,37.4044,-108.3171,2279,1.3,1.6,9.4,14.2,18.9,26.5,28.8,28.9,24.8,15.3,10.3,2.7,-12.8,-11.3,-4.8,-1.8,1.8,7.4,9.9,9.2,7.4,1.7,-5.3,-9.1,-5.7,-4.8,2.3,6.2,10.4,17,19.3,19.1,16.1,8.5,2.5,-3.2,40,60,37,41,27,13,14,21,33,91,24,39
1961,CO,PIPO-L,37.4044,-108.3171,2279,5.1,6.7,7.8,12.9,19.8,27,28.2,26.3,19.9,16,6.8,0.9,-12.3,-8.1,-4.4,-2.2,3,7.7,10,11.1,4.6,0.7,-5.3,-12.8,-3.6,-0.7,1.7,5.3,11.4,17.3,19.1,18.7,12.2,8.3,0.8,-5.9,23,19,89,30,15,6,30,73,61,62,29,24
1962,CO,PIPO-L,37.4044,-108.3171,2279,2.3,5.5,6.1,16,18.6,24.9,27.5,28,22.9,17.5,10.5,6.6,-12.1,-6.5,-7.7,-0.2,2.2,6.4,9.9,8.6,7.1,2.2,-3.2,-8.9,-4.9,-0.5,-0.8,7.9,10.4,15.7,18.7,18.3,15,9.8,3.7,-1.2,23,59,25,18,30,19,17,14,53,70,48,29
1963,CO,PIPO-L,37.4044,-108.3171,2279,-0.5,7,7.8,13.1,21.7,24.4,29.2,25.4,24.3,19.2,10,4.8,-14.7,-7.3,-5.6,-1.7,4.2,6.3,11.5,11.9,7.9,3.5,-4.5,-11.1,-7.6,-0.1,1.1,5.7,13,15.4,20.4,18.6,16.1,11.4,2.7,-3.2,40,30,31,19,7,15,39,85,27,46,29,11
1964,CO,PIPO-L,37.4044,-108.3171,2279,3.5,3.4,5.2,11.1,18.5,24.2,28.3,25.5,21.4,19.7,7.3,2.8,-13.3,-12.9,-7.9,-2.4,3.2,6.3,12,9.9,6.5,0.5,-5.6,-9.3,-4.9,-4.8,-1.3,4.4,10.9,15.3,20.2,17.7,13.9,10.1,0.9,-3.3,15,12,48,58,20,9,67,58,39,0,48,56
1965,CO,PIPO-L,37.4044,-108.3171,2279,3.9,4.4,5.6,11.2,16.4,22.4,26.9,25.7,19.5,18.6,9.9,4.8,-7.7,-10.5,-6.5,-0.8,2.8,6.1,11.6,9.3,5.9,0.8,-2.4,-7.3,-1.9,-3.1,-0.5,5.2,9.6,14.2,19.3,17.5,12.7,9.7,3.8,-1.2,48,41,47,57,48,34,75,58,52,41,81,65
1966,CO,PIPO-L,37.4044,-108.3171,2279,2.2,1.8,10.4,14.7,20.7,25.1,28.8,27.2,23.2,17.2,11.2,3.2,-12.8,-12,-5.7,-1.7,3.8,7.4,12,10.2,6.6,0.7,-3.3,-9.6,-5.3,-5.1,2.3,6.5,12.2,16.2,20.4,18.7,14.9,9,3.9,-3.2,20,30,38,23,39,22,39,37,36,18,36,65
1967,CO,PIPO-L,37.4044,-108.3171,2279,2.7,6.9,11.4,12.3,18.3,22.7,27.9,25.3,22.1,17.9,10.9,0.6,-12.3,-8.9,-3.5,-2.4,2.1,6.6,12.1,9.8,7,0.5,-5.2,-12.2,-4.8,-1,3.9,5,10.2,14.7,20,17.6,14.5,9.2,2.9,-5.8,26,7,14,13,28,32,54,66,27,7,9,74
1968,CO,PIPO-L,37.4044,-108.3171,2279,2.3,6.5,9,10.1,17.5,25.7,26.5,23.2,21.5,16.7,6.5,1.4,-12.8,-6.9,-5.5,-2.6,2.5,6.6,11.1,8.7,4.3,1.3,-4.7,-12.4,-5.2,-0.2,1.7,3.8,10,16.2,18.8,16,12.9,9,0.9,-5.5,34,38,29,35,39,13,55,58,5,34,29,40
1969,CO,PIPO-L,37.4044,-108.3171,2279,3.5,2.9,4.9,14.5,20.3,22.3,27.5,27.5,22.4,11.4,8.1,4.8,-8.4,-9.1,-7.5,-0.9,3.9,6.8,11.9,11.6,7.5,0.8,-6.1,-7.4,-2.4,-3.1,-1.3,6.8,12.1,14.5,19.7,19.6,14.9,6.1,1,-1.3,94,57,52,19,32,36,40,47,65,98,32,19
1970,CO,PIPO-L,37.4044,-108.3171,2279,4,8.3,5.8,9.5,19.7,23.4,28,27.5,20.4,12.4,8.3,3.8,-10.5,-7.5,-6,-3.9,2.2,6.9,11.2,11.5,5.2,-0.2,-4.8,-10,-3.2,0.4,-0.1,2.8,11,15.1,19.6,19.5,12.8,6.1,1.8,-3.1,13,10,71,30,4,29,38,57,81,38,46,31
1971,CO,PIPO-L,37.4044,-108.3171,2279,3.1,5.1,9.4,13.6,17.4,25.8,28.9,27.1,21.8,14.8,7.5,0.9,-11.5,-9.6,-6.6,-2.6,1.4,6.6,10.8,10.9,3.8,0.6,-5.9,-10.4,-4.2,-2.2,1.4,5.5,9.4,16.2,19.8,19,12.8,7.7,0.8,-4.7,15,25,1,33,50,6,29,107,42,79,51,72
1972,CO,PIPO-L,37.4044,-108.3171,2279,4.4,8.2,13.5,14.7,20.4,25.5,29,26.9,22.1,14.5,4.5,1.5,-10.5,-8.7,-4.2,-1.7,1.7,7.8,10.4,9.8,6.3,5,-6,-11.9,-3.1,-0.3,4.6,6.5,11,16.7,19.7,18.4,14.2,9.7,-0.8,-5.2,3,0,7,14,8,35,45,48,48,132,60,78
1973,CO,PIPO-L,37.4044,-108.3171,2279,0.7,3.7,5.3,10.6,18.5,24,27.2,26.6,21.4,17.6,9.5,4.7,-14,-9.1,-5.4,-3.6,2.2,6.4,10.4,9.5,3.7,0,-4.9,-9.9,-6.7,-2.7,0,3.5,10.3,15.2,18.8,18,12.6,8.8,2.3,-2.6,47,29,72,28,45,31,27,35,28,16,27,15
1974,CO,PIPO-L,37.4044,-108.3171,2279,1,2.9,11.5,13.3,22.2,27,27.1,26,23.1,15.7,8.6,2.3,-12.1,-13,-3.8,-3.4,2.9,8,10.7,8.2,5.8,2.8,-5.6,-10.6,-5.5,-5.1,3.8,5,12.6,17.5,18.9,17.1,14.4,9.3,1.5,-4.1,72,8,35,35,6,10,42,17,24,117,47,15
1975,CO,PIPO-L,37.4044,-108.3171,2279,1.2,3.2,5.8,10,16.8,23.7,27.1,26.5,22.3,17.7,10.2,3.7,-12.8,-10.4,-5.9,-4.1,1.3,5.4,11,8.6,5.5,-0.8,-6.6,-10.3,-5.8,-3.6,-0.1,3,9,14.6,19,17.5,13.9,8.5,1.8,-3.3,28,49,99,39,36,7,43,19,29,12,30,39
1976,CO,PIPO-L,37.4044,-108.3171,2279,3.7,7,8.5,13.8,19.8,25.3,28.7,25.8,21.5,15.4,10.3,6,-12.1,-6.3,-7,-1.8,3.4,6.4,10.8,9.1,6.5,-1.3,-7.6,-12.1,-4.2,0.4,0.8,6,11.6,15.8,19.7,17.5,14,7,1.3,-3.1,4,66,20,22,38,5,49,39,67,5,2,2
1977,CO,PIPO-L,37.4044,-108.3171,2279,0.2,6.8,7.5,15.8,18.6,27.6,27.6,27.4,23.9,18.1,9.6,5.6,-14.2,-8.8,-7.9,-1.4,2.1,9.1,12.1,11.6,7.6,0.5,-4.6,-7.2,-7,-1,-0.2,7.2,10.4,18.3,19.9,19.5,15.8,9.3,2.5,-0.8,31,13,8,15,37,15,79,67,30,33,31,21
1978,CO,PIPO-L,37.4044,-108.3171,2279,2.5,3.7,10,13.8,17.1,25.9,29.4,26.1,22.9,18.8,7.8,-0.6,-7.8,-9.4,-3.4,-0.9,1.9,7,10.1,8,6.3,1.7,-3.3,-13.1,-2.7,-2.9,3.3,6.4,9.5,16.5,19.7,17,14.6,10.3,2.3,-6.8,84,54,109,52,55,11,17,12,40,55,92,61
1979,CO,PIPO-L,37.4044,-108.3171,2279,-2.2,3.9,6.7,13.3,18.1,24.6,28.4,26,25.4,19.1,4.7,5.2,-13.7,-10.5,-6.4,-2.3,3,6.6,10.2,9.5,5.9,1.3,-8.3,-8.7,-8,-3.3,0.2,5.5,10.6,15.6,19.3,17.8,15.7,10.2,-1.8,-1.7,75,69,93,21,48,10,25,48,5,30,37,41
1980,CO,PIPO-L,37.4044,-108.3171,2279,2.3,5.1,5.2,12.1,16.2,27,29.1,26.9,23.8,16.7,10,8.5,-6.3,-7.2,-6.8,-2.5,2.2,7.1,11,10.2,5.9,0.1,-5.9,-6.1,-2,-1.1,-0.8,4.8,9.2,17.1,20.1,18.5,14.8,8.4,2,1.2,59,62,72,42,61,2,19,45,44,46,24,10
1981,CO,PIPO-L,37.4044,-108.3171,2279,8.3,8.1,6.9,16.4,17.2,26.9,27.8,26.6,23.2,14.4,10.7,5.3,-8.2,-8.5,-5.4,-0.2,3.2,9,12.3,10.6,7.7,2.3,-4.4,-7.9,0.1,-0.2,0.8,8.1,10.2,17.9,20,18.6,15.4,8.4,3.1,-1.3,9,15,79,41,47,17,77,56,44,72,32,22
1982,CO,PIPO-L,37.4044,-108.3171,2279,1.9,3.1,7.4,12.8,18,24.7,28,26.6,21.5,14.7,6.5,2.7,-11.3,-9.4,-4.5,-1.9,2.9,6.1,10.4,12.2,8.2,-0.9,-4.6,-8.8,-4.7,-3.1,1.4,5.5,10.5,15.4,19.2,19.4,14.9,6.9,1,-3.1,49,33,84,13,47,5,37,89,79,22,82,48
1983,CO,PIPO-L,37.4044,-108.3171,2279,4.1,5.1,7,9.4,17.8,23.2,28.2,27.4,24.1,16.7,7,2.2,-8.8,-6.7,-4,-3.6,1.9,7,11.5,12.3,7,2.2,-5.1,-7.7,-2.3,-0.8,1.5,2.9,9.9,15.1,19.9,19.8,15.5,9.5,1,-2.8,34,56,87,46,28,28,77,56,45,22,86,88
1984,CO,PIPO-L,37.4044,-108.3171,2279,2.6,4.9,8.6,11.5,22.8,24.3,28.8,26.7,23.3,10.6,7.9,3.5,-12.6,-9.6,-6.3,-3.2,4.4,8,12.3,11.4,7.4,0.4,-5.5,-6.5,-5,-2.3,1.1,4.1,13.6,16.1,20.5,19.1,15.3,5.5,1.2,-1.5,19,16,44,40,18,34,37,77,41,96,32,70
1985,CO,PIPO-L,37.4044,-108.3171,2279,2.8,3.5,7.7,15.3,19.2,27.4,28.3,28.3,19.9,16.2,6,3.8,-8.7,-9.8,-4,-0.6,3.6,7.9,11.6,9.6,5.2,2.2,-5,-9.3,-2.9,-3.2,1.8,7.3,11.4,17.6,19.9,18.9,12.5,9.2,0.5,-2.7,28,14,98,58,27,6,63,27,86,55,81,13
1986,CO,PIPO-L,37.4044,-108.3171,2279,7.6,6.6,11.9,13.5,19.6,25.4,26.2,27.6,19,14.4,7.4,4.4,-7.5,-5.3,-3.3,-1,2.5,8.8,10.2,11.1,5.8,1.4,-4.3,-8,0.1,0.7,4.3,6.2,11,17.1,18.2,19.3,12.4,7.9,1.5,-1.8,5,55,40,58,34,23,83,80,87,65,55,21
1987,CO,PIPO-L,37.4044,-108.3171,2279,2.5,4.3,7.5,16.1,18.7,26.9,28,25.9,22.9,18,7.6,2.1,-10.1,-6.6,-6.9,-1.1,3.5,7.8,9.3,10,5,2,-4.8,-9.3,-3.8,-1.2,0.3,7.5,11.1,17.3,18.7,18,14,10,1.4,-3.6,37,73,51,28,49,12,31,83,22,76,78,36
1988,CO,PIPO-L,37.4044,-108.3171,2279,0,5.7,9,14.9,19.6,26.4,28.4,26.5,22.3,19.7,7.7,3.4,-12.3,-9,-7.1,-1.3,2.6,9.6,11,11.5,5.4,2.5,-5.2,-10.3,-6.1,-1.6,1,6.8,11.1,18,19.7,19,13.8,11.1,1.3,-3.4,64,22,12,44,28,17,31,64,34,15,63,49
1989,CO,PIPO-L,37.4044,-108.3171,2279,1.9,4.1,12.5,17.8,21.8,26.3,30,26.8,25,16.7,11.2,5.6,-12.5,-7.5,-3.3,0.1,3.4,7.2,11.1,9.5,6.2,0.4,-6.7,-11.3,-5.3,-1.7,4.6,8.9,12.6,16.8,20.6,18.1,15.6,8.6,2.2,-2.8,40,39,27,3,12,5,48,49,20,33,2,3
1990,CO,PIPO-L,37.4044,-108.3171,2279,1.8,4.8,10.3,15.4,19.6,28.9,27.6,26.5,23.8,16.9,8,-0.2,-11.4,-8.3,-3.6,0.1,2.4,8.5,11.6,9.8,8.6,1,-4.8,-13.6,-4.8,-1.8,3.4,7.8,11,18.7,19.6,18.2,16.2,9,1.6,-6.9,41,24,34,42,49,20,67,61,62,49,62,47
1991,CO,PIPO-L,37.4044,-108.3171,2279,0.7,6.9,6.6,12.2,19.7,24.3,27.5,26.9,22.9,18.4,6.8,0.8,-11.9,-7.9,-5.5,-2.9,2.8,7.6,10.8,10.7,7,1.4,-4.8,-10.1,-5.6,-0.5,0.5,4.6,11.2,15.9,19.2,18.8,15,9.9,1,-4.6,42,17,57,10,30,34,37,60,52,43,87,42
1992,CO,PIPO-L,37.4044,-108.3171,2279,1.8,5.5,9.8,17.5,20.3,25,26.4,25.9,23.6,18.6,4.6,1.5,-12.3,-7.5,-3.1,1.5,5.3,7.3,10.4,9.9,6.5,2.8,-8.3,-11.1,-5.3,-1,3.4,9.5,12.8,16.1,18.4,17.9,15.1,10.7,-1.8,-4.8,29,42,74,18,55,21,52,80,31,24,47,47
1993,CO,PIPO-L,37.4044,-108.3171,2279,3.4,3.9,10.7,13.5,19.1,24,28.2,25,21.9,15.3,6,2.7,-7,-6.8,-4.5,-2.5,3.9,6.4,9.6,10.3,5,1.1,-8.3,-11.4,-1.8,-1.5,3.1,5.5,11.5,15.2,18.9,17.7,13.5,8.2,-1.1,-4.3,73,51,42,20,29,8,5,108,22,45,67,14
1994,CO,PIPO-L,37.4044,-108.3171,2279,4,3.6,11.3,13.6,19.2,27.5,28.7,27.8,22.9,14.6,5.8,4.4,-11.5,-8.9,-3.4,0.5,4,9.5,11.3,12.3,7.3,1.6,-6,-8.7,-3.8,-2.7,3.9,7,11.6,18.5,20,20,15.1,8.1,-0.1,-2.2,19,35,14,50,50,14,27,71,43,46,89,36
1995,CO,PIPO-L,37.4044,-108.3171,2279,2.7,9.4,9.6,12.2,16.2,23.1,26.9,27,22.6,16.9,11.6,4.7,-8.7,-5.4,-3.2,-0.9,2.6,6.7,9.9,11.5,7.3,-0.2,-3.9,-8.9,-3,2,3.2,5.7,9.4,14.9,18.4,19.2,15,8.3,3.9,-2.1,47,36,77,43,52,18,42,38,50,12,32,34
1996,CO,PIPO-L,37.4044,-108.3171,2279,4.2,7,10.5,15.3,22.1,25.9,29,27.4,20.7,14.6,7.8,4.9,-10,-7.3,-4.5,-0.6,4.9,8.6,12.4,11,6.5,1.2,-3.8,-8.3,-2.9,-0.2,3,7.3,13.5,17.3,20.7,19.2,13.6,7.9,2,-1.7,41,59,28,49,32,28,44,31,57,65,56,28
1997,CO,PIPO-L,37.4044,-108.3171,2279,3.7,5.3,10.6,10.9,20,25.1,27.2,25.6,22,15.9,7.9,2.8,-8.4,-8.6,-4.2,-3.9,3.1,7.2,9.7,9.9,7.7,-0.6,-6.1,-10.2,-2.3,-1.7,3.2,3.5,11.6,16.1,18.4,17.8,14.9,7.6,0.9,-3.7,39,26,38,50,32,20,33,63,39,45,38,31
1998,CO,PIPO-L,37.4044,-108.3171,2279,6.4,4.8,8.2,11.1,19.8,24.3,28,27.7,24.5,15.6,9.2,4.3,-7.4,-7.8,-6.1,-3.4,2.3,5.1,11,10.4,7.9,0.9,-5,-11.4,-0.5,-1.5,1,3.9,11.1,14.7,19.5,19,16.2,8.2,2.1,-3.5,29,37,69,36,30,18,88,40,63,59,36,33
1999,CO,PIPO-L,37.4044,-108.3171,2279,7,8.3,12.3,10.8,17.9,25,27,25.2,21,18.2,11.3,5.1,-7.7,-8.5,-4.4,-3.2,1.6,6,10.5,9.2,5,-0.2,-3.9,-10,-0.3,-0.1,4,3.8,9.7,15.5,18.8,17.2,13,9,3.7,-2.5,35,23,42,43,31,24,44,81,49,32,40,20
2000,CO,PIPO-L,37.4044,-108.3171,2279,7,8.1,8.4,16.4,22.4,26.2,29.4,28.1,24,15.4,4.1,5.2,-7.1,-6,-5.1,0.1,4.7,7.9,10.9,11.2,6.4,1.6,-8.3,-8.9,-0.1,1,1.6,8.2,13.5,17.1,20.2,19.6,15.2,8.5,-2.1,-1.9,36,57,70,35,16,20,20,34,25,63,46,16
2001,CO,PIPO-L,37.4044,-108.3171,2279,3.7,6.1,9.5,14.6,22,27.5,28.2,26.6,25.5,18,10.5,3.4,-10.3,-7.7,-4,-0.6,4,7.8,11.6,10.2,7.3,1.7,-3,-9.6,-3.3,-0.8,2.7,7,13,17.7,19.9,18.4,16.4,9.8,3.7,-3.1,34,44,60,32,24,14,73,47,13,41,64,22
2002,CO,PIPO-L,37.4044,-108.3171,2279,4.5,5.6,8.9,17.2,19.7,28.7,29.8,27.7,21.8,15.1,8,4.9,-9.8,-11.1,-7.6,0.2,4,8.6,11.8,9.5,6.7,0.2,-5.7,-8,-2.7,-2.7,0.7,8.7,11.9,18.7,20.8,18.6,14.2,7.6,1.2,-1.6,36,12,39,29,18,6,21,69,56,54,54,26
2003,CO,PIPO-L,37.4044,-108.3171,2279,9,4.8,9,13.9,20.2,25.6,31.6,28,23.1,19.6,6.9,4.8,-6.7,-7.5,-4.7,-1.3,4.4,7.7,13.4,11.3,5.7,2.6,-5.5,-8.3,1.2,-1.4,2.1,6.3,12.3,16.7,22.5,19.6,14.4,11.1,0.7,-1.8,34,67,41,17,39,13,17,27,42,64,65,36
2004,CO,PIPO-L,37.4044,-108.3171,2279,2,2.6,13.1,13.3,20.9,25.9,28.3,26.4,21.6,15.1,6.8,3.5,-11,-10,-2.6,-0.9,4,7.6,10.5,9.1,5.9,1.7,-4.8,-9.3,-4.5,-3.7,5.3,6.2,12.4,16.8,19.4,17.7,13.8,8.4,1,-2.9,32,47,50,46,30,28,31,11,38,62,46,25
2005,CO,PIPO-L,37.4044,-108.3171,2279,4,6.2,8,13.8,20.2,24.3,28.9,26,23.2,16.2,10.2,5.1,-8.3,-5.9,-5.8,-2.2,2.7,6.3,12.4,9.6,7,2.2,-4.8,-9.1,-2.2,0.1,1.1,5.8,11.4,15.3,20.6,17.8,15.1,9.2,2.7,-2,42,76,36,30,39,13,36,48,23,66,38,51
2006,CO,PIPO-L,37.4044,-108.3171,2279,6.6,7.4,8.2,15.8,20.8,27.8,28.7,25.7,19.7,13.9,9.7,2.8,-8.1,-9.3,-5.4,-0.4,5.7,9.1,11.5,9.4,3.9,0.9,-4.9,-9.6,-0.7,-1,1.4,7.7,13.2,18.5,20.1,17.5,11.8,7.4,2.4,-3.4,33,38,58,28,23,23,75,74,67,81,40,21
2007,CO,PIPO-L,37.4044,-108.3171,2279,1.7,6.4,11.3,14.1,20.5,27,29.5,28.2,23.3,17,11.4,1.9,-12.6,-7.6,-4.1,-1.2,2.4,7.9,12.1,11.8,7.4,0.9,-5,-10.3,-5.4,-0.6,3.6,6.4,11.5,17.4,20.8,20,15.3,8.9,3.2,-4.2,62,38,41,45,39,24,61,47,41,20,26,48
2008,CO,PIPO-L,37.4044,-108.3171,2279,1.3,4.2,8.9,13.1,18,25.9,28.6,27.1,23.3,17.3,10.4,3.3,-12.2,-8.7,-6.2,-3.2,1.4,7.3,11.3,10.4,6.1,0.7,-5,-9.9,-5.4,-2.3,1.3,5,9.7,16.6,19.9,18.8,14.7,9,2.7,-3.3,44,42,22,31,27,21,20,66,18,74,52,59
2009,CO,PIPO-L,37.4044,-108.3171,2279,4.3,8,10.5,13.1,21.1,23.7,29.5,27.9,23.2,14.4,10.8,-0.2,-10.6,-6.9,-4.9,-2.2,4.8,7,11.4,9.5,6.4,-0.6,-5.3,-14.2,-3.1,0.5,2.8,5.5,13,15.4,20.4,18.7,14.8,6.9,2.8,-7.2,42,34,30,31,25,33,15,24,34,45,46,27
2010,CO,PIPO-L,37.4044,-108.3171,2279,1.8,2.6,7.5,13.4,18.1,26.6,28.7,25.8,24.7,17.1,7.6,5.5,-10.8,-9.4,-5.8,-1.3,1.6,8.6,12.5,11,7.1,2.9,-6.6,-4.4,-4.5,-3.4,0.9,6,9.9,17.6,20.6,18.4,15.9,10,0.5,0.6,66,54,47,27,13,7,42,67,36,46,24,65
2011,CO,PIPO-L,37.4044,-108.3171,2279,2.2,3.6,10.5,13.5,17,26.4,28.9,29,23,15.9,7.9,3.5,-12,-10.3,-3.7,-1.3,1.9,7.6,12.4,12,7.7,1.5,-5,-9.4,-4.9,-3.4,3.4,6.1,9.4,17,20.6,20.5,15.4,8.7,1.4,-2.9,15,26,32,42,49,2,40,31,35,62,31,33
1901,CO,PIPO-M,37.4338,-108.2804,2467,3.5,4.6,6,10.7,16.3,23.5,28.3,26.7,22.5,16.7,11.2,5.3,-11.4,-7.6,-9.6,-5.4,-0.6,3.4,8.9,10.1,3.5,1.4,-5.3,-10.7,-3.9,-1.5,-1.8,2.7,7.8,13.5,18.6,18.4,13,9.1,2.9,-2.7,21,37,12,34,38,18,39,44,10,39,16,15
1902,CO,PIPO-M,37.4338,-108.2804,2467,4.8,5.6,4.3,14.2,18.8,27.5,26.1,26.3,21.6,15.6,6.6,1.4,-9.2,-9.2,-7.4,-1.9,2,6.3,6.5,8.5,4.6,1,-4.2,-10.7,-2.2,-1.8,-1.5,6.1,10.4,16.9,16.3,17.4,13.1,8.3,1.2,-4.6,34,33,29,9,45,19,28,63,60,26,32,71
1903,CO,PIPO-M,37.4338,-108.2804,2467,0.6,-1.1,5.8,10.3,16,22,25.8,26.5,19.4,16.4,10.6,4.6,-11.3,-13,-5.6,-1.5,1.8,6.6,8.4,8.5,4.6,0.6,-6,-12,-5.3,-7.1,0.1,4.4,8.9,14.3,17.1,17.5,12,8.5,2.3,-3.7,24,50,48,38,45,24,76,49,66,6,3,7
1904,CO,PIPO-M,37.4338,-108.2804,2467,2.3,7.5,9,13.6,17.6,22.8,25.9,24.2,21.3,13.5,10.2,2.5,-12.9,-6.5,-4.2,-1.4,2.5,4.6,6.7,9.4,5.5,-0.3,-7.7,-10.1,-5.3,0.5,2.4,6.1,10,13.7,16.3,16.8,13.4,6.6,1.2,-3.8,7,18,66,21,42,17,30,81,42,70,0,32
1905,CO,PIPO-M,37.4338,-108.2804,2467,0.3,2,7.2,10.4,14.7,23.9,25.2,26.2,20.9,14.4,7.3,0.5,-10,-10.5,-3.5,-2.1,0.6,5.1,6.9,7.9,4.9,-1.4,-5.2,-12.9,-4.8,-4.3,1.8,4.2,7.7,14.5,16,17.1,12.9,6.5,1.1,-6.2,74,66,118,59,40,20,39,25,61,3,102,13
1906,CO,PIPO-M,37.4338,-108.2804,2467,1.5,6.1,6.2,10.8,16.5,23.1,24.3,23.9,19.9,14.7,6.9,5,-11.8,-7.6,-5.4,-2.3,1.9,4,7.9,7.4,4.1,-0.4,-5.1,-5.9,-5.1,-0.7,0.4,4.2,9.2,13.6,16.1,15.7,12,7.1,0.9,-0.4,65,12,92,59,47,5,51,43,75,23,77,88
1907,CO,PIPO-M,37.4338,-108.2804,2467,2.3,8.2,9.1,11.9,13.7,21.1,25.8,23.5,20.8,15.4,7.3,3,-7.3,-4.8,-4.3,-1.3,0.3,2.9,7.7,8.6,4,2.3,-6.5,-10,-2.5,1.7,2.4,5.3,7,12,16.7,16,12.4,8.8,0.4,-3.5,72,38,63,44,55,35,41,111,21,35,36,54
1908,CO,PIPO-M,37.4338,-108.2804,2467,1.9,2.2,8.5,12.5,14.1,22.4,25.9,23.4,20.9,11.9,7.2,1.1,-10.1,-10,-5.8,-2.1,-0.7,3,8.1,7.9,3.8,-1.9,-8,-11.6,-4.1,-3.9,1.3,5.2,6.7,12.7,17,15.7,12.4,5,-0.4,-5.3,45,68,40,57,50,11,50,106,34,60,39,99
1909,CO,PIPO-M,37.4338,-108.2804,2467,3.9,2.5,5.8,10.1,14.9,24.9,26.4,23.5,19.2,16.4,7.1,-3.9,-7.5,-10.7,-7.3,-3.9,-0.1,5.2,8.9,9.6,4.9,0,-5.8,-15.4,-1.8,-4.1,-0.7,3.1,7.4,15.1,17.7,16.6,12,8.2,0.6,-9.7,81,40,50,34,23,11,63,92,74,11,49,88
1910,CO,PIPO-M,37.4338,-108.2804,2467,0.8,2,11.8,13.3,18.7,25.3,27.3,25.5,22.8,14.5,9.1,3.8,-11.1,-10.8,-3.7,-1.9,2,5.6,8.5,8.6,6.2,0.4,-4,-8,-5.2,-4.4,4,5.7,10.4,15.4,17.9,17,14.5,7.5,2.6,-2.1,49,30,29,25,5,23,37,38,25,83,57,32
1911,CO,PIPO-M,37.4338,-108.2804,2467,3.5,3.4,8.4,11.4,17.6,22.7,23.1,24.9,20.8,12.7,5,0.1,-6.4,-8.6,-3.4,-1.8,1.6,5.2,8.6,7.5,6.9,0.1,-8.1,-12.2,-1.4,-2.6,2.5,4.8,9.6,14,15.9,16.2,13.8,6.4,-1.5,-6.1,88,90,96,32,13,41,106,61,72,104,23,19
1912,CO,PIPO-M,37.4338,-108.2804,2467,3.1,4.6,5.1,9.2,17.1,22.6,24.6,24.5,18.7,12.3,7.6,0,-11.9,-9.4,-4.2,-3.4,1.8,5.6,8.3,7.4,1.1,-0.5,-6.7,-12.8,-4.4,-2.4,0.4,2.9,9.5,14.1,16.5,16,9.9,5.9,0.4,-6.4,10,9,89,31,6,34,57,53,4,68,10,10
1913,CO,PIPO-M,37.4338,-108.2804,2467,0.1,1.8,3.8,11.8,18.9,22.5,26,25.4,19,12.9,7.6,-1.1,-13.3,-9.9,-8.6,-2.5,2,5.5,8.1,8.6,3.7,-1.3,-3.3,-12.2,-6.6,-4.1,-2.4,4.6,10.4,14,17.1,17,11.3,5.8,2.1,-6.6,22,71,59,19,14,32,49,37,70,38,81,62
1914,CO,PIPO-M,37.4338,-108.2804,2467,1.3,1.8,8.4,12.2,17.4,23.3,24.3,24.7,21,13.9,10.4,-0.2,-9.6,-10.6,-5.5,-0.4,3,5.2,8.8,8.1,5,0.9,-6.2,-11.1,-4.1,-4.4,1.4,5.9,10.2,14.2,16.6,16.4,13,7.4,2.1,-5.7,57,32,21,32,51,21,62,29,13,85,4,43
1915,CO,PIPO-M,37.4338,-108.2804,2467,-1.6,1.8,5.5,12.3,14,21.4,24.6,24.1,19.9,17,7.4,2.9,-13.1,-10.4,-6.7,-0.8,0.4,3.9,6.6,7,4.2,-0.9,-7,-8.9,-7.3,-4.3,-0.6,5.8,7.2,12.7,15.6,15.5,12,8.1,0.2,-3,61,67,12,50,45,14,58,30,60,2,40,54
1916,CO,PIPO-M,37.4338,-108.2804,2467,1,4,9.7,12.4,16.9,24.2,25.2,22.7,20.1,12.4,8,1.3,-9.7,-8.2,-4.1,-2.2,-0.2,3.1,8.6,7.7,4.1,0.8,-8.1,-12.1,-4.3,-2.1,2.8,5.1,8.3,13.6,16.9,15.2,12.1,6.6,-0.1,-5.4,54,53,82,30,17,2,66,71,41,84,3,43
1917,CO,PIPO-M,37.4338,-108.2804,2467,-1.3,0.7,3.7,9.2,12.2,23.6,26.9,25,22.1,17.7,11.7,7.3,-13.3,-10.2,-10.5,-3.7,0.4,3.7,8.5,6.6,4.7,-1.5,-5.8,-8.3,-7.3,-4.8,-3.4,2.8,6.3,13.6,17.7,15.8,13.4,8.1,3,-0.5,45,26,12,33,30,7,49,37,39,2,3,4
1918,CO,PIPO-M,37.4338,-108.2804,2467,0.1,3.4,9.1,10.7,16.3,26.3,24.5,24,20.6,14.8,4.6,0.1,-12.1,-8.8,-4.3,-3.1,0,8.1,8.4,7.4,4.2,1.7,-8.2,-11.7,-6,-2.7,2.4,3.8,8.2,17.2,16.4,15.7,12.4,8.3,-1.8,-5.8,50,40,90,18,8,22,77,36,82,32,44,68
1919,CO,PIPO-M,37.4338,-108.2804,2467,-0.5,-0.6,4.5,12.5,18.4,23.9,24.9,26.2,21.1,11.3,7.5,3.5,-15.7,-11.7,-7.7,-1.4,3,5,9.8,8.4,5.9,-1.8,-7.1,-10,-8.1,-6.1,-1.6,5.6,10.7,14.5,17.4,17.3,13.5,4.7,0.2,-3.3,4,67,49,54,29,15,78,58,54,62,64,34
1920,CO,PIPO-M,37.4338,-108.2804,2467,2.7,5.1,6.6,8.3,17.3,22.1,26.3,23.9,20.1,12.9,7.5,1.7,-9.8,-6.8,-6.7,-5.6,2.5,4.8,7.1,6.4,3.4,-1,-6.4,-11.3,-3.6,-0.8,0,1.4,9.9,13.5,16.7,15.2,11.7,5.9,0.6,-4.8,65,54,61,48,60,29,24,40,48,48,23,20
1921,CO,PIPO-M,37.4338,-108.2804,2467,3.4,5.9,9.7,10.4,17.1,22.3,25.5,23.8,22,16.8,10.3,4.9,-8.1,-8.9,-4.5,-4.2,1.2,5.4,8.8,8.6,3.5,1.3,-6.5,-7.3,-2.4,-1.5,2.6,3.1,9.2,13.8,17.1,16.2,12.8,9.1,1.9,-1.2,24,9,36,26,34,25,69,85,12,38,16,67
1922,CO,PIPO-M,37.4338,-108.2804,2467,-0.1,1.6,5.3,9.6,17.3,24.4,26.6,24.8,21.7,16.7,5.8,3.3,-13.5,-10.4,-8,-4.5,1.1,5.6,8.1,9.1,4.6,-1,-7.8,-7.9,-6.8,-4.4,-1.3,2.5,9.2,15,17.4,17,13.1,7.8,-1,-2.3,43,43,64,27,32,13,29,47,16,12,84,58
1923,CO,PIPO-M,37.4338,-108.2804,2467,5.2,3.1,4.7,11,18.1,22.9,26.2,23.5,18.6,12.7,7.7,1.6,-8.7,-10.5,-7.7,-3.1,1.8,3.7,9.2,7.7,3.7,-1.4,-6,-9,-1.8,-3.7,-1.5,3.9,10,13.3,17.7,15.6,11.1,5.7,0.8,-3.7,37,25,35,35,32,8,57,92,44,21,32,55
1924,CO,PIPO-M,37.4338,-108.2804,2467,0.1,5.4,3.9,11.4,18,25,26.5,25.7,21.9,14.8,9.8,-1,-15.3,-7.3,-8,-3.5,1.7,5.3,7.8,6.2,3.3,-1,-6.8,-12.8,-7.6,-0.9,-2,4,9.8,15.2,17.2,16,12.6,6.9,1.5,-6.9,18,18,74,31,10,8,50,15,36,39,11,81
1925,CO,PIPO-M,37.4338,-108.2804,2467,-1,4.7,8.9,13.6,19.4,22.1,26.5,22.6,19.7,12.5,5.2,1.9,-15.5,-8.8,-5.3,-1.8,3.5,5.6,9.5,7.8,4.6,-1,-8.1,-10.4,-8.2,-2.1,1.8,5.9,11.4,13.8,18,15.2,12.2,5.8,-1.4,-4.2,12,12,54,23,26,30,71,73,91,85,18,27
1926,CO,PIPO-M,37.4338,-108.2804,2467,-0.3,4.4,7.3,10.7,14.9,22.6,24.4,25.2,20.5,15.3,6.3,0.2,-12.7,-7.6,-5.6,-1.8,1.6,5.1,8.7,7.3,4.3,0.2,-6.2,-12.5,-6.5,-1.6,0.8,4.5,8.2,13.9,16.6,16.2,12.4,7.8,0,-6.1,15,25,46,70,58,7,57,28,63,27,29,54
1927,CO,PIPO-M,37.4338,-108.2804,2467,3.9,5.6,5.6,10.8,17.2,20.7,24.6,22,17.9,14.1,6.6,-0.1,-9.1,-9.1,-6.4,-3.1,0.9,4.4,8.2,7.2,4.2,-1.4,-5.4,-14.5,-2.6,-1.7,-0.4,3.8,9,12.6,16.4,14.6,11.1,6.4,0.6,-7.3,16,93,54,19,21,29,46,76,96,31,38,49
1928,CO,PIPO-M,37.4338,-108.2804,2467,0.9,1.5,7.4,9.8,15.9,21.9,26.2,24.2,21.9,14,5.5,-1.2,-11.4,-8.8,-5.1,-3.5,2.6,3,8.4,7.2,2.4,0,-8.7,-12.5,-5.3,-3.6,1.2,3.2,9.3,12.5,17.3,15.7,12.2,7,-1.6,-6.9,15,58,51,17,47,9,44,44,16,82,79,35
1929,CO,PIPO-M,37.4338,-108.2804,2467,-1.6,-1.4,5.2,9.3,15.9,23.2,26.9,24.7,20.4,15.7,7.2,5.5,-12.7,-13,-7.3,-4.8,0.9,3.5,9.2,8.5,4.2,0.3,-9.8,-10.9,-7.2,-7.2,-1,2.2,8.4,13.4,18.1,16.6,12.3,8,-1.3,-2.7,53,53,34,46,25,2,88,90,93,33,11,6
1930,CO,PIPO-M,37.4338,-108.2804,2467,-1.1,5.4,7.3,15.5,15.7,25.1,25.6,25.6,21.8,15.7,6.7,2.5,-14.2,-9,-7.7,-0.8,0,4.6,8.6,7.6,2.9,-2.4,-9.1,-13.5,-7.6,-1.8,-0.2,7.3,7.9,14.8,17.1,16.6,12.4,6.7,-1.2,-5.5,84,28,38,49,31,18,65,72,36,13,61,1
1931,CO,PIPO-M,37.4338,-108.2804,2467,4.2,5.1,7.3,13.3,17.1,24.2,27.5,26.3,22.1,16,5.4,-0.6,-12.7,-6.2,-7.9,-2.8,0.4,5.7,8.9,8.2,5.6,0.6,-8.3,-14.8,-4.2,-0.5,-0.3,5.3,8.8,15,18.2,17.2,13.9,8.3,-1.5,-7.7,6,70,36,53,19,29,55,28,64,62,77,66
1932,CO,PIPO-M,37.4338,-108.2804,2467,-1.8,4.5,6.5,12.3,17.2,22.5,26.1,25.5,22.7,15,10,-1.3,-16.1,-7.3,-7.2,-3.3,0.7,4,8.4,7.8,3,-1.3,-8.1,-14,-8.9,-1.4,-0.4,4.5,9,13.3,17.2,16.7,12.8,6.8,1,-7.6,30,60,36,52,29,26,59,95,40,42,1,49
1933,CO,PIPO-M,37.4338,-108.2804,2467,-0.4,-0.8,8.5,9.4,14.4,24.8,27.1,25.9,22.9,17.4,10.6,4.6,-15.1,-17.3,-6.7,-5.6,-1,5.6,9.1,7.9,5.8,1.1,-7,-8.1,-7.7,-9.1,0.9,1.9,6.7,15.2,18.1,16.9,14.3,9.2,1.8,-1.7,50,35,22,58,31,20,45,49,75,37,39,46
1934,CO,PIPO-M,37.4338,-108.2804,2467,5,6.4,12.4,14.6,20.7,23.9,27.7,25.9,21,17.5,7,1.5,-9.3,-5.5,-4.2,-1.3,3.5,3.5,8.8,9.9,2.9,-0.2,-6.8,-9.2,-2.1,0.4,4.1,6.6,12.1,13.7,18.3,17.9,11.9,8.6,0.1,-3.8,6,72,4,28,38,11,37,48,37,7,54,39
1935,CO,PIPO-M,37.4338,-108.2804,2467,1.2,3.1,4.9,9.5,13.3,23.8,24.5,23.7,21,14.4,4.6,0.4,-9.2,-8.3,-7.8,-2.7,0,4.4,8.2,8.8,3.1,-2.6,-8,-10.8,-4,-2.6,-1.4,3.4,6.7,14.1,16.4,16.2,12.1,5.9,-1.7,-5.2,75,57,96,55,52,8,33,76,62,45,30,23
1936,CO,PIPO-M,37.4338,-108.2804,2467,0.1,1.7,7.4,12.1,18.1,24.6,24.8,24,21.5,15.1,9.7,3.7,-11.6,-9.2,-6.6,-3.1,1.9,6.6,8.7,9,4.4,-0.4,-7.8,-9.1,-5.8,-3.8,0.4,4.5,10,15.6,16.8,16.5,13,7.4,0.9,-2.7,12,66,51,12,46,26,31,102,46,60,14,61
1937,CO,PIPO-M,37.4338,-108.2804,2467,-2.4,1.8,6.1,12,19,23.1,25.4,26.5,22.7,15.9,9.8,3.4,-18.7,-12.8,-7.6,-4.4,1.6,3.6,7.8,7.8,4.1,-0.5,-7.4,-8.7,-10.6,-5.5,-0.7,3.8,10.3,13.3,16.6,17.2,13.4,7.7,1.2,-2.7,47,83,64,17,32,13,60,31,55,25,14,51
1938,CO,PIPO-M,37.4338,-108.2804,2467,2.6,2.6,5.4,11.5,15.4,22.7,25,25.7,20.5,15,4.3,3.9,-10.1,-7.9,-5.7,-3.1,0.4,5.3,6.4,7.8,5.1,-0.3,-11.6,-10.3,-3.8,-2.6,-0.1,4.2,7.9,14,15.7,16.8,12.8,7.4,-3.7,-3.2,53,52,100,29,24,52,17,39,77,57,25,30
1939,CO,PIPO-M,37.4338,-108.2804,2467,1.7,-0.9,7.6,13.6,18.2,23.5,25.9,25,20,13.7,9.1,5.4,-10.7,-14.8,-6.9,-1.1,1.1,4.5,7.8,7.4,6.8,-2,-6.9,-10,-4.5,-7.9,0.4,6.2,9.6,14,16.8,16.2,13.4,5.8,1.1,-2.3,57,56,64,21,11,5,24,44,85,38,16,14
1940,CO,PIPO-M,37.4338,-108.2804,2467,0.5,1.9,8.1,11.2,18.1,25,27.2,25.8,20.4,15.8,6.3,3.6,-11.7,-9.4,-5.9,-2,2.3,6,8.7,7.9,6.4,0.4,-7.7,-9.2,-5.6,-3.8,1.1,4.6,10.2,15.5,17.9,16.9,13.4,8.1,-0.7,-2.8,91,84,17,64,22,28,39,54,88,49,54,95
1941,CO,PIPO-M,37.4338,-108.2804,2467,3,5,7.1,8.5,16.5,20.3,24.9,24.2,18.8,12.8,8.3,3.7,-10,-6.2,-5.4,-3.6,3.1,4.3,7.4,7.6,3.3,0.6,-7.4,-9.6,-3.5,-0.6,0.9,2.4,9.8,12.3,16.2,15.9,11,6.7,0.4,-2.9,65,67,94,71,62,44,31,37,96,103,20,56
1942,CO,PIPO-M,37.4338,-108.2804,2467,3,1.2,4.9,11.3,16.1,22.9,25.8,24.7,21.9,15.1,9.8,5,-12.6,-12.3,-9,-1,-0.4,3.4,7.6,7.8,2.6,-0.1,-7.5,-9.4,-4.8,-5.6,-2,5.1,7.8,13.1,16.7,16.2,12.3,7.5,1.1,-2.2,19,53,60,39,20,2,18,21,37,51,10,66
1943,CO,PIPO-M,37.4338,-108.2804,2467,3.6,6.6,7.6,15.5,16.9,22,26.1,24.4,22.3,15,8.9,3.1,-11,-10.2,-6.9,-1.3,0.5,4.4,7.7,9.9,3.9,-0.9,-8,-8.6,-3.7,-1.8,0.3,7.1,8.7,13.2,16.9,17.2,13.1,7,0.5,-2.7,84,26,83,21,60,31,39,80,38,65,20,32
1944,CO,PIPO-M,37.4338,-108.2804,2467,1.6,3.2,5.5,8.9,16,21.3,25,25.4,22,16.1,6,3.7,-11.5,-9.5,-8.4,-4.4,1.4,3,6.9,6.9,3.5,1.6,-6.5,-10.8,-4.9,-3.2,-1.5,2.3,8.7,12.1,15.9,16.1,12.7,8.8,-0.3,-3.6,59,56,61,52,44,17,48,27,50,34,58,60
1945,CO,PIPO-M,37.4338,-108.2804,2467,2.8,4.5,5.2,9.2,16.9,20.6,25.5,25.3,21.4,15.6,7.4,0.4,-11.8,-7.8,-7.4,-5,0.4,2.3,8.3,9.5,3.4,1.4,-8.7,-14.8,-4.5,-1.6,-1.1,2.1,8.7,11.4,16.9,17.4,12.4,8.5,-0.7,-7.2,46,46,97,53,10,10,29,38,10,55,15,65
1946,CO,PIPO-M,37.4338,-108.2804,2467,2.8,5.2,8.7,14.6,15.1,24.6,26.2,24.6,22.2,12.8,6.3,6.5,-13.6,-10.8,-5.8,0.2,1,4.6,9.1,8.8,4,-1.4,-6.7,-8.4,-5.4,-2.8,1.4,7.4,8,14.6,17.6,16.7,13.1,5.7,-0.2,-1,18,15,53,57,49,17,59,65,48,74,72,40
1947,CO,PIPO-M,37.4338,-108.2804,2467,1.1,6.9,8.4,11.2,18.3,20.9,26.7,23.7,22.8,16.1,4.3,2.6,-13.6,-8.1,-6.9,-3.5,2.3,3.6,8.1,9.3,5.4,0.9,-8.9,-11.4,-6.2,-0.6,0.7,3.9,10.3,12.3,17.4,16.5,14.1,8.5,-2.3,-4.4,26,35,31,22,67,26,21,113,31,102,40,57
1948,CO,PIPO-M,37.4338,-108.2804,2467,3.9,2.6,3.4,12.7,17.7,21.7,26.3,25.3,23,15.6,4.9,3.1,-11.4,-9.7,-9.3,-2.2,1.8,4.5,6.5,7.4,4,-0.8,-10.2,-10.4,-3.8,-3.5,-3,5.2,9.8,13.1,16.4,16.4,13.5,7.4,-2.6,-3.7,10,65,65,26,39,42,19,69,36,66,10,63
1949,CO,PIPO-M,37.4338,-108.2804,2467,-0.9,0.8,7.1,13.4,15.8,21.3,25.6,25.5,23,13.9,12.6,3.3,-13.1,-15.1,-6.4,-2.5,1.4,5.1,8.4,6.2,4.3,-1.5,-6.4,-12.1,-7,-7.1,0.3,5.5,8.6,13.2,17,15.9,13.6,6.2,3.1,-4.4,82,45,54,60,46,50,53,21,32,64,21,39
1950,CO,PIPO-M,37.4338,-108.2804,2467,2.5,6.9,7.6,13.5,16.5,23.7,24.7,25,19.7,20,10.5,7,-11.8,-8.1,-7.2,-3.1,-1,3.1,7.8,5.3,3.4,1.1,-7,-8.3,-4.7,-0.6,0.2,5.2,7.8,13.4,16.3,15.2,11.5,10.5,1.7,-0.7,46,43,29,23,15,21,36,16,80,7,34,21
1951,CO,PIPO-M,37.4338,-108.2804,2467,3.4,4.6,7.3,11.4,17.3,22.5,27.8,24.9,22.4,14.5,5.6,0.5,-10.8,-9.1,-7.7,-2.4,1.7,2.8,8.6,7.8,2.4,-0.8,-7.8,-12.5,-3.7,-2.2,-0.2,4.5,9.5,12.6,18.2,16.3,12.4,6.9,-1.1,-6,59,28,28,54,28,7,46,59,33,54,32,96
1952,CO,PIPO-M,37.4338,-108.2804,2467,1.8,2.6,3.4,12.1,17.3,23.2,25.1,25.3,22.3,19.3,5.8,2.6,-10.7,-11.2,-8.4,-1.7,1.8,5.7,8.2,9.1,4.7,-1.3,-9.1,-11.1,-4.4,-4.3,-2.5,5.2,9.6,14.5,16.6,17.2,13.5,9,-1.6,-4.3,80,29,50,44,9,27,48,30,46,0,69,44
1953,CO,PIPO-M,37.4338,-108.2804,2467,6.3,4.5,8.5,10.4,14.2,24.2,25.9,24.3,22.9,15.3,9.1,2.2,-8.9,-10.5,-6,-3.3,-0.1,5.8,9.4,7.4,3.3,0.1,-5.4,-12.2,-1.3,-3,1.3,3.6,7.1,15,17.7,15.9,13.1,7.7,1.9,-5,48,15,48,56,18,4,54,43,2,96,49,28
1954,CO,PIPO-M,37.4338,-108.2804,2467,5.2,9.9,6.3,15.6,18.6,23.5,26.3,25,20.9,16.8,11.2,4.1,-9,-7.6,-6.9,-1.7,2.5,5.2,10.5,7.6,5.8,1.4,-5.7,-10.6,-1.9,1.1,-0.3,7,10.5,14.3,18.4,16.3,13.3,9.1,2.7,-3.2,32,13,62,16,47,25,70,33,79,39,26,35
1955,CO,PIPO-M,37.4338,-108.2804,2467,1.9,0.9,7.3,10.6,15.9,22.1,25.1,25.3,22.8,18,7.3,4.3,-12.3,-14.2,-7.8,-4.5,0.9,4.3,7.6,9.5,3.9,-0.6,-7.3,-8.4,-5.2,-6.7,-0.2,3.1,8.4,13.2,16.3,17.4,13.3,8.7,0,-2,47,67,3,31,42,11,38,97,13,2,46,62
1956,CO,PIPO-M,37.4338,-108.2804,2467,6.4,2.8,9,12.4,19.3,25.5,26.1,24.5,24.3,16.5,6.4,4.8,-6.8,-12,-8,-3,2,6.2,7.5,6.1,3.8,-1,-10.4,-12.9,-0.2,-4.6,0.5,4.7,10.7,15.9,16.8,15.3,14.1,7.8,-2,-4.1,91,21,19,19,22,6,29,24,5,35,19,17
1957,CO,PIPO-M,37.4338,-108.2804,2467,2.6,7.3,7.9,9.7,13.7,23,24.8,24,22.2,13.1,4.4,5.4,-8.3,-6.3,-5.5,-3.1,1.2,5.2,8.6,8.8,2.2,2.1,-7.8,-9.8,-2.8,0.5,1.2,3.3,7.4,14.1,16.7,16.4,12.2,7.6,-1.7,-2.2,80,40,43,61,68,28,84,105,4,103,93,40
1958,CO,PIPO-M,37.4338,-108.2804,2467,4.7,7,4.5,10.1,20.2,25.3,26.4,27.1,21.5,16.9,9,7.3,-11.6,-7.7,-7.3,-3.6,2.8,5.9,6.5,8.5,5.1,-0.4,-6.7,-8.8,-3.5,-0.4,-1.4,3.3,11.5,15.6,16.5,17.8,13.3,8.3,1.1,-0.8,31,64,75,44,10,22,15,34,46,46,35,8
1959,CO,PIPO-M,37.4338,-108.2804,2467,5.7,4.4,8.3,13.2,17.5,25.2,27.1,24.5,20.9,15,8.6,5.8,-11.1,-10.3,-7.7,-2.6,1.9,7,7.9,8.7,3.5,-0.5,-7.9,-9.5,-2.7,-3,0.3,5.3,9.7,16.1,17.5,16.6,12.2,7.3,0.4,-1.8,15,59,6,51,15,28,28,71,44,115,23,61
1960,CO,PIPO-M,37.4338,-108.2804,2467,0.9,1.2,8.8,13.1,17.5,24.9,27.1,27.4,23.4,14.2,9.4,2.3,-13.5,-12.3,-5.8,-3,0.5,5.6,7.9,7.6,5.9,0.5,-6.5,-10.1,-6.3,-5.6,1.5,5.1,9,15.2,17.5,17.5,14.6,7.4,1.5,-3.9,45,69,42,48,29,15,16,23,37,98,27,44
1961,CO,PIPO-M,37.4338,-108.2804,2467,4.7,6.2,7.3,11.7,18.4,25.4,26.5,24.8,18.5,14.9,5.9,0.5,-13,-9,-5.4,-3.4,1.7,5.8,8.1,9.5,3,-0.5,-6.6,-13.6,-4.2,-1.4,0.9,4.1,10.1,15.6,17.3,17.2,10.8,7.2,-0.3,-6.5,26,22,98,34,17,7,31,78,66,67,32,27
1962,CO,PIPO-M,37.4338,-108.2804,2467,2,5,5.5,14.9,17.2,23.3,25.8,26.5,21.6,16.4,9.6,6.1,-12.7,-7.4,-8.7,-1.4,0.9,4.6,7.9,7,5.5,1.1,-4.3,-9.9,-5.4,-1.2,-1.6,6.7,9.1,13.9,16.9,16.7,13.5,8.7,2.6,-1.9,28,68,28,21,33,21,19,17,58,75,51,32
1963,CO,PIPO-M,37.4338,-108.2804,2467,-0.8,6.6,7.2,12,20.2,22.8,27.4,23.8,23,18.1,9.1,4.3,-15.3,-8.2,-6.6,-2.8,2.9,4.5,9.5,10.2,6.4,2.4,-5.6,-12,-8.1,-0.8,0.3,4.6,11.6,13.6,18.5,17,14.7,10.3,1.7,-3.9,46,34,36,22,8,17,42,92,30,49,31,12
1964,CO,PIPO-M,37.4338,-108.2804,2467,3,2.8,4.7,10,17.1,22.6,26.6,23.9,20,18.7,6.4,2.2,-14,-13.8,-8.9,-3.7,1.8,4.5,10,8.3,4.9,-0.6,-6.8,-10.4,-5.5,-5.5,-2.1,3.2,9.5,13.6,18.3,16.1,12.5,9,-0.2,-4.1,19,13,54,67,22,11,73,63,43,0,57,67
1965,CO,PIPO-M,37.4338,-108.2804,2467,3.5,4,5,10.1,15,20.8,25.2,24.2,18.1,17.6,9,4.4,-8.5,-11.4,-7.5,-2.1,1.4,4.2,9.7,7.7,4.3,-0.3,-3.6,-8.3,-2.5,-3.7,-1.3,4,8.2,12.5,17.4,15.9,11.2,8.6,2.7,-2,54,45,54,67,50,38,80,61,56,44,89,74
1966,CO,PIPO-M,37.4338,-108.2804,2467,1.8,1.4,9.8,13.5,19.3,23.5,27,25.7,21.8,16.1,10.3,2.7,-13.6,-13,-6.7,-2.9,2.4,5.6,10,8.5,5,-0.4,-4.5,-10.6,-5.9,-5.8,1.6,5.3,10.8,14.5,18.5,17.1,13.4,7.8,2.9,-4,23,33,42,26,40,25,40,40,39,20,39,76
1967,CO,PIPO-M,37.4338,-108.2804,2467,2.3,6.5,10.8,11.2,16.8,21.1,26.1,23.8,20.8,16.8,10,0.2,-12.9,-9.7,-4.4,-3.6,0.8,4.8,10.1,8.1,5.4,-0.6,-6.3,-13.2,-5.3,-1.6,3.2,3.8,8.8,13,18.1,16,13.1,8.1,1.9,-6.5,30,9,16,16,29,36,57,72,32,8,11,85
1968,CO,PIPO-M,37.4338,-108.2804,2467,2,6.1,8.4,9,16.1,24.1,24.8,21.8,20.2,15.7,5.6,1,-13.3,-7.8,-6.5,-3.9,1.1,4.8,9,7.1,2.8,0.2,-5.9,-13.3,-5.7,-0.9,0.9,2.5,8.6,14.5,16.9,14.4,11.5,7.9,-0.2,-6.2,40,43,31,41,41,14,60,62,6,38,31,45
1969,CO,PIPO-M,37.4338,-108.2804,2467,3.2,2.5,4.3,13.3,19,20.6,25.7,25.9,21,10.3,7.3,4.3,-9,-10.1,-8.5,-2.1,2.5,4.9,9.9,10,5.9,-0.4,-7.3,-8.4,-2.9,-3.8,-2.1,5.6,10.7,12.8,17.8,17.9,13.4,4.9,0,-2.1,110,67,55,22,33,41,44,52,73,109,35,21
1970,CO,PIPO-M,37.4338,-108.2804,2467,3.6,7.9,5.2,8.3,18.3,21.7,26.2,26,19,11.3,7.4,3.3,-11.2,-8.4,-7,-5.1,0.9,5.1,9.2,9.8,3.6,-1.4,-6,-11,-3.8,-0.3,-0.9,1.6,9.6,13.4,17.7,17.9,11.3,4.9,0.7,-3.9,15,12,77,34,5,32,40,62,89,44,51,35
1971,CO,PIPO-M,37.4338,-108.2804,2467,2.7,4.6,8.8,12.4,16,24.2,27.1,25.5,20.4,13.7,6.7,0.5,-12.1,-10.4,-7.5,-3.7,0.1,4.8,8.8,9.3,2.3,-0.5,-7.1,-11.3,-4.7,-2.9,0.6,4.3,8,14.5,18,17.4,11.3,6.6,-0.2,-5.4,17,30,2,38,52,7,30,115,46,85,56,83
1972,CO,PIPO-M,37.4338,-108.2804,2467,3.9,7.6,12.9,13.5,18.9,23.9,27.3,25.3,20.7,13.3,3.6,1.1,-11.3,-9.5,-5.1,-2.8,0.4,6,8.5,8.2,4.7,3.8,-7.3,-12.9,-3.7,-1,3.9,5.3,9.6,15,17.9,16.7,12.7,8.6,-1.9,-5.9,3,0,8,16,9,40,47,51,52,144,65,90
1973,CO,PIPO-M,37.4338,-108.2804,2467,0.5,3.4,4.8,9.4,17,22.4,25.4,25,20.1,16.5,8.6,4.2,-14.5,-9.9,-6.4,-4.9,0.8,4.6,8.4,7.9,2.3,-1,-6,-10.9,-7,-3.3,-0.8,2.2,8.9,13.5,16.9,16.4,11.2,7.7,1.3,-3.3,52,33,80,32,48,35,29,39,30,17,29,19
1974,CO,PIPO-M,37.4338,-108.2804,2467,0.7,2.6,10.9,12.1,20.8,25.3,25.3,24.4,21.7,14.7,7.8,1.8,-12.8,-13.9,-4.7,-4.5,1.6,6.2,8.8,6.7,4.3,1.7,-6.8,-11.6,-6,-5.6,3.1,3.8,11.2,15.8,17.1,15.6,13,8.2,0.5,-4.9,83,9,38,42,6,11,46,19,26,126,50,17
1975,CO,PIPO-M,37.4338,-108.2804,2467,0.8,2.8,5.2,8.8,15.3,22.1,25.4,24.9,21,16.7,9.2,3.3,-13.4,-11.3,-6.9,-5.3,0,3.6,9,6.9,3.9,-1.9,-7.8,-11.2,-6.3,-4.3,-0.8,1.8,7.6,12.8,17.2,15.9,12.5,7.4,0.7,-3.9,33,57,109,47,38,8,47,21,32,14,34,44
1976,CO,PIPO-M,37.4338,-108.2804,2467,3.4,6.5,7.9,12.6,18.3,23.7,26.9,24.2,20.1,14.3,9.5,5.5,-12.7,-7.1,-7.9,-2.9,2,4.5,8.8,7.4,4.9,-2.5,-8.8,-12.9,-4.7,-0.3,0,4.9,10.2,14.1,17.9,15.8,12.5,5.9,0.3,-3.7,6,77,24,26,39,6,52,44,73,7,2,2
1977,CO,PIPO-M,37.4338,-108.2804,2467,0,6.4,6.9,14.6,17.2,25.9,25.8,25.8,22.5,17,8.7,5,-14.8,-9.6,-8.9,-2.5,0.8,7.3,10.2,9.9,6.1,-0.5,-5.7,-8.1,-7.4,-1.6,-1,6,9,16.6,18,17.9,14.3,8.2,1.5,-1.5,35,15,9,18,38,16,84,72,33,38,35,26
1978,CO,PIPO-M,37.4338,-108.2804,2467,2.1,3.3,9.4,12.6,15.7,24.3,27.6,24.6,21.6,17.7,7,-1,-8.5,-10.3,-4.4,-2,0.5,5.2,8.2,6.5,4.8,0.6,-4.5,-14,-3.2,-3.5,2.5,5.3,8.1,14.8,17.9,15.5,13.2,9.2,1.2,-7.5,96,61,121,59,58,12,19,15,44,59,99,69
1979,CO,PIPO-M,37.4338,-108.2804,2467,-2.6,3.6,6.1,12.1,16.6,23,26.7,24.5,24.1,18,3.8,4.8,-14.4,-11.3,-7.3,-3.5,1.7,4.9,8.3,7.9,4.4,0.3,-9.5,-9.6,-8.5,-3.9,-0.6,4.3,9.2,14,17.5,16.2,14.3,9.1,-2.9,-2.4,87,77,102,24,50,11,27,52,5,33,40,45
1980,CO,PIPO-M,37.4338,-108.2804,2467,1.9,4.7,4.7,11,14.8,25.4,27.4,25.4,22.5,15.6,9.1,8.1,-7.1,-8.1,-7.8,-3.7,0.9,5.5,9.1,8.6,4.4,-1,-7,-6.9,-2.6,-1.7,-1.5,3.7,7.8,15.4,18.2,17,13.4,7.3,1.1,0.6,67,72,83,48,65,2,22,51,47,51,26,12
1981,CO,PIPO-M,37.4338,-108.2804,2467,7.9,7.7,6.4,15.2,15.8,25.3,26,25,21.8,13.3,9.8,4.8,-8.8,-9.3,-6.4,-1.3,1.9,7.2,10.4,9,6.2,1.2,-5.5,-8.8,-0.5,-0.8,0,7,8.8,16.2,18.2,17,14,7.2,2.1,-2,10,16,86,46,51,19,85,60,49,81,33,27
1982,CO,PIPO-M,37.4338,-108.2804,2467,1.4,2.8,6.8,11.6,16.6,23.1,26.2,25,20.1,13.6,5.6,2.2,-12,-10.2,-5.4,-3.1,1.6,4.4,8.4,10.6,6.7,-2,-5.8,-9.8,-5.3,-3.7,0.7,4.3,9.1,13.7,17.3,17.8,13.4,5.8,-0.1,-3.8,58,38,93,15,49,6,39,99,88,24,88,54
1983,CO,PIPO-M,37.4338,-108.2804,2467,3.7,4.7,6.5,8.3,16.3,21.6,26.5,25.8,22.7,15.7,6.1,1.7,-9.4,-7.6,-4.9,-4.8,0.6,5.2,9.6,10.7,5.5,1.1,-6.3,-8.7,-2.8,-1.5,0.8,1.7,8.5,13.4,18,18.2,14.1,8.4,-0.1,-3.5,37,64,95,52,30,32,83,62,48,24,94,102
1984,CO,PIPO-M,37.4338,-108.2804,2467,2.2,4.5,8,10.3,21.3,22.7,27,25.1,21.9,9.5,7,3.1,-13.3,-10.5,-7.2,-4.4,3.1,6.2,10.4,9.9,5.9,-0.7,-6.6,-7.5,-5.5,-3,0.4,2.9,12.2,14.4,18.7,17.5,13.9,4.4,0.2,-2.2,21,19,49,45,19,39,40,85,47,107,34,80
1985,CO,PIPO-M,37.4338,-108.2804,2467,2.4,3.1,7.1,14.2,17.7,25.7,26.5,26.7,18.6,15.1,5.1,3.4,-9.5,-10.7,-5,-1.8,2.2,6.1,9.6,8,3.7,1.1,-6.2,-10.3,-3.5,-3.8,1.1,6.2,10,15.9,18.1,17.4,11.1,8.1,-0.5,-3.5,31,16,109,66,28,7,68,29,96,61,89,16
1986,CO,PIPO-M,37.4338,-108.2804,2467,7.2,6.1,11.4,12.3,18.1,23.8,24.5,26,17.7,13.3,6.4,3.9,-8.1,-6.1,-4.3,-2.2,1.1,7,8.3,9.5,4.3,0.3,-5.5,-9,-0.5,0,3.5,5.1,9.6,15.4,16.4,17.8,11,6.8,0.5,-2.5,5,64,43,68,37,27,89,84,97,70,58,23
1987,CO,PIPO-M,37.4338,-108.2804,2467,2.1,3.9,6.9,15,17.3,25.3,26.3,24.3,21.5,16.9,6.7,1.6,-10.8,-7.5,-7.9,-2.3,2.2,6,7.4,8.4,3.5,0.9,-6,-10.2,-4.3,-1.8,-0.5,6.3,9.7,15.6,16.9,16.4,12.5,8.9,0.4,-4.3,44,85,57,31,53,14,33,91,25,82,85,40
1988,CO,PIPO-M,37.4338,-108.2804,2467,-0.3,5.4,8.4,13.8,18.2,24.8,26.7,25,21,18.6,6.7,3,-13,-9.9,-8,-2.4,1.3,7.9,9.1,9.9,3.9,1.4,-6.3,-11.3,-6.6,-2.3,0.2,5.7,9.7,16.3,17.9,17.5,12.4,10,0.2,-4.1,75,25,14,50,29,19,37,69,39,17,70,60
1989,CO,PIPO-M,37.4338,-108.2804,2467,1.6,3.7,12,16.5,20.3,24.7,28.3,25.3,23.7,15.7,10.3,5.1,-13.1,-8.3,-4.2,-1,2.1,5.5,9.2,7.9,4.7,-0.7,-7.7,-12.1,-5.8,-2.3,3.9,7.8,11.2,15.1,18.7,16.6,14.2,7.5,1.3,-3.5,47,48,31,4,12,6,51,54,22,37,2,4
1990,CO,PIPO-M,37.4338,-108.2804,2467,1.5,4.4,9.8,14.3,18.2,27.3,25.8,25,22.4,15.9,7.2,-0.5,-12,-9.1,-4.5,-1,1.1,6.8,9.7,8.2,7.1,-0.1,-5.9,-14.5,-5.3,-2.4,2.6,6.6,9.6,17.1,17.7,16.6,14.8,7.9,0.6,-7.5,45,27,39,48,50,23,72,66,70,54,67,52
1991,CO,PIPO-M,37.4338,-108.2804,2467,0.5,6.7,6.1,11,18.3,22.7,25.8,25.4,21.6,17.3,5.9,0.5,-12.5,-8.7,-6.5,-4.1,1.5,5.8,8.8,9,5.4,0.3,-6,-11.1,-6,-1,-0.2,3.5,9.9,14.2,17.3,17.2,13.5,8.8,-0.1,-5.3,48,19,64,12,31,38,40,66,58,46,96,48
1992,CO,PIPO-M,37.4338,-108.2804,2467,1.6,5.1,9.3,16.4,18.9,23.4,24.7,24.4,22.3,17.6,3.7,1.1,-13,-8.4,-4,0.3,3.9,5.5,8.4,8.2,5,1.6,-9.4,-12,-5.7,-1.6,2.6,8.3,11.4,14.4,16.6,16.3,13.6,9.6,-2.9,-5.4,33,48,81,19,57,24,56,86,33,26,52,53
1993,CO,PIPO-M,37.4338,-108.2804,2467,3.1,3.5,10.2,12.4,17.7,22.3,26.5,23.5,20.5,14.2,5.1,2.2,-7.7,-7.7,-5.5,-3.6,2.5,4.6,7.6,8.7,3.5,0,-9.5,-12.4,-2.3,-2.1,2.3,4.4,10.1,13.5,17,16.1,12,7.1,-2.2,-5.1,83,60,47,23,31,9,6,116,25,49,74,15
1994,CO,PIPO-M,37.4338,-108.2804,2467,3.6,3.1,10.6,12.4,17.7,25.8,27,26.2,21.5,13.5,4.9,4,-12.4,-9.9,-4.4,-0.8,2.6,7.6,9.3,10.6,5.7,0.5,-7.2,-9.8,-4.4,-3.4,3.1,5.8,10.2,16.7,18.1,18.4,13.6,7,-1.2,-2.9,22,39,16,58,52,16,28,77,46,50,97,40
1995,CO,PIPO-M,37.4338,-108.2804,2467,2.2,8.9,9,11,14.7,21.4,25.1,25.4,21.2,15.7,10.6,4.2,-9.5,-6.3,-4.2,-2.1,1.2,4.9,7.9,9.9,5.8,-1.4,-5.1,-9.9,-3.6,1.3,2.4,4.5,7.9,13.2,16.5,17.6,13.5,7.2,2.8,-2.9,54,41,85,50,54,21,46,40,55,13,35,39
1996,CO,PIPO-M,37.4338,-108.2804,2467,3.7,6.5,9.8,14,20.6,24.3,27.2,25.8,19.3,13.5,6.9,4.5,-10.8,-8.2,-5.5,-1.8,3.5,6.8,10.4,9.4,4.9,0,-5,-9.3,-3.5,-0.9,2.2,6.1,12,15.6,18.8,17.6,12.1,6.8,0.9,-2.4,47,67,31,56,33,31,48,33,62,72,61,32
1997,CO,PIPO-M,37.4338,-108.2804,2467,3.4,4.9,10,9.7,18.5,23.5,25.4,24.1,20.7,14.8,7,2.3,-9.1,-9.5,-5.2,-5.1,1.8,5.4,7.7,8.3,6.2,-1.7,-7.3,-11.2,-2.8,-2.3,2.4,2.3,10.1,14.4,16.6,16.2,13.4,6.5,-0.1,-4.4,44,30,41,57,33,23,35,69,43,49,42,36
1998,CO,PIPO-M,37.4338,-108.2804,2467,6.1,4.4,7.6,10,18.4,22.7,26.3,26.1,23.2,14.5,8.3,3.9,-8,-8.7,-7.1,-4.6,1,3.3,9.1,8.8,6.4,-0.2,-6.2,-12.3,-1,-2.1,0.3,2.7,9.7,13,17.7,17.4,14.8,7.1,1.1,-4.2,33,42,77,41,31,21,94,43,69,64,40,38
1999,CO,PIPO-M,37.4338,-108.2804,2467,6.6,7.9,11.8,9.6,16.5,23.3,25.3,23.7,19.7,17.1,10.4,4.6,-8.3,-9.4,-5.4,-4.4,0.2,4.2,8.6,7.6,3.4,-1.3,-5.1,-11,-0.9,-0.7,3.2,2.6,8.3,13.8,16.9,15.7,11.6,7.9,2.7,-3.2,41,26,46,50,33,28,47,88,53,34,43,23
2000,CO,PIPO-M,37.4338,-108.2804,2467,6.6,7.7,7.8,15.3,21,24.6,27.7,26.5,22.6,14.3,3.2,4.7,-7.8,-6.8,-6.1,-1.1,3.3,6.1,8.9,9.6,4.9,0.5,-9.5,-9.9,-0.6,0.4,0.9,7.1,12.1,15.3,18.3,18.1,13.7,7.4,-3.1,-2.6,42,65,78,40,16,22,21,37,27,68,50,19
2001,CO,PIPO-M,37.4338,-108.2804,2467,3.4,5.8,8.9,13.4,20.6,25.9,26.4,25.1,24.1,16.9,9.6,3,-11,-8.5,-5,-1.7,2.7,6,9.6,8.6,5.8,0.5,-4.2,-10.6,-3.8,-1.4,2,5.9,11.6,16,18,16.8,14.9,8.7,2.7,-3.8,38,50,66,36,25,16,78,51,14,44,70,25
2002,CO,PIPO-M,37.4338,-108.2804,2467,4.1,5.2,8.3,16,18.3,27.1,28,26.1,20.4,14,7.1,4.4,-10.5,-12,-8.6,-1,2.7,6.8,9.8,7.8,5.2,-1,-6.9,-9,-3.2,-3.4,-0.1,7.5,10.5,16.9,18.9,17,12.8,6.5,0.1,-2.3,41,14,43,33,19,7,22,75,61,59,60,30
2003,CO,PIPO-M,37.4338,-108.2804,2467,8.6,4.4,8.4,12.8,18.7,24,29.9,26.4,21.7,18.5,6,4.3,-7.3,-8.4,-5.7,-2.4,3,5.9,11.4,9.7,4.1,1.4,-6.6,-9.2,0.6,-2,1.4,5.2,10.9,14.9,20.6,18,12.9,10,-0.3,-2.5,39,77,46,19,41,14,19,29,46,70,71,41
2004,CO,PIPO-M,37.4338,-108.2804,2467,1.6,2.2,12.5,12.2,19.5,24.3,26.6,24.8,20.2,14,5.9,3,-11.7,-10.8,-3.6,-2.1,2.6,5.7,8.5,7.5,4.4,0.5,-6,-10.3,-5,-4.3,4.5,5,11,15,17.5,16.1,12.3,7.3,0,-3.6,37,54,55,53,31,32,34,12,42,68,51,28
2005,CO,PIPO-M,37.4338,-108.2804,2467,3.6,5.8,7.4,12.6,18.8,22.7,27.1,24.5,21.8,15.1,9.3,4.6,-9,-6.8,-6.8,-3.4,1.3,4.4,10.4,8,5.5,1.1,-6,-10.1,-2.7,-0.5,0.3,4.6,10,13.6,18.8,16.2,13.7,8.1,1.6,-2.7,48,88,40,34,41,15,39,52,26,73,41,58
2006,CO,PIPO-M,37.4338,-108.2804,2467,6.3,7,7.6,14.6,19.4,26.2,27,24.2,18.4,12.8,8.8,2.4,-8.8,-10.2,-6.4,-1.6,4.3,7.3,9.5,7.7,2.3,-0.3,-6.1,-10.5,-1.3,-1.6,0.6,6.5,11.9,16.7,18.3,16,10.3,6.3,1.3,-4.1,38,44,64,32,24,26,80,80,74,89,44,24
2007,CO,PIPO-M,37.4338,-108.2804,2467,1.3,6,10.7,13,19.1,25.4,27.8,26.6,21.9,15.9,10.4,1.5,-13.2,-8.5,-5.1,-2.4,1,6.1,10.1,10.2,5.8,-0.3,-6.2,-11.3,-5.9,-1.2,2.8,5.3,10.1,15.7,19,18.4,13.9,7.8,2.1,-4.9,72,44,45,52,41,27,65,51,45,22,29,55
2008,CO,PIPO-M,37.4338,-108.2804,2467,1,3.8,8.3,12,16.6,24.2,26.9,25.6,22,16.2,9.5,2.8,-12.9,-9.6,-7.2,-4.4,0.1,5.5,9.3,8.8,4.5,-0.5,-6.2,-10.8,-6,-2.9,0.5,3.8,8.3,14.9,18.1,17.2,13.2,7.9,1.7,-4,51,48,25,36,29,24,21,72,20,81,57,68
2009,CO,PIPO-M,37.4338,-108.2804,2467,4,7.6,9.9,12,19.6,22.1,27.8,26.4,21.8,13.3,9.9,-0.7,-11.3,-7.8,-5.9,-3.4,3.5,5.2,9.4,7.8,4.8,-1.7,-6.5,-15.2,-3.7,-0.1,2,4.3,11.5,13.6,18.6,17.1,13.3,5.8,1.7,-7.9,49,40,33,36,25,37,16,26,38,50,50,31
2010,CO,PIPO-M,37.4338,-108.2804,2467,1.5,2.2,7,12.3,16.6,25,27,24.2,23.4,16,6.7,5,-11.5,-10.3,-6.8,-2.5,0.3,6.8,10.5,9.4,5.5,1.7,-7.8,-5.3,-5,-4.1,0.1,4.9,8.5,15.9,18.8,16.8,14.5,8.9,-0.6,-0.2,75,61,52,32,14,8,45,72,39,51,27,74
2011,CO,PIPO-M,37.4338,-108.2804,2467,1.8,3.1,9.9,12.3,15.5,24.7,27.2,27.4,21.7,14.8,7,3.1,-12.6,-11.1,-4.7,-2.5,0.5,5.8,10.4,10.4,6.2,0.3,-6.2,-10.4,-5.4,-4,2.6,4.9,8,15.3,18.8,18.9,13.9,7.6,0.4,-3.6,18,30,36,47,51,2,44,34,38,68,34,38
